awb,airline_prefix,serial,check_digit
12346482450,123,4648245,0
26961182496,269,6118249,6
76813287112,768,1328711,2
12971723042,129,7172304,2
10526528733,105,2652873,3
65118333944,651,1833394,4
87169590932,871,6959093,2
96449485750,964,4948575,0
25476045854,254,7604585,4
52508488643,525,0848864,3
82775973881,827,7597388,1
86894871763,868,9487176,3
35971750944,359,7175094,4
68387426761,683,8742676,1
87153297131,871,5329713,1
38245383426,382,4538342,6
60530321662,605,3032166,2
19962449391,199,6244939,1
68171437045,681,7143704,5
29071201266,290,7120126,6
53816378175,538,1637817,5
16095528335,160,9552833,5
54207572682,542,0757268,2
12023691636,120,2369163,6
91702538264,917,0253826,4
16196000561,161,9600056,1
48154606640,481,5460664,0
24742028985,247,4202898,5
98257598820,982,5759882,0
76976668343,769,7666834,3
36423621636,364,2362163,6
35646689285,356,4668928,5
94090654901,940,9065490,1
18603806772,186,0380677,2
32375701733,323,7570173,3
22419452954,224,1945295,4
40128933802,401,2893380,2
50094343123,500,9434312,3
61413618074,614,1361807,4
10934096652,109,3409665,2
47503996335,475,0399633,5
38469181700,384,6918170,0
55252065884,552,5206588,4
32396655251,323,9665525,1
92260074253,922,6007425,3
50142659790,501,4265979,0
36438699066,364,3869906,6
37568867463,375,6886746,3
47436134444,474,3613444,4
16411999111,164,1199911,1
62625983466,626,2598346,6
32517481081,325,1748108,1
47120626201,471,2062620,1
18655730992,186,5573099,2
72917987915,729,1798791,5
94707321306,947,0732130,6
66054639754,660,5463975,4
11363964344,113,6396434,4
42369538006,423,6953800,6
37856054335,378,5605433,5
96499634404,964,9963440,4
94278050455,942,7805045,5
60444164355,604,4416435,5
34247462015,342,4746201,5
39502808181,395,0280818,1
84626597144,846,2659714,4
67530671270,675,3067127,0
58731358680,587,3135868,0
66521456195,665,2145619,5
89589769786,895,8976978,6
14307239190,143,0723919,0
95188138710,951,8813871,0
46954066135,469,5406613,5
68932820871,689,3282087,1
42898589550,428,9858955,0
20819627696,208,1962769,6
27643343921,276,4334392,1
81900611756,819,0061175,6
84317092010,843,1709201,0
10811037180,108,1103718,0
53960742764,539,6074276,4
54180026264,541,8002626,4
58914714282,589,1471428,2
34142535620,341,4253562,0
73847177442,738,4717744,2
63280816104,632,8081610,4
90131031320,901,3103132,0
27058673695,270,5867369,5
28408131323,284,0813132,3
29816162305,298,1616230,5
29858316073,298,5831607,3
36152003392,361,5200339,2
36814922214,368,1492221,4
61912473295,619,1247329,5
48459753650,484,5975365,0
48028478146,480,2847814,6
98038903325,980,3890332,5
60030927203,600,3092720,3
22072890892,220,7289089,2
74096776075,740,9677607,5
43025159594,430,2515959,4
73798575926,737,9857592,6
68715044225,687,1504422,5
83299384723,832,9938472,3
48053730462,480,5373046,2
84199235053,841,9923505,3
74767927583,747,6792758,3
95459586701,954,5958670,1
68251321465,682,5132146,5
99378536860,993,7853686,0
67012985164,670,1298516,4
95159030656,951,5903065,6
59331899524,593,3189952,4
30884349751,308,8434975,1
26279024506,262,7902450,6
51774574625,517,7457462,5
58281347956,582,8134795,6
34625546234,346,2554623,4
74263016314,742,6301631,4
64585538452,645,8553845,2
47015753504,470,1575350,4
92399353936,923,9935393,6
43724724372,437,2472437,2
10220656310,102,2065631,0
94497291211,944,9729121,1
36761675706,367,6167570,6
99644054504,996,4405450,4
40511996933,405,1199693,3
78510937024,785,1093702,4
40085369435,400,8536943,5
77844989282,778,4498928,2
17177587480,171,7758748,0
21979554514,219,7955451,4
42053320403,420,5332040,3
61167313896,611,6731389,6
60581959311,605,8195931,1
12487010910,124,8701091,0
89670024394,896,7002439,4
74923609165,749,2360916,5
80575188133,805,7518813,3
29131056164,291,3105616,4
54119804676,541,1980467,6
45686730482,456,8673048,2
12343452684,123,4345268,4
82223012356,822,2301235,6
71585091162,715,8509116,2
75422975416,754,2297541,6
18139253471,181,3925347,1
62522469646,625,2246964,6
71964409176,719,6440917,6
73229359472,732,2935947,2
93242766635,932,4276663,5
41003233364,410,0323336,4
77270803613,772,7080361,3
32033668665,320,3366866,5
76119325906,761,1932590,6
63639046291,636,3904629,1
21963386340,219,6338634,0
26615006915,266,1500691,5
41394177891,413,9417789,1
74648029042,746,4802904,2
12892784026,128,9278402,6
65925395965,659,2539596,5
25451846035,254,5184603,5
80506423575,805,0642357,5
41639365224,416,3936522,4
63112048244,631,1204824,4
64029357226,640,2935722,6
14381899381,143,8189938,1
87617425814,876,1742581,4
46056816866,460,5681686,6
18881332820,188,8133282,0
71595248744,715,9524874,4
17275142210,172,7514221,0
62030457984,620,3045798,4
89095086401,890,9508640,1
11846311272,118,4631127,2
88094157245,880,9415724,5
49982540213,499,8254021,3
33456351090,334,5635109,0
17879052535,178,7905253,5
43619140462,436,1914046,2
75482419085,754,8241908,5
41620333183,416,2033318,3
56439365440,564,3936544,0
77318282523,773,1828252,3
84440471534,844,4047153,4
96293139401,962,9313940,1
93417088272,934,1708827,2
55177202685,551,7720268,5
87000430100,870,0043010,0
59445010213,594,4501021,3
18339767394,183,3976739,4
64278465630,642,7846563,0
50525956094,505,2595609,4
51239180410,512,3918041,0
41548548470,415,4854847,0
43073269150,430,7326915,0
70050571426,700,5057142,6
37274870366,372,7487036,6
96001685830,960,0168583,0
99363378252,993,6337825,2
67990763043,679,9076304,3
37632864251,376,3286425,1
19679171044,196,7917104,4
72635351116,726,3535111,6
17465877461,174,6587746,1
17978210835,179,7821083,5
67492898071,674,9289807,1
10951384664,109,5138466,4
52042258164,520,4225816,4
16592684284,165,9268428,4
83745634886,837,4563488,6
38631130562,386,3113056,2
19990728892,199,9072889,2
95507174936,955,0717493,6
10240224355,102,4022435,5
80919651612,809,1965161,2
98552213450,985,5221345,0
59635979623,596,3597962,3
45923797101,459,2379710,1
54054755162,540,5475516,2
99853053000,998,5305300,0
29234540551,292,3454055,1
65514108311,655,1410831,1
32908961244,329,0896124,4
48572605000,485,7260500,0
31340071265,313,4007126,5
16251304932,162,5130493,2
38508177474,385,0817747,4
40792176285,407,9217628,5
66307728156,663,0772815,6
94376222851,943,7622285,1
14475823082,144,7582308,2
87411265103,874,1126510,3
34731325151,347,3132515,1
60159093685,601,5909368,5
91667519952,916,6751995,2
18700938785,187,0093878,5
28464357000,284,6435700,0
92849430385,928,4943038,5
73732902726,737,3290272,6
82814202434,828,1420243,4
79130664066,791,3066406,6
62395786061,623,9578606,1
51015150311,510,1515031,1
46689976901,466,8997690,1
91094798333,910,9479833,3
84854707490,848,5470749,0
31553749945,315,5374994,5
55486151982,554,8615198,2
54961536672,549,6153667,2
47753274262,477,5327426,2
44218297966,442,1829796,6
11252563770,112,5256377,0
71136282384,711,3628238,4
10889628652,108,8962865,2
25664031666,256,6403166,6
14756957185,147,5695718,5
58897045463,588,9704546,3
90347276130,903,4727613,0
13002316660,130,0231666,0
24348153602,243,4815360,2
58768271634,587,6827163,4
11589427633,115,8942763,3
10591645406,105,9164540,6
14672932475,146,7293247,5
37299316053,372,9931605,3
84422998041,844,2299804,1
25762512446,257,6251244,6
60799860090,607,9986009,0
27476740946,274,7674094,6
17182891463,171,8289146,3
80948125825,809,4812582,5
54474114934,544,7411493,4
95057405480,950,5740548,0
90165382693,901,6538269,3
91611209281,916,1120928,1
38583453093,385,8345309,3
94213978624,942,1397862,4
99252618663,992,5261866,3
38375880460,383,7588046,0
38844949213,388,4494921,3
82649163135,826,4916313,5
29880116886,298,8011688,6
39605855242,396,0585524,2
85782633555,857,8263355,5
13543291846,135,4329184,6
73744765866,737,4476586,6
66343862205,663,4386220,5
41186187262,411,8618726,2
57458514736,574,5851473,6
29391753045,293,9175304,5
48749714733,487,4971473,3
63153450734,631,5345073,4
67924658903,679,2465890,3
78493214185,784,9321418,5
67100333533,671,0033353,3
56753919726,567,5391972,6
53800484785,538,0048478,5
43938507142,439,3850714,2
48732029094,487,3202909,4
93112911605,931,1291160,5
56722499084,567,2249908,4
44899417020,448,9941702,0
71217823133,712,1782313,3
69895906876,698,9590687,6
86160485313,861,6048531,3
55980096616,559,8009661,6
76698144693,766,9814469,3
96145749961,961,4574996,1
11501375533,115,0137553,3
87010496296,870,1049629,6
49411160014,494,1116001,4
41369223792,413,6922379,2
94053148782,940,5314878,2
39336266980,393,3626698,0
70717825386,707,1782538,6
74013881242,740,1388124,2
85822809892,858,2280989,2
46145043622,461,4504362,2
69608946964,696,0894696,4
14964617962,149,6461796,2
66670060796,666,7006079,6
31865293130,318,6529313,0
23015628242,230,1562824,2
59050609012,590,5060901,2
64852237944,648,5223794,4
39185281390,391,8528139,0
90554195905,905,5419590,5
98401305574,984,0130557,4
47302074573,473,0207457,3
86447495096,864,4749509,6
89630926856,896,3092685,6
64411631082,644,1163108,2
75412511312,754,1251131,2
56466747432,564,6674743,2
20773622394,207,7362239,4
86105024216,861,0502421,6
85551853690,855,5185369,0
73898254462,738,9825446,2
70361241844,703,6124184,4
22042941722,220,4294172,2
20342604712,203,4260471,2
48044163811,480,4416381,1
46764074850,467,6407485,0
73056099362,730,5609936,2
14192245456,141,9224545,6
31865418944,318,6541894,4
75293718335,752,9371833,5
37456592004,374,5659200,4
21371929772,213,7192977,2
87416188254,874,1618825,4
63137374772,631,3737477,2
55513899323,555,1389932,3
99805261956,998,0526195,6
53491911201,534,9191120,1
47751815970,477,5181597,0
81712548872,817,1254887,2
40130567115,401,3056711,5
36667772120,366,6777212,0
65095489136,650,9548913,6
30553923273,305,5392327,3
38257251985,382,5725198,5
22638394684,226,3839468,4
64060738443,640,6073844,3
86741252952,867,4125295,2
61235354922,612,3535492,2
64234518360,642,3451836,0
38659940386,386,5994038,6
36488721332,364,8872133,2
86209999784,862,0999978,4
47096181972,470,9618197,2
60212008046,602,1200804,6
26315749083,263,1574908,3
82114821650,821,1482165,0
51769698770,517,6969877,0
75988008945,759,8800894,5
68484835173,684,8483517,3
96771273243,967,7127324,3
18702610910,187,0261091,0
70699472416,706,9947241,6
81689225833,816,8922583,3
36289542214,362,8954221,4
42487836671,424,8783667,1
21964971145,219,6497114,5
73130739022,731,3073902,2
84838807151,848,3880715,1
51644027223,516,4402722,3
38725278894,387,2527889,4
46485308664,464,8530866,4
43008204173,430,0820417,3
78917557302,789,1755730,2
21104412702,211,0441270,2
33391050860,333,9105086,0
38911588233,389,1158823,3
85366161261,853,6616126,1
35572353102,355,7235310,2
32453814812,324,5381481,2
96956309176,969,5630917,6
39784117183,397,8411718,3
82368707234,823,6870723,4
18291846123,182,9184612,3
57014035282,570,1403528,2
72767127560,727,6712756,0
75896483054,758,9648305,4
35520123192,355,2012319,2
17249895643,172,4989564,3
92216390936,922,1639093,6
56109024274,561,0902427,4
55334543043,553,3454304,3
50437471533,504,3747153,3
40374084372,403,7408437,2
25679566094,256,7956609,4
69818047765,698,1804776,5
16482411155,164,8241115,5
32351289520,323,5128952,0
26269843201,262,6984320,1
30767895820,307,6789582,0
61881942802,618,8194280,2
94253446516,942,5344651,6
62497785210,624,9778521,0
63090695945,630,9069594,5
24207303590,242,0730359,0
36831858305,368,3185830,5
45581311952,455,8131195,2
71267347954,712,6734795,4
29804850471,298,0485047,1
55243854436,552,4385443,6
42389821012,423,8982101,2
46107804145,461,0780414,5
71865969873,718,6596987,3
92850736026,928,5073602,6
80262710484,802,6271048,4
81574449380,815,7444938,0
64881314250,648,8131425,0
48588575796,485,8857579,6
58910071312,589,1007131,2
42066955782,420,6695578,2
47354365600,473,5436560,0
30152673985,301,5267398,5
58703832373,587,0383237,3
91541573894,915,4157389,4
27142714836,271,4271483,6
22134139100,221,3413910,0
29918597620,299,1859762,0
54531667131,545,3166713,1
79039126241,790,3912624,1
93917080292,939,1708029,2
18457147334,184,5714733,4
22948965972,229,4896597,2
37881812246,378,8181224,6
81068872301,810,6887230,1
33809795561,338,0979556,1
23800050551,238,0005055,1
49156627743,491,5662774,3
98524331091,985,2433109,1
43616418603,436,1641860,3
76202164495,762,0216449,5
20038291294,200,3829129,4
98132997870,981,3299787,0
37483067545,374,8306754,5
87482348725,874,8234872,5
17912625551,179,1262555,1
37664713810,376,6471381,0
73767822590,737,6782259,0
69950199133,699,5019913,3
78591208733,785,9120873,3
37326445471,373,2644547,1
18005843943,180,0584394,3
55106443940,551,0644394,0
87775596356,877,7559635,6
86134117583,861,3411758,3
85457728365,854,5772836,5
52158897012,521,5889701,2
55761566292,557,6156629,2
26863586014,268,6358601,4
52424860255,524,2486025,5
52175045986,521,7504598,6
38260820025,382,6082002,5
21684415150,216,8441515,0
28594478192,285,9447819,2
38693307615,386,9330761,5
24562421192,245,6242119,2
64486527491,644,8652749,1
17243492745,172,4349274,5
65492673001,654,9267300,1
16599061646,165,9906164,6
81592439012,815,9243901,2
91195778802,911,9577880,2
50616631144,506,1663114,4
81377608291,813,7760829,1
87737216693,877,3721669,3
46388568230,463,8856823,0
96392516883,963,9251688,3
49241701030,492,4170103,0
29114426425,291,1442642,5
40774430961,407,7443096,1
44182382774,441,8238277,4
60473264213,604,7326421,3
57380651864,573,8065186,4
12758871411,127,5887141,1
22999962852,229,9996285,2
19416681285,194,1668128,5
43536151902,435,3615190,2
52860550950,528,6055095,0
45134107640,451,3410764,0
44106404904,441,0640490,4
80328485726,803,2848572,6
39372226625,393,7222662,5
97307548415,973,0754841,5
17248909864,172,4890986,4
68889767193,688,8976719,3
75896847053,758,9684705,3
28514569615,285,1456961,5
47671828831,476,7182883,1
74576356836,745,7635683,6
28985559224,289,8555922,4
17614533760,176,1453376,0
59435467965,594,3546796,5
97219980306,972,1998030,6
29598880764,295,9888076,4
92266094194,922,6609419,4
58017958906,580,1795890,6
31310449671,313,1044967,1
33315881640,333,1588164,0
37185289166,371,8528916,6
48465030530,484,6503053,0
60328011141,603,2801114,1
54418869181,544,1886918,1
45404048090,454,0404809,0
20671131721,206,7113172,1
28784508712,287,8450871,2
51942059925,519,4205992,5
47341094693,473,4109469,3
60695335690,606,9533569,0
80630179806,806,3017980,6
43523057910,435,2305791,0
79601729091,796,0172909,1
18286311645,182,8631164,5
90493142116,904,9314211,6
67002479182,670,0247918,2
27123148306,271,2314830,6
17706400392,177,0640039,2
75952825910,759,5282591,0
97581197703,975,8119770,3
56069372786,560,6937278,6
30472438042,304,7243804,2
86999123134,869,9912313,4
39547739222,395,4773922,2
39695178250,396,9517825,0
81373127134,813,7312713,4
40388787205,403,8878720,5
66002221825,660,0222182,5
42672905220,426,7290522,0
99947883462,999,4788346,2
87128169340,871,2816934,0
87931492123,879,3149212,3
96150746115,961,5074611,5
71555417565,715,5541756,5
15175950875,151,7595087,5
25214553286,252,1455328,6
18568866914,185,6886691,4
43432750161,434,3275016,1
52138789175,521,3878917,5
26551344226,265,5134422,6
78269607873,782,6960787,3
57187108443,571,8710844,3
25555704240,255,5570424,0
49282012475,492,8201247,5
16919559610,169,1955961,0
80882449956,808,8244995,6
13436110782,134,3611078,2
18725430735,187,2543073,5
44450602000,444,5060200,0
10209964585,102,0996458,5
32723831951,327,2383195,1
24569253673,245,6925367,3
47270620141,472,7062014,1
21631510694,216,3151069,4
91385879356,913,8587935,6
74671875602,746,7187560,2
95596076432,955,9607643,2
25767714330,257,6771433,0
87392865942,873,9286594,2
20084319985,200,8431998,5
71037747606,710,3774760,6
68134331830,681,3433183,0
35901744493,359,0174449,3
39559356084,395,5935608,4
95892421825,958,9242182,5
45525468004,455,2546800,4
30330623974,303,3062397,4
88908081760,889,0808176,0
75494221326,754,9422132,6
47652438565,476,5243856,5
73822294286,738,2229428,6
32741919850,327,4191985,0
50120616510,501,2061651,0
91389571650,913,8957165,0
78562523151,785,6252315,1
72977957901,729,7795790,1
67601539791,676,0153979,1
81860329530,818,6032953,0
58026953192,580,2695319,2
52332033726,523,3203372,6
97951517250,979,5151725,0
34738338473,347,3833847,3
28560460580,285,6046058,0
41940654112,419,4065411,2
61517421505,615,1742150,5
47021344993,470,2134499,3
19861355172,198,6135517,2
35058453586,350,5845358,6
78590122183,785,9012218,3
60749614365,607,4961436,5
85320658613,853,2065861,3
80299388411,802,9938841,1
15878562576,158,7856257,6
71267370902,712,6737090,2
47849287434,478,4928743,4
23181527740,231,8152774,0
59020925772,590,2092577,2
76825839243,768,2583924,3
58728895636,587,2889563,6
35003123422,350,0312342,2
62562154853,625,6215485,3
17494436760,174,9443676,0
61026719464,610,2671946,4
24814438146,248,1443814,6
59424357703,594,2435770,3
95287475322,952,8747532,2
78098225544,780,9822554,4
51671027193,516,7102719,3
67157679566,671,5767956,6
16051457904,160,5145790,4
53544144944,535,4414494,4
74560264651,745,6026465,1
17780946294,177,8094629,4
37024028532,370,2402853,2
76444464894,764,4446489,4
44286683130,442,8668313,0
77644159936,776,4415993,6
87646149641,876,4614964,1
44613248875,446,1324887,5
18722612465,187,2261246,5
68015647572,680,1564757,2
46796914566,467,9691456,6
37492312684,374,9231268,4
84764751070,847,6475107,0
59056659340,590,5665934,0
29885360103,298,8536010,3
81371202565,813,7120256,5
11953697760,119,5369776,0
99570816235,995,7081623,5
61246487432,612,4648743,2
33449487080,334,4948708,0
84400409990,844,0040999,0
21155042614,211,5504261,4
39033048155,390,3304815,5
67874538674,678,7453867,4
66294242240,662,9424224,0
72344750891,723,4475089,1
34908930205,349,0893020,5
79535173223,795,3517322,3
93281571753,932,8157175,3
50381559651,503,8155965,1
58403013015,584,0301301,5
88458291152,884,5829115,2
57831036873,578,3103687,3
72384639496,723,8463949,6
67402092016,674,0209201,6
24939492466,249,3949246,6
37140779842,371,4077984,2
94491069991,944,9106999,1
17961850714,179,6185071,4
22256931083,222,5693108,3
39530316476,395,3031647,6
91595875633,915,9587563,3
95287783894,952,8778389,4
56355252320,563,5525232,0
84117059632,841,1705963,2
66505560472,665,0556047,2
59869293195,598,6929319,5
47293292551,472,9329255,1
75984814223,759,8481422,3
34880857961,348,8085796,1
35630460605,356,3046060,5
87118234146,871,1823414,6
82465962173,824,6596217,3
87596656231,875,9665623,1
98828564406,988,2856440,6
86469395341,864,6939534,1
80255112521,802,5511252,1
93635977874,936,3597787,4
10701655050,107,0165505,0
23977245835,239,7724583,5
78683031656,786,8303165,6
78298319171,782,9831917,1
71824614972,718,2461497,2
59024065454,590,2406545,4
12455960710,124,5596071,0
87594172026,875,9417202,6
73475067755,734,7506775,5
89772583063,897,7258306,3
71129997351,711,2999735,1
98699478606,986,9947860,6
71648618621,716,4861862,1
88738851806,887,3885180,6
88632737716,886,3273771,6
81721116230,817,2111623,0
44039465782,440,3946578,2
63888088636,638,8808863,6
87563718982,875,6371898,2
48478334803,484,7833480,3
31389285732,313,8928573,2
80943173742,809,4317374,2
53422973233,534,2297323,3
18015307763,180,1530776,3
67231095005,672,3109500,5
37759030395,377,5903039,5
74711999790,747,1199979,0
75243617061,752,4361706,1
28042853456,280,4285345,6
64399529390,643,9952939,0
63333715856,633,3371585,6
87201971640,872,0197164,0
13388444113,133,8844411,3
99376729414,993,7672941,4
70436748946,704,3674894,6
27063609315,270,6360931,5
51959197012,519,5919701,2
31871758054,318,7175805,4
78417999756,784,1799975,6
97949225261,979,4922526,1
52309177541,523,0917754,1
15127354022,151,2735402,2
86114563852,861,1456385,2
10938958954,109,3895895,4
13639107681,136,3910768,1
28655185315,286,5518531,5
61745263623,617,4526362,3
36923720523,369,2372052,3
12819948242,128,1994824,2
96217379582,962,1737958,2
33809883971,338,0988397,1
16919464236,169,1946423,6
83424413572,834,2441357,2
11539334483,115,3933448,3
97706120201,977,0612020,1
59063605196,590,6360519,6
57088510212,570,8851021,2
52778072610,527,7807261,0
10347210964,103,4721096,4
63968837951,639,6883795,1
59352840574,593,5284057,4
16815707440,168,1570744,0
30772753590,307,7275359,0
28736917102,287,3691710,2
71405864430,714,0586443,0
19081779201,190,8177920,1
52105611471,521,0561147,1
25284355406,252,8435540,6
28787924716,287,8792471,6
67207422890,672,0742289,0
37743308945,377,4330894,5
90024670670,900,2467067,0
98344491115,983,4449111,5
85385321365,853,8532136,5
59790712224,597,9071222,4
99752393926,997,5239392,6
54659078163,546,5907816,3
73485529103,734,8552910,3
84318551431,843,1855143,1
39795226536,397,9522653,6
28226234653,282,2623465,3
88605494133,886,0549413,3
48985551393,489,8555139,3
56337099235,563,3709923,5
15704769636,157,0476963,6
94245790803,942,4579080,3
94148142926,941,4814292,6
27576349563,275,7634956,3
20976432312,209,7643231,2
20433538243,204,3353824,3
88410648950,884,1064895,0
50078583801,500,7858380,1
73401934435,734,0193443,5
69699163174,696,9916317,4
72819513644,728,1951364,4
44311713004,443,1171300,4
25876325922,258,7632592,2
77342099411,773,4209941,1
84959388290,849,5938829,0
83864012626,838,6401262,6
38730462105,387,3046210,5
68868569683,688,6856968,3
21174065610,211,7406561,0
99471193686,994,7119368,6
23942752664,239,4275266,4
36474608286,364,7460828,6
37300896792,373,0089679,2
40108001443,401,0800144,3
50475983361,504,7598336,1
43451048634,434,5104863,4
66658587291,666,5858729,1
64740200096,647,4020009,6
91270137132,912,7013713,2
54735185222,547,3518522,2
16647254646,166,4725464,6
29861064806,298,6106480,6
28008594674,280,0859467,4
11137545533,111,3754553,3
40311634801,403,1163480,1
51939860033,519,3986003,3
69913641801,699,1364180,1
23010930475,230,1093047,5
40434166480,404,3416648,0
32561073153,325,6107315,3
24170408691,241,7040869,1
62412637931,624,1263793,1
85256161152,852,5616115,2
62881592815,628,8159281,5
56329140856,563,2914085,6
35397798321,353,9779832,1
40543755405,405,4375540,5
61465127754,614,6512775,4
37966133695,379,6613369,5
89428951742,894,2895174,2
77515533494,775,1553349,4
81978142263,819,7814226,3
10995234322,109,9523432,2
47267034983,472,6703498,3
11546343991,115,4634399,1
69177775685,691,7777568,5
50828206996,508,2820699,6
56125939652,561,2593965,2
15379151753,153,7915175,3
48348095064,483,4809506,4
84606068292,846,0606829,2
23817695443,238,1769544,3
70882718893,708,8271889,3
47583294961,475,8329496,1
16224065840,162,2406584,0
73985306833,739,8530683,3
61757793615,617,5779361,5
73199842423,731,9984242,3
59582920151,595,8292015,1
70125085052,701,2508505,2
42143225716,421,4322571,6
46796237332,467,9623733,2
39897553644,398,9755364,4
40906456682,409,0645668,2
52726015594,527,2601559,4
29839019242,298,3901924,2
32933622543,329,3362254,3
60562009264,605,6200926,4
14631526915,146,3152691,5
66745845891,667,4584589,1
36375893604,363,7589360,4
55451352616,554,5135261,6
49465481956,494,6548195,6
17149884322,171,4988432,2
52483362651,524,8336265,1
51377315406,513,7731540,6
31820340130,318,2034013,0
25550965575,255,5096557,5
94321069204,943,2106920,4
12848108525,128,4810852,5
47824460156,478,2446015,6
43759790344,437,5979034,4
67978715376,679,7871537,6
21709585934,217,0958593,4
21511843575,215,1184357,5
25158402230,251,5840223,0
62511512374,625,1151237,4
89839886516,898,3988651,6
62154076543,621,5407654,3
52633270692,526,3327069,2
19624814390,196,2481439,0
32326284065,323,2628406,5
13516493063,135,1649306,3
95181093266,951,8109326,6
42481444986,424,8144498,6
45005010950,450,0501095,0
69919879423,699,1987942,3
34593252142,345,9325214,2
27118111391,271,1811139,1
77592827894,775,9282789,4
73602746465,736,0274646,5
18157407071,181,5740707,1
28123649893,281,2364989,3
25044597834,250,4459783,4
62545479675,625,4547967,5
61460504044,614,6050404,4
57856729875,578,5672987,5
51718250732,517,1825073,2
32680995452,326,8099545,2
39046616826,390,4661682,6
50400754723,504,0075472,3
73619465763,736,1946576,3
17928443966,179,2844396,6
27310707766,273,1070776,6
63602437750,636,0243775,0
31708047752,317,0804775,2
20558974101,205,5897410,1
86141104080,861,4110408,0
59408592831,594,0859283,1
25854144262,258,5414426,2
49282454835,492,8245483,5
61401476843,614,0147684,3
90077537600,900,7753760,0
87389538713,873,8953871,3
51196322653,511,9632265,3
42973512526,429,7351252,6
51382988692,513,8298869,2
90747102932,907,4710293,2
52877781213,528,7778121,3
11516914421,115,1691442,1
95408545554,954,0854555,4
91058283023,910,5828302,3
64433449421,644,3344942,1
36157738073,361,5773807,3
76163488666,761,6348866,6
97282651181,972,8265118,1
58580042771,585,8004277,1
50021143010,500,2114301,0
73136477884,731,3647788,4
25670638081,256,7063808,1
92448997336,924,4899733,6
81112653311,811,1265331,1
99401855213,994,0185521,3
54655552394,546,5555239,4
19666532193,196,6653219,3
41181709424,411,8170942,4
19056249106,190,5624910,6
24809358075,248,0935807,5
27004248982,270,0424898,2
96302753520,963,0275352,0
42562223792,425,6222379,2
31675816595,316,7581659,5
50816363660,508,1636366,0
35373812746,353,7381274,6
98064623941,980,6462394,1
37606338283,376,0633828,3
14717245546,147,1724554,6
48161152600,481,6115260,0
92840785435,928,4078543,5
56902798911,569,0279891,1
43707059142,437,0705914,2
33398523250,333,9852325,0
65490647151,654,9064715,1
64295123863,642,9512386,3
63913914723,639,1391472,3
52889512110,528,8951211,0
75303435202,753,0343520,2
79370661782,793,7066178,2
34762956232,347,6295623,2
25556193195,255,5619319,5
24532967255,245,3296725,5
51619556073,516,1955607,3
11501567376,115,0156737,6
20997745132,209,9774513,2
59554131623,595,5413162,3
30559190053,305,5919005,3
35412675766,354,1267576,6
35867259880,358,6725988,0
48915972115,489,1597211,5
12807727483,128,0772748,3
59364002492,593,6400249,2
94661913082,946,6191308,2
36836778964,368,3677896,4
65901668935,659,0166893,5
17337748711,173,3774871,1
22105830276,221,0583027,6
18574205402,185,7420540,2
20510723846,205,1072384,6
53236859976,532,3685997,6
24194769046,241,9476904,6
13770411883,137,7041188,3
86728441900,867,2844190,0
31810391945,318,1039194,5
93515219324,935,1521932,4
35107662335,351,0766233,5
83693459773,836,9345977,3
30321085690,303,2108569,0
48040303006,480,4030300,6
91705763911,917,0576391,1
44112104400,441,1210440,0
60753188196,607,5318819,6
19758712613,197,5871261,3
76111426260,761,1142626,0
85060721685,850,6072168,5
13923952792,139,2395279,2
47534097313,475,3409731,3
12431697571,124,3169757,1
38544381715,385,4438171,5
26440284846,264,4028484,6
67837581571,678,3758157,1
58633402410,586,3340241,0
55435025216,554,3502521,6
35521393736,355,2139373,6
83696682585,836,9668258,5
50608251980,506,0825198,0
22538640504,225,3864050,4
17706711424,177,0671142,4
54661782171,546,6178217,1
21642187356,216,4218735,6
82397198651,823,9719865,1
32556188963,325,5618896,3
65448266554,654,4826655,4
52354042092,523,5404209,2
50984030851,509,8403085,1
38380569445,383,8056944,5
66393982093,663,9398209,3
68615032636,686,1503263,6
47150751301,471,5075130,1
74935302303,749,3530230,3
22518145854,225,1814585,4
21812327936,218,1232793,6
51183622831,511,8362283,1
85422631236,854,2263123,6
80814758072,808,1475807,2
58120146015,581,2014601,5
24478156330,244,7815633,0
57193313805,571,9331380,5
66732933621,667,3293362,1
67352007324,673,5200732,4
75440597822,754,4059782,2
72338472475,723,3847247,5
58866890145,588,6689014,5
31043040106,310,4304010,6
28042046776,280,4204677,6
55569238350,555,6923835,0
48225882650,482,2588265,0
56894248641,568,9424864,1
35826932590,358,2693259,0
39745149123,397,4514912,3
15284215624,152,8421562,4
61008609503,610,0860950,3
68268695225,682,6869522,5
63851440782,638,5144078,2
99996891502,999,9689150,2
13755666601,137,5566660,1
22868793765,228,6879376,5
14660152056,146,6015205,6
80833278581,808,3327858,1
14429133571,144,2913357,1
11462672584,114,6267258,4
69598975383,695,9897538,3
22117515832,221,1751583,2
72025811591,720,2581159,1
54649060416,546,4906041,6
14725376532,147,2537653,2
35973783902,359,7378390,2
16422896794,164,2289679,4
84496721055,844,9672105,5
96282966551,962,8296655,1
49716320850,497,1632085,0
25911063282,259,1106328,2
46967974416,469,6797441,6
61373542796,613,7354279,6
41341355306,413,4135530,6
15469371492,154,6937149,2
29200772766,292,0077276,6
87589694276,875,8969427,6
45084156190,450,8415619,0
76365725270,763,6572527,0
52845829446,528,4582944,6
67256345741,672,5634574,1
94680959074,946,8095907,4
55412597615,554,1259761,5
59847036095,598,4703609,5
77830816214,778,3081621,4
29777741073,297,7774107,3
95430161493,954,3016149,3
59858674071,598,5867407,1
76733736501,767,3373650,1
36453064350,364,5306435,0
66254542794,662,5454279,4
16806051610,168,0605161,0
81930807424,819,3080742,4
37744023432,377,4402343,2
53065537424,530,6553742,4
27291931130,272,9193113,0
55006677862,550,0667786,2
75635244254,756,3524425,4
41926421842,419,2642184,2
54323103594,543,2310359,4
61456499101,614,5649910,1
40292185945,402,9218594,5
82252755241,822,5275524,1
33016666156,330,1666615,6
37555965484,375,5596548,4
21171997373,211,7199737,3
90864348922,908,6434892,2
26358014005,263,5801400,5
90949583283,909,4958328,3
47962485723,479,6248572,3
38652957211,386,5295721,1
54501184474,545,0118447,4
97766126153,977,6612615,3
56419164882,564,1916488,2
59480803125,594,8080312,5
89269397512,892,6939751,2
94633117753,946,3311775,3
88202481643,882,0248164,3
42613104400,426,1310440,0
86236710121,862,3671012,1
10585227134,105,8522713,4
42790334954,427,9033495,4
95444741832,954,4474183,2
72361620471,723,6162047,1
53072558061,530,7255806,1
90247665661,902,4766566,1
46668318775,466,6831877,5
94790831872,947,9083187,2
25417875980,254,1787598,0
97024705452,970,2470545,2
75053979364,750,5397936,4
26115941930,261,1594193,0
98102534854,981,0253485,4
97060802222,970,6080222,2
32403922822,324,0392282,2
76942241535,769,4224153,5
33326138685,333,2613868,5
32949792560,329,4979256,0
19505434570,195,0543457,0
87713974596,877,1397459,6
47073091173,470,7309117,3
38462830855,384,6283085,5
75735044141,757,3504414,1
62739889725,627,3988972,5
83145046570,831,4504657,0
30302489930,303,0248993,0
80783857323,807,8385732,3
25283519573,252,8351957,3
58148165836,581,4816583,6
98857540500,988,5754050,0
44987979331,449,8797933,1
59598263156,595,9826315,6
62424105712,624,2410571,2
73953262860,739,5326286,0
15283644346,152,8364434,6
55757985935,557,5798593,5
29712360065,297,1236006,5
50462320802,504,6232080,2
17117197516,171,1719751,6
22835292705,228,3529270,5
88652176103,886,5217610,3
93841617214,938,4161721,4
20883282142,208,8328214,2
41726769092,417,2676909,2
61989047513,619,8904751,3
53026093044,530,2609304,4
15565094484,155,6509448,4
93281964243,932,8196424,3
66773753784,667,7375378,4
95312332000,953,1233200,0
33334115205,333,3411520,5
59174731552,591,7473155,2
83734532645,837,3453264,5
77034989794,770,3498979,4
86825642090,868,2564209,0
72831889891,728,3188989,1
42182094963,421,8209496,3
91679074453,916,7907445,3
48760492711,487,6049271,1
48973675976,489,7367597,6
55234253392,552,3425339,2
55822579523,558,2257952,3
93792677272,937,9267727,2
52995280274,529,9528027,4
53546715411,535,4671541,1
47751291442,477,5129144,2
71688162392,716,8816239,2
55358296494,553,5829649,4
33377415405,333,7741540,5
84554387513,845,5438751,3
10997608832,109,9760883,2
14782621345,147,8262134,5
83260334946,832,6033494,6
72242308933,722,4230893,3
10239700380,102,3970038,0
59254370585,592,5437058,5
85113031006,851,1303100,6
23432895695,234,3289569,5
25120054054,251,2005405,4
24456769771,244,5676977,1
18233340462,182,3334046,2
51405742264,514,0574226,4
98599414895,985,9941489,5
21538046403,215,3804640,3
93677439710,936,7743971,0
75973939645,759,7393964,5
58184717445,581,8471744,5
87673069641,876,7306964,1
55783468363,557,8346836,3
18288345106,182,8834510,6
36527087115,365,2708711,5
42762193620,427,6219362,0
85749390800,857,4939080,0
61671563755,616,7156375,5
28004250134,280,0425013,4
17169326175,171,6932617,5
20504954824,205,0495482,4
85754318496,857,5431849,6
55636927961,556,3692796,1
16416237662,164,1623766,2
50045325902,500,4532590,2
67382150903,673,8215090,3
47568358551,475,6835855,1
27151643231,271,5164323,1
14267938436,142,6793843,6
46076744924,460,7674492,4
54621393422,546,2139342,2
36699060153,366,9906015,3
63136178656,631,3617865,6
58804774254,588,0477425,4
24415415886,244,1541588,6
96713771245,967,1377124,5
41369776386,413,6977638,6
98923048113,989,2304811,3
50548586815,505,4858681,5
35736537383,357,3653738,3
42816067550,428,1606755,0
81212230890,812,1223089,0
99811145250,998,1114525,0
17310537642,173,1053764,2
36903677941,369,0367794,1
90402491284,904,0249128,4
66463546756,664,6354675,6
50447754255,504,4775425,5
74837814971,748,3781497,1
93039518662,930,3951866,2
31538809056,315,3880905,6
35246783041,352,4678304,1
59793936220,597,9393622,0
94348891756,943,4889175,6
26175239782,261,7523978,2
23205404751,232,0540475,1
75045801281,750,4580128,1
29299919512,292,9991951,2
63162808561,631,6280856,1
56692426932,566,9242693,2
38915324864,389,1532486,4
71059098336,710,5909833,6
58318967224,583,1896722,4
90339921303,903,3992130,3
28582753305,285,8275330,5
91060051861,910,6005186,1
78998477593,789,9847759,3
14251302231,142,5130223,1
28490805525,284,9080552,5
66526047440,665,2604744,0
46430940293,464,3094029,3
83674113515,836,7411351,5
84676308596,846,7630859,6
58125664331,581,2566433,1
70238490532,702,3849053,2
31171230884,311,7123088,4
56955609161,569,5560916,1
15125776775,151,2577677,5
42302049940,423,0204994,0
67224736896,672,2473689,6
81007180903,810,0718090,3
55327374385,553,2737438,5
88552014974,885,5201497,4
28367475560,283,6747556,0
40221958174,402,2195817,4
85414461164,854,1446116,4
33593294895,335,9329489,5
74882564583,748,8256458,3
89751307424,897,5130742,4
79004463612,790,0446361,2
30158320895,301,5832089,5
85492298923,854,9229892,3
79814458576,798,1445857,6
84363790175,843,6379017,5
75851572320,758,5157232,0
97759513106,977,5951310,6
84193819832,841,9381983,2
91241109716,912,4110971,6
68815714001,688,1571400,1
22056278964,220,5627896,4
96761059683,967,6105968,3
99890218295,998,9021829,5
33164830383,331,6483038,3
58421737756,584,2173775,6
90654137986,906,5413798,6
68091852565,680,9185256,5
79582642350,795,8264235,0
16707805813,167,0780581,3
26732183705,267,3218370,5
56024982512,560,2498251,2
86022748245,860,2274824,5
50677988873,506,7798887,3
89031691484,890,3169148,4
72425591985,724,2559198,5
53037363103,530,3736310,3
12483747604,124,8374760,4
45722260043,457,2226004,3
57778423915,577,7842391,5
82056446790,820,5644679,0
79128037665,791,2803766,5
54821343466,548,2134346,6
25702623391,257,0262339,1
10388845046,103,8884504,6
54247169946,542,4716994,6
79135512791,791,3551279,1
84506417965,845,0641796,5
65251697966,652,5169796,6
98442087693,984,4208769,3
75199048593,751,9904859,3
58889864311,588,8986431,1
82017288526,820,1728852,6
24815953862,248,1595386,2
84438870295,844,3887029,5
24886711996,248,8671199,6
28071804200,280,7180420,0
25602310623,256,0231062,3
15239976414,152,3997641,4
80739570432,807,3957043,2
93827440903,938,2744090,3
75847438631,758,4743863,1
25602441565,256,0244156,5
93762657170,937,6265717,0
83242217384,832,4221738,4
97073764016,970,7376401,6
24060795212,240,6079521,2
30943262705,309,4326270,5
66537130296,665,3713029,6
65334908511,653,3490851,1
92713424321,927,1342432,1
14329681183,143,2968118,3
60562491055,605,6249105,5
11365617746,113,6561774,6
69778228871,697,7822887,1
17681319534,176,8131953,4
18977857003,189,7785700,3
87245291755,872,4529175,5
70932908576,709,3290857,6
17530715571,175,3071557,1
31076672635,310,7667263,5
18291592270,182,9159227,0
40045389094,400,4538909,4
21956246540,219,5624654,0
52552966224,525,5296622,4
62810264085,628,1026408,5
59836121676,598,3612167,6
66817782384,668,1778238,4
16075568804,160,7556880,4
20316454176,203,1645417,6
77454137166,774,5413716,6
98486290391,984,8629039,1
23161317145,231,6131714,5
85762557250,857,6255725,0
56463624403,564,6362440,3
98521091441,985,2109144,1
88305330871,883,0533087,1
15527805890,155,2780589,0
61315883703,613,1588370,3
44715592571,447,1559257,1
24274855863,242,7485586,3
85833239140,858,3323914,0
41326763676,413,2676367,6
84417923815,844,1792381,5
14529963475,145,2996347,5
67973839385,679,7383938,5
31313655420,313,1365542,0
55122587726,551,2258772,6
64365699592,643,6569959,2
48003463375,480,0346337,5
90837186670,908,3718667,0
57486275631,574,8627563,1
58690864921,586,9086492,1
29643225870,296,4322587,0
32904341082,329,0434108,2
94130688342,941,3068834,2
15640350005,156,4035000,5
81405712896,814,0571289,6
25194193254,251,9419325,4
90120689412,901,2068941,2
26424853073,264,2485307,3
44207055322,442,0705532,2
63756701623,637,5670162,3
69490917871,694,9091787,1
63725419522,637,2541952,2
74470333653,744,7033365,3
17794950824,177,9495082,4
44512918145,445,1291814,5
74926023413,749,2602341,3
81872821500,818,7282150,0
47192145752,471,9214575,2
48115373135,481,1537313,5
11065149854,110,6514985,4
58334555783,583,3455578,3
67878067151,678,7806715,1
10813458113,108,1345811,3
44001907643,440,0190764,3
60934075412,609,3407541,2
70924667535,709,2466753,5
81972578450,819,7257845,0
34754970984,347,5497098,4
68390345381,683,9034538,1
87909743414,879,0974341,4
21438831616,214,3883161,6
67348436733,673,4843673,3
87499408731,874,9940873,1
23743525560,237,4352556,0
18581637296,185,8163729,6
23039597095,230,3959709,5
94441599310,944,4159931,0
15130304096,151,3030409,6
51703309221,517,0330922,1
64191401585,641,9140158,5
94928175616,949,2817561,6
76061841982,760,6184198,2
20318391921,203,1839192,1
22159101941,221,5910194,1
72326968366,723,2696836,6
73037002194,730,3700219,4
71923011592,719,2301159,2
13773828620,137,7382862,0
45395036910,453,9503691,0
92622572461,926,2257246,1
64070630374,640,7063037,4
37247416423,372,4741642,3
65901236532,659,0123653,2
69704485525,697,0448552,5
66364924954,663,6492495,4
63668374825,636,6837482,5
44109732391,441,0973239,1
11190610373,111,9061037,3
13109032846,131,0903284,6
37917551091,379,1755109,1
95975670253,959,7567025,3
85193578941,851,9357894,1
96644069856,966,4406985,6
36094053903,360,9405390,3
30963123512,309,6312351,2
96926394220,969,2639422,0
53367222941,533,6722294,1
56272078244,562,7207824,4
79860109040,798,6010904,0
22852620014,228,5262001,4
41064628604,410,6462860,4
48894055010,488,9405501,0
48954822200,489,5482220,0
80854578364,808,5457836,4
46562586834,465,6258683,4
90759930613,907,5993061,3
63033914596,630,3391459,6
76687005223,766,8700522,3
93539862552,935,3986255,2
93572300683,935,7230068,3
85053285065,850,5328506,5
98425536481,984,2553648,1
36415592583,364,1559258,3
70638538015,706,3853801,5
69533903980,695,3390398,0
53634107851,536,3410785,1
86115839664,861,1583966,4
59708272872,597,0827287,2
87790546802,877,9054680,2
16419935656,164,1993565,6
11637818153,116,3781815,3
38711919125,387,1191912,5
42125480305,421,2548030,5
83032246806,830,3224680,6
33695526612,336,9552661,2
95071417104,950,7141710,4
87164925706,871,6492570,6
18062034561,180,6203456,1
36772174692,367,7217469,2
42128619590,421,2861959,0
80099600255,800,9960025,5
18953240995,189,5324099,5
11464991824,114,6499182,4
74732396826,747,3239682,6
84264866334,842,6486633,4
55731503032,557,3150303,2
33802530310,338,0253031,0
17289565870,172,8956587,0
14587736113,145,8773611,3
63997206260,639,9720626,0
66049466051,660,4946605,1
97088803171,970,8880317,1
15450141343,154,5014134,3
10862118662,108,6211866,2
87186743394,871,8674339,4
16593394505,165,9339450,5
44769605160,447,6960516,0
87409874373,874,0987437,3
41823362266,418,2336226,6
66539404816,665,3940481,6
99027874310,990,2787431,0
41426797382,414,2679738,2
62973472364,629,7347236,4
36243557926,362,4355792,6
28518163422,285,1816342,2
41168168985,411,6816898,5
28627045712,286,2704571,2
17035905890,170,3590589,0
74584197806,745,8419780,6
36755752785,367,5575278,5
11807017473,118,0701747,3
83912168975,839,1216897,5
32820691612,328,2069161,2
68486436900,684,8643690,0
99195996196,991,9599619,6
73399757035,733,9975703,5
93282064751,932,8206475,1
96981103365,969,8110336,5
74261613732,742,6161373,2
79885471605,798,8547160,5
83066980503,830,6698050,3
37286023726,372,8602372,6
90099074915,900,9907491,5
99100635804,991,0063580,4
52036641053,520,3664105,3
63403299436,634,0329943,6
28759230393,287,5923039,3
63004086270,630,0408627,0
10859881553,108,5988155,3
74710441302,747,1044130,2
26296458975,262,9645897,5
85385355315,853,8535531,5
16507391323,165,0739132,3
32818176255,328,1817625,5
53076920651,530,7692065,1
46174223433,461,7422343,3
48186166511,481,8616651,1
12527010700,125,2701070,0
35273752370,352,7375237,0
55034682811,550,3468281,1
40212674613,402,1267461,3
70859966675,708,5996667,5
90993871063,909,9387106,3
44961435254,449,6143525,4
63887112433,638,8711243,3
38929142680,389,2914268,0
66487447972,664,8744797,2
71102966466,711,0296646,6
80759705704,807,5970570,4
31456353136,314,5635313,6
60660012825,606,6001282,5
23490522481,234,9052248,1
41747629110,417,4762911,0
26151186312,261,5118631,2
16194802436,161,9480243,6
17255149613,172,5514961,3
54374411456,543,7441145,6
36821979116,368,2197911,6
83242063510,832,4206351,0
14130186591,141,3018659,1
23250063842,232,5006384,2
13911968456,139,1196845,6
78748198380,787,4819838,0
91062571780,910,6257178,0
46517766843,465,1776684,3
10951056394,109,5105639,4
53590818665,535,9081866,5
84926585833,849,2658583,3
11058605420,110,5860542,0
28781397025,287,8139702,5
81819451113,818,1945111,3
21454186842,214,5418684,2
96584720045,965,8472004,5
65914799540,659,1479954,0
45900238504,459,0023850,4
15050070540,150,5007054,0
12532967430,125,3296743,0
80874876942,808,7487694,2
19482177223,194,8217722,3
59652269594,596,5226959,4
97118133040,971,1813304,0
72893124023,728,9312402,3
11350193535,113,5019353,5
24990458661,249,9045866,1
46570157214,465,7015721,4
11626253681,116,2625368,1
88849907805,888,4990780,5
98353914214,983,5391421,4
88366567943,883,6656794,3
38045378245,380,4537824,5
81514505180,815,1450518,0
74172017166,741,7201716,6
92480749610,924,8074961,0
75401124812,754,0112481,2
25483860400,254,8386040,0
99977645582,999,7764558,2
27747338565,277,4733856,5
83173807275,831,7380727,5
74776888241,747,7688824,1
60176773274,601,7677327,4
14523992381,145,2399238,1
12512611256,125,1261125,6
70037454602,700,3745460,2
70587387785,705,8738778,5
13883228076,138,8322807,6
96974033690,969,7403369,0
19475083413,194,7508341,3
71882461214,718,8246121,4
44632352312,446,3235231,2
94894992824,948,9499282,4
24032910421,240,3291042,1
91669112220,916,6911222,0
78970581074,789,7058107,4
34990012104,349,9001210,4
61706322253,617,0632225,3
86458466246,864,5846624,6
98708908590,987,0890859,0
39286827864,392,8682786,4
95959519740,959,5951974,0
96795367924,967,9536792,4
90257188421,902,5718842,1
16357913740,163,5791374,0
31183715420,311,8371542,0
81604203044,816,0420304,4
10694414895,106,9441489,5
64711415493,647,1141549,3
52326222870,523,2622287,0
54266723770,542,6672377,0
89236455230,892,3645523,0
69646064713,696,4606471,3
14871250901,148,7125090,1
38417993571,384,1799357,1
39471720756,394,7172075,6
57964861402,579,6486140,2
19436247000,194,3624700,0
53960236514,539,6023651,4
80662308935,806,6230893,5
98697689441,986,9768944,1
47940004395,479,4000439,5
63956310501,639,5631050,1
35066268272,350,6626827,2
18258368771,182,5836877,1
37431336306,374,3133630,6
64721411501,647,2141150,1
64682183926,646,8218392,6
53459401080,534,5940108,0
19388886555,193,8888655,5
35453702975,354,5370297,5
67852794334,678,5279433,4
65385558865,653,8555886,5
64925570956,649,2557095,6
10517491932,105,1749193,2
20178489266,201,7848926,6
77441204141,774,4120414,1
28741313824,287,4131382,4
85886599000,858,8659900,0
28724702773,287,2470277,3
76228523511,762,2852351,1
29799021105,297,9902110,5
35222263281,352,2226328,1
47856069970,478,5606997,0
16064346403,160,6434640,3
50490190472,504,9019047,2
72308262104,723,0826210,4
70159367045,701,5936704,5
50062989960,500,6298996,0
97940792692,979,4079269,2
88725706710,887,2570671,0
54414867544,544,1486754,4
67968498573,679,6849857,3
41068682450,410,6868245,0
11710134483,117,1013448,3
92600753242,926,0075324,2
46806992796,468,0699279,6
82784377420,827,8437742,0
31939404531,319,3940453,1
24452837444,244,5283744,4
84706334700,847,0633470,0
25591731012,255,9173101,2
12089897790,120,8989779,0
62231996923,622,3199692,3
28614857894,286,1485789,4
19860978282,198,6097828,2
90784482835,907,8448283,5
69686013165,696,8601316,5
95213295385,952,1329538,5
32951762766,329,5176276,6
60458865113,604,5886511,3
69603958706,696,0395870,6
21570944524,215,7094452,4
28528039666,285,2803966,6
22737537184,227,3753718,4
28982987800,289,8298780,0
44408633861,444,0863386,1
24076236851,240,7623685,1
54227140065,542,2714006,5
38989494436,389,8949443,6
46346423186,463,4642318,6
58814130754,588,1413075,4
60120307102,601,2030710,2
84669873471,846,6987347,1
43027410984,430,2741098,4
93840977561,938,4097756,1
81805819684,818,0581968,4
89407089620,894,0708962,0
27707766142,277,0776614,2
64040732354,640,4073235,4
31334604594,313,3460459,4
60357124494,603,5712449,4
57921386331,579,2138633,1
20873217401,208,7321740,1
30561750823,305,6175082,3
42565093645,425,6509364,5
14176759233,141,7675923,3
20116154486,201,1615448,6
69090040332,690,9004033,2
29921760642,299,2176064,2
27197776125,271,9777612,5
27347962382,273,4796238,2
27925535920,279,2553592,0
35576539762,355,7653976,2
80475271755,804,7527175,5
93709869681,937,0986968,1
45637279942,456,3727994,2
79417963102,794,1796310,2
41733474116,417,3347411,6
34953543290,349,5354329,0
23936683700,239,3668370,0
92008723406,920,0872340,6
90479033963,904,7903396,3
52940979073,529,4097907,3
67563737815,675,6373781,5
59539412552,595,3941255,2
89327349251,893,2734925,1
34866170552,348,6617055,2
32081897111,320,8189711,1
81692471225,816,9247122,5
41211746756,412,1174675,6
60113637835,601,1363783,5
19685403796,196,8540379,6
20702156706,207,0215670,6
86327611991,863,2761199,1
55272190225,552,7219022,5
47173267794,471,7326779,4
62632659014,626,3265901,4
23542347331,235,4234733,1
30512399561,305,1239956,1
95517220772,955,1722077,2
26884536252,268,8453625,2
31310954775,313,1095477,5
54258718911,542,5871891,1
34335740846,343,3574084,6
51703017655,517,0301765,5
60046423332,600,4642333,2
89168078164,891,6807816,4
10280443303,102,8044330,3
28351292276,283,5129227,6
42901444496,429,0144449,6
19148371916,191,4837191,6
26125944766,261,2594476,6
64960348462,649,6034846,2
37971613393,379,7161339,3
74003088702,740,0308870,2
86651716023,866,5171602,3
54317189992,543,1718999,2
19796668470,197,9666847,0
99462087551,994,6208755,1
22011629172,220,1162917,2
19784862600,197,8486260,0
65281099101,652,8109910,1
81724771992,817,2477199,2
49784002151,497,8400215,1
28155605564,281,5560556,4
48722165304,487,2216530,4
16898184692,168,9818469,2
58006409786,580,0640978,6
94613935910,946,1393591,0
67474078534,674,7407853,4
13325118902,133,2511890,2
79279220783,792,7922078,3
60460241410,604,6024141,0
87672249974,876,7224997,4
59352465585,593,5246558,5
86888553403,868,8855340,3
15914745603,159,1474560,3
53464020892,534,6402089,2
10535317022,105,3531702,2
39439769040,394,3976904,0
76410279583,764,1027958,3
82372228063,823,7222806,3
38771556532,387,7155653,2
90662231930,906,6223193,0
12602799836,126,0279983,6
26761456441,267,6145644,1
28308517185,283,0851718,5
23545238741,235,4523874,1
83770812125,837,7081212,5
81852108212,818,5210821,2
67300330286,673,0033028,6
95998045384,959,9804538,4
92183008415,921,8300841,5
39527230783,395,2723078,3
29596699041,295,9669904,1
11176591242,111,7659124,2
30093995532,300,9399553,2
27989348651,279,8934865,1
19674369000,196,7436900,0
42986757916,429,8675791,6
14350804280,143,5080428,0
99585160110,995,8516011,0
94542186273,945,4218627,3
80321921583,803,2192158,3
12069761842,120,6976184,2
73169420262,731,6942026,2
18795375825,187,9537582,5
76867065595,768,6706559,5
38572144235,385,7214423,5
58925178842,589,2517884,2
55974274633,559,7427463,3
78973953422,789,7395342,2
59736799691,597,3679969,1
16806287926,168,0628792,6
94356844394,943,5684439,4
55946805702,559,4680570,2
10117714646,101,1771464,6
96112904874,961,1290487,4
26538806130,265,3880613,0
76298836734,762,9883673,4
56023936484,560,2393648,4
49922298542,499,2229854,2
33982555706,339,8255570,6
16773414876,167,7341487,6
35095095153,350,9509515,3
91337972362,913,3797236,2
94314323500,943,1432350,0
94521039261,945,2103926,1
23133248613,231,3324861,3
61573655551,615,7365555,1
30956407891,309,5640789,1
29717988994,297,1798899,4
46629446156,466,2944615,6
81265114336,812,6511433,6
66764939656,667,6493965,6
66668034453,666,6803445,3
87624709226,876,2470922,6
97358773363,973,5877336,3
75359176674,753,5917667,4
70231454034,702,3145403,4
34576735662,345,7673566,2
52128475642,521,2847564,2
51286534160,512,8653416,0
76841560725,768,4156072,5
81738396980,817,3839698,0
62703645963,627,0364596,3
96135493571,961,3549357,1
40605047706,406,0504770,6
75792662644,757,9266264,4
43280760152,432,8076015,2
81527557145,815,2755714,5
33466886872,334,6688687,2
82110823862,821,1082386,2
62483524150,624,8352415,0
19556045111,195,5604511,1
91568612246,915,6861224,6
83768853120,837,6885312,0
42880954473,428,8095447,3
89134574794,891,3457479,4
68786987426,687,8698742,6
14491037600,144,9103760,0
42654804450,426,5480445,0
36977394386,369,7739438,6
72476513154,724,7651315,4
32246471601,322,4647160,1
99774719313,997,7471931,3
18898319080,188,9831908,0
10503680354,105,0368035,4
40336262824,403,3626282,4
38152329500,381,5232950,0
60747958943,607,4795894,3
30254043755,302,5404375,5
19116104846,191,1610484,6
85149887303,851,4988730,3
24978193501,249,7819350,1
91724702550,917,2470255,0
37139378165,371,3937816,5
98465114780,984,6511478,0
27954898376,279,5489837,6
62263999994,622,6399999,4
80721287933,807,2128793,3
90311890960,903,1189096,0
31636522254,316,3652225,4
94037135201,940,3713520,1
92879989683,928,7998968,3
51076280214,510,7628021,4
14707723994,147,0772399,4
59350097610,593,5009761,0
74760069875,747,6006987,5
68597533881,685,9753388,1
17488266695,174,8826669,5
57862345941,578,6234594,1
39227281436,392,2728143,6
30249234801,302,4923480,1
98757000204,987,5700020,4
65905339855,659,0533985,5
93007167874,930,0716787,4
58282409602,582,8240960,2
22663538280,226,6353828,0
88106490486,881,0649048,6
39600133365,396,0013336,5
90797163385,907,9716338,5
96340499666,963,4049966,6
83070215834,830,7021583,4
12883122352,128,8312235,2
75058117386,750,5811738,6
54991067136,549,9106713,6
57279137240,572,7913724,0
72901942233,729,0194223,3
99568748283,995,6874828,3
64806846071,648,0684607,1
39845499021,398,4549902,1
95634487124,956,3448712,4
79267881422,792,6788142,2
49881348605,498,8134860,5
38101548593,381,0154859,3
44498749026,444,9874902,6
51045331536,510,4533153,6
41850375270,418,5037527,0
76234722794,762,3472279,4
85030053312,850,3005331,2
41355469774,413,5546977,4
93295444210,932,9544421,0
94842896110,948,4289611,0
52424201364,524,2420136,4
46349220125,463,4922012,5
65885931261,658,8593126,1
21983294443,219,8329444,3
33043627953,330,4362795,3
35863317526,358,6331752,6
48806478633,488,0647863,3
61098645253,610,9864525,3
10385005566,103,8500556,6
65538600932,655,3860093,2
86805713881,868,0571388,1
78620673555,786,2067355,5
63587903944,635,8790394,4
61683577715,616,8357771,5
31010187101,310,1018710,1
82876069322,828,7606932,2
10347819192,103,4781919,2
11423147530,114,2314753,0
45766685853,457,6668585,3
23637297865,236,3729786,5
81728725021,817,2872502,1
29362507133,293,6250713,3
38733462494,387,3346249,4
97685147023,976,8514702,3
42756581230,427,5658123,0
53232464806,532,3246480,6
63952285405,639,5228540,5
60250211866,602,5021186,6
79630721600,796,3072160,0
69329567155,693,2956715,5
18167759973,181,6775997,3
46873747395,468,7374739,5
46764625971,467,6462597,1
69771177855,697,7117785,5
94571235904,945,7123590,4
64185092506,641,8509250,6
74278345453,742,7834545,3
58437706951,584,3770695,1
64462732095,644,6273209,5
67706864864,677,0686486,4
19318859195,193,1885919,5
13638370264,136,3837026,4
14195811835,141,9581183,5
84083613473,840,8361347,3
33513348236,335,1334823,6
68566224151,685,6622415,1
73336042044,733,3604204,4
16074532141,160,7453214,1
44907638673,449,0763867,3
35916501103,359,1650110,3
14660001864,146,6000186,4
51070909246,510,7090924,6
52555086685,525,5508668,5
76323081654,763,2308165,4
66198135543,661,9813554,3
73687512834,736,8751283,4
11099630033,110,9963003,3
72837055491,728,3705549,1
92044551173,920,4455117,3
78056842671,780,5684267,1
74866305072,748,6630507,2
87738869166,877,3886916,6
52205743546,522,0574354,6
39253148525,392,5314852,5
36680758043,366,8075804,3
16382038445,163,8203844,5
91008992494,910,0899249,4
66979976121,669,7997612,1
38020160181,380,2016018,1
72873596742,728,7359674,2
23782269676,237,8226967,6
75110881760,751,1088176,0
47208108015,472,0810801,5
61445902202,614,4590220,2
25258921516,252,5892151,6
19233891283,192,3389128,3
34136541833,341,3654183,3
42181471116,421,8147111,6
61019958293,610,1995829,3
34593019912,345,9301991,2
48548309714,485,4830971,4
88938166542,889,3816654,2
70948692175,709,4869217,5
39517509774,395,1750977,4
17223089423,172,2308942,3
65698144316,656,9814431,6
10318239804,103,1823980,4
57004284842,570,0428484,2
15391539184,153,9153918,4
88539427412,885,3942741,2
46446273302,464,4627330,2
21822319370,218,2231937,0
95879674893,958,7967489,3
78812697722,788,1269772,2
80414445652,804,1444565,2
68349550073,683,4955007,3
90560120390,905,6012039,0
10428381514,104,2838151,4
36380385453,363,8038545,3
23806587396,238,0658739,6
30060505736,300,6050573,6
89009678353,890,0967835,3
45256139155,452,5613915,5
36914966165,369,1496616,5
57912808100,579,1280810,0
91708009493,917,0800949,3
75802449516,758,0244951,6
51031111654,510,3111165,4
57557075285,575,5707528,5
70597891104,705,9789110,4
30117937861,301,1793786,1
99395256782,993,9525678,2
30439990920,304,3999092,0
82386237041,823,8623704,1
12884116766,128,8411676,6
40363613811,403,6361381,1
46532453874,465,3245387,4
40749957673,407,4995767,3
11398791374,113,9879137,4
28814633066,288,1463306,6
30794062631,307,9406263,1
87152387952,871,5238795,2
24366864271,243,6686427,1
13848729265,138,4872926,5
30383215756,303,8321575,6
86589448326,865,8944832,6
79043003784,790,4300378,4
74412568031,744,1256803,1
20029810325,200,2981032,5
23239945064,232,3994506,4
17603721173,176,0372117,3
90585077200,905,8507720,0
70162549900,701,6254990,0
96395859474,963,9585947,4
97121320465,971,2132046,5
96536205206,965,3620520,6
58785222720,587,8522272,0
48518438163,485,1843816,3
99301768052,993,0176805,2
16788322573,167,8832257,3
12025909891,120,2590989,1
28458892821,284,5889282,1
98367410065,983,6741006,5
73814723810,738,1472381,0
44979415103,449,7941510,3
21963862634,219,6386263,4
13275297596,132,7529759,6
51909419693,519,0941969,3
38550057014,385,5005701,4
24990413104,249,9041310,4
34284925994,342,8492599,4
21122205280,211,2220528,0
77891364231,778,9136423,1
46521064383,465,2106438,3
65805833166,658,0583316,6
28215166092,282,1516609,2
49346371614,493,4637161,4
12791911151,127,9191115,1
35636668243,356,3666824,3
70645208210,706,4520821,0
52710236260,527,1023626,0
67530393452,675,3039345,2
43861385890,438,6138589,0
77054071436,770,5407143,6
88018327526,880,1832752,6
84561072223,845,6107222,3
95311277325,953,1127732,5
28853265220,288,5326522,0
51932698870,519,3269887,0
21401648894,214,0164889,4
34013643445,340,1364344,5
96123742146,961,2374214,6
56880947763,568,8094776,3
94482632510,944,8263251,0
38569485011,385,6948501,1
49732779091,497,3277909,1
56828153835,568,2815383,5
80100445435,801,0044543,5
15252238212,152,5223821,2
38710122592,387,1012259,2
64779019040,647,7901904,0
54104239410,541,0423941,0
82653573125,826,5357312,5
75030852293,750,3085229,3
55527457731,555,2745773,1
82940094640,829,4009464,0
45980116191,459,8011619,1
27607953355,276,0795335,5
99306708244,993,0670824,4
84392867272,843,9286727,2
12916105246,129,1610524,6
92478410095,924,7841009,5
69029964194,690,2996419,4
87459789431,874,5978943,1
27600636614,276,0063661,4
62522949782,625,2294978,2
45914955515,459,1495551,5
48147141263,481,4714126,3
91260232210,912,6023221,0
35756617136,357,5661713,6
72509389322,725,0938932,2
33057979086,330,5797908,6
43056982494,430,5698249,4
88606903152,886,0690315,2
58138405684,581,3840568,4
89758678085,897,5867808,5
90995011112,909,9501111,2
53010810751,530,1081075,1
79209494795,792,0949479,5
98586679943,985,8667994,3
96899170754,968,9917075,4
49303196245,493,0319624,5
50576645570,505,7664557,0
42598555206,425,9855520,6
36707669165,367,0766916,5
66162656981,661,6265698,1
24497815895,244,9781589,5
46554342573,465,5434257,3
13123682714,131,2368271,4
94006627841,940,0662784,1
86251021626,862,5102162,6
22984772954,229,8477295,4
51089939212,510,8993921,2
30617275705,306,1727570,5
91477542014,914,7754201,4
24917103092,249,1710309,2
23734047180,237,3404718,0
94007589145,940,0758914,5
20287528840,202,8752884,0
73205555962,732,0555596,2
30882453896,308,8245389,6
35044840635,350,4484063,5
39231398736,392,3139873,6
24592357533,245,9235753,3
69382316462,693,8231646,2
27061885266,270,6188526,6
75557668986,755,5766898,6
76875376422,768,7537642,2
54284194842,542,8419484,2
46643446640,466,4344664,0
70609278544,706,0927854,4
55363680221,553,6368022,1
78948024784,789,4802478,4
35664607712,356,6460771,2
21776890060,217,7689006,0
42377426316,423,7742631,6
27811894614,278,1189461,4
53059870812,530,5987081,2
55958765793,559,5876579,3
65725907583,657,2590758,3
53930616022,539,3061602,2
81592776780,815,9277678,0
75048748384,750,4874838,4
39067914153,390,6791415,3
38338673726,383,3867372,6
31704815703,317,0481570,3
55977814421,559,7781442,1
16080666566,160,8066656,6
23163863866,231,6386386,6
36844919481,368,4491948,1
67713994402,677,1399440,2
74824894512,748,2489451,2
33601133506,336,0113350,6
45102892612,451,0289261,2
73123239652,731,2323965,2
82913390555,829,1339055,5
84136117650,841,3611765,0
55129796982,551,2979698,2
30287696572,302,8769657,2
59630785803,596,3078580,3
25475329411,254,7532941,1
78902619940,789,0261994,0
41985726633,419,8572663,3
93894542261,938,9454226,1
21166953963,211,6695396,3
92872830861,928,7283086,1
36990567656,369,9056765,6
89730123123,897,3012312,3
82605223781,826,0522378,1
17541416265,175,4141626,5
67188969374,671,8896937,4
47842241883,478,4224188,3
14753179092,147,5317909,2
70843399986,708,4339998,6
41991095865,419,9109586,5
32289660903,322,8966090,3
20190928952,201,9092895,2
27265032651,272,6503265,1
24572031576,245,7203157,6
49218366471,492,1836647,1
33721817462,337,2181746,2
72380828815,723,8082881,5
52966756131,529,6675613,1
10168293631,101,6829363,1
72274084885,722,7408488,5
20304441301,203,0444130,1
45030527253,450,3052725,3
97259554474,972,5955447,4
54320746522,543,2074652,2
37546042791,375,4604279,1
92355731876,923,5573187,6
55854819960,558,5481996,0
40508224380,405,0822438,0
33284384324,332,8438432,4
57244449542,572,4444954,2
12755409266,127,5540926,6
76837372970,768,3737297,0
70932163676,709,3216367,6
37603071522,376,0307152,2
67894969840,678,9496984,0
56890239180,568,9023918,0
47327971215,473,2797121,5
64422231825,644,2223182,5
18612042701,186,1204270,1
68448108355,684,4810835,5
47756497786,477,5649778,6
78391148290,783,9114829,0
96183546183,961,8354618,3
53668732965,536,6873296,5
40616827272,406,1682727,2
78141409344,781,4140934,4
38502110716,385,0211071,6
23824188902,238,2418890,2
29683142115,296,8314211,5
80510788761,805,1078876,1
33426538681,334,2653868,1
75736021761,757,3602176,1
79758447844,797,5844784,4
39121615753,391,2161575,3
69815542430,698,1554243,0
33065267843,330,6526784,3
65169680842,651,6968084,2
16705498214,167,0549821,4
29303470272,293,0347027,2
70936393385,709,3639338,5
47806609151,478,0660915,1
75497830913,754,9783091,3
25212584715,252,1258471,5
80159421435,801,5942143,5
41081475960,410,8147596,0
34063116126,340,6311612,6
23395245415,233,9524541,5
16613650023,166,1365002,3
45034392812,450,3439281,2
18330157325,183,3015732,5
29288874031,292,8887403,1
57827517242,578,2751724,2
74540554916,745,4055491,6
10360448125,103,6044812,5
59942835984,599,4283598,4
69918105383,699,1810538,3
41791082584,417,9108258,4
26968531946,269,6853194,6
50853241661,508,5324166,1
65002488370,650,0248837,0
35869855862,358,6985586,2
45962665241,459,6266524,1
31234621920,312,3462192,0
11302245636,113,0224563,6
60391136916,603,9113691,6
23864100506,238,6410050,6
27303533845,273,0353384,5
29366963256,293,6696325,6
24923155563,249,2315556,3
72200942456,722,0094245,6
99517199393,995,1719939,3
19777976104,197,7797610,4
38949900482,389,4990048,2
52850482343,528,5048234,3
67168077474,671,6807747,4
90760733734,907,6073373,4
57101195042,571,0119504,2
90696351326,906,9635132,6
90082400352,900,8240035,2
88786728982,887,8672898,2
10911634672,109,1163467,2
79822638766,798,2263876,6
24803382715,248,0338271,5
22769889853,227,6988985,3
50679690431,506,7969043,1
60436448954,604,3644895,4
86310645041,863,1064504,1
98236975542,982,3697554,2
43920399272,439,2039927,2
10361294805,103,6129480,5
24615270196,246,1527019,6
47420571663,474,2057166,3
91039897842,910,3989784,2
57238507871,572,3850787,1
57453123353,574,5312335,3
61442226294,614,4222629,4
35574241265,355,7424126,5
85977961791,859,7796179,1
26860010800,268,6001080,0
34055922331,340,5592233,1
36539235104,365,3923510,4
47303397765,473,0339776,5
51304968232,513,0496823,2
35513778063,355,1377806,3
64032884175,640,3288417,5
38834369351,388,3436935,1
78089853611,780,8985361,1
62302593732,623,0259373,2
93472342824,934,7234282,4
48762215241,487,6221524,1
22758172365,227,5817236,5
26950836572,269,5083657,2
64614626766,646,1462676,6
22888942884,228,8894288,4
21455212805,214,5521280,5
51577845510,515,7784551,0
85651750772,856,5175077,2
68357888905,683,5788890,5
51960183634,519,6018363,4
65301045365,653,0104536,5
62831912861,628,3191286,1
69322542882,693,2254288,2
89613643603,896,1364360,3
38118980165,381,1898016,5
93546147482,935,4614748,2
70896721412,708,9672141,2
51594746484,515,9474648,4
45769796341,457,6979634,1
89902789114,899,0278911,4
87817054190,878,1705419,0
32531356211,325,3135621,1
27357970914,273,5797091,4
11297411501,112,9741150,1
87531977212,875,3197721,2
15289229334,152,8922933,4
29409975285,294,0997528,5
62752672082,627,5267208,2
64488508240,644,8850824,0
42803829296,428,0382929,6
81176644652,811,7664465,2
87546500934,875,4650093,4
78414955096,784,1495509,6
13796963782,137,9696378,2
33230131451,332,3013145,1
68004165741,680,0416574,1
66496191994,664,9619199,4
19703717312,197,0371731,2
49352590960,493,5259096,0
35609097682,356,0909768,2
35070256075,350,7025607,5
76137560190,761,3756019,0
49125099383,491,2509938,3
73324168554,733,2416855,4
76026843511,760,2684351,1
86963449482,869,6344948,2
65583944103,655,8394410,3
17003202210,170,0320221,0
74251000854,742,5100085,4
41949589813,419,4958981,3
82723704812,827,2370481,2
95221663085,952,2166308,5
20623949861,206,2394986,1
71056121762,710,5612176,2
30566297923,305,6629792,3
96878657092,968,7865709,2
53799052144,537,9905214,4
37733296240,377,3329624,0
21834380722,218,3438072,2
97303859580,973,0385958,0
60484480271,604,8448027,1
47357561263,473,5756126,3
60987730201,609,8773020,1
99688576301,996,8857630,1
25262391226,252,6239122,6
65041756244,650,4175624,4
59173735410,591,7373541,0
11122115415,111,2211541,5
58307387743,583,0738774,3
19022886146,190,2288614,6
58037573876,580,3757387,6
24481900234,244,8190023,4
94668047101,946,6804710,1
25708251910,257,0825191,0
96558756365,965,5875636,5
44615675713,446,1567571,3
61035545902,610,3554590,2
88659497455,886,5949745,5
18670120180,186,7012018,0
92591966034,925,9196603,4
22445842226,224,4584222,6
86350301246,863,5030124,6
95934582836,959,3458283,6
32971368876,329,7136887,6
51518324260,515,1832426,0
57596717873,575,9671787,3
49713685210,497,1368521,0
68299240433,682,9924043,3
71198287473,711,9828747,3
14149315291,141,4931529,1
27565794170,275,6579417,0
41916544472,419,1654447,2
49961724220,499,6172422,0
52929577256,529,2957725,6
11621869985,116,2186998,5
20572861614,205,7286161,4
47508580115,475,0858011,5
42167844301,421,6784430,1
60821099565,608,2109956,5
19037342873,190,3734287,3
54316848806,543,1684880,6
24341713691,243,4171369,1
40311987124,403,1198712,4
98151647883,981,5164788,3
30328938216,303,2893821,6
28038830682,280,3883068,2
83890419136,838,9041913,6
67540146300,675,4014630,0
79432999672,794,3299967,2
90952952303,909,5295230,3
21931038713,219,3103871,3
26112736130,261,1273613,0
34703331573,347,0333157,3
17011669154,170,1166915,4
20191453161,201,9145316,1
55390739136,553,9073913,6
14674385241,146,7438524,1
83921058636,839,2105863,6
69285830936,692,8583093,6
98759610285,987,5961028,5
59739891834,597,3989183,4
51954176952,519,5417695,2
72719043130,727,1904313,0
90782142384,907,8214238,4
19220350521,192,2035052,1
88002590113,880,0259011,3
58441855896,584,4185589,6
96366001243,963,6600124,3
50432759970,504,3275997,0
15514136745,155,1413674,5
63296269504,632,9626950,4
89670638553,896,7063855,3
69731975293,697,3197529,3
55014752711,550,1475271,1
69784875872,697,8487587,2
35837657253,358,3765725,3
42766056301,427,6605630,1
19397950290,193,9795029,0
21129781990,211,2978199,0
29439971950,294,3997195,0
62126221082,621,2622108,2
56140182374,561,4018237,4
78335071674,783,3507167,4
74551432375,745,5143237,5
60950176674,609,5017667,4
96082156583,960,8215658,3
38487708830,384,8770883,0
96645940493,966,4594049,3
20878913692,208,7891369,2
93489774090,934,8977409,0
89289768314,892,8976831,4
45702045183,457,0204518,3
27499784316,274,9978431,6
25160248530,251,6024853,0
43376582845,433,7658284,5
46365244602,463,6524460,2
60856973502,608,5697350,2
49103959413,491,0395941,3
82593033066,825,9303306,6
79532041301,795,3204130,1
32728854691,327,2885469,1
92964909974,929,6490997,4
82098718232,820,9871823,2
45323364504,453,2336450,4
37068706316,370,6870631,6
64336773646,643,3677364,6
98139938251,981,3993825,1
18216218795,182,1621879,5
84735332213,847,3533221,3
32810068326,328,1006832,6
67377496731,673,7749673,1
30119163094,301,1916309,4
25558142323,255,5814232,3
23185738922,231,8573892,2
40934260413,409,3426041,3
66304568713,663,0456871,3
59572780010,595,7278001,0
94224667473,942,2466747,3
11413258873,114,1325887,3
95480242052,954,8024205,2
91114059673,911,1405967,3
42658067604,426,5806760,4
30473994032,304,7399403,2
38780113471,387,8011347,1
82242382036,822,4238203,6
34107922796,341,0792279,6
19393683143,193,9368314,3
81440320841,814,4032084,1
27793294046,277,9329404,6
49614530136,496,1453013,6
82044666375,820,4466637,5
87458485473,874,5848547,3
49309382893,493,0938289,3
15435500883,154,3550088,3
16637287011,166,3728701,1
82223920123,822,2392012,3
45606665465,456,0666546,5
26129481343,261,2948134,3
36042627191,360,4262719,1
33253353920,332,5335392,0
32013383680,320,1338368,0
27600240306,276,0024030,6
47328166292,473,2816629,2
98874906663,988,7490666,3
90289335130,902,8933513,0
87978291113,879,7829111,3
15263260632,152,6326063,2
37360195173,373,6019517,3
11650916870,116,5091687,0
72420428221,724,2042822,1
71781964442,717,8196444,2
62606559302,626,0655930,2
18216847102,182,1684710,2
38258768165,382,5876816,5
38940542735,389,4054273,5
37786569210,377,8656921,0
65961426440,659,6142644,0
23797436266,237,9743626,6
62276718573,622,7671857,3
65559742171,655,5974217,1
32206669534,322,0666953,4
35130777176,351,3077717,6
80514101932,805,1410193,2
23155456054,231,5545605,4
41060903345,410,6090334,5
39376306384,393,7630638,4
44535500775,445,3550077,5
76096421125,760,9642112,5
94178558670,941,7855867,0
97590652900,975,9065290,0
57079382670,570,7938267,0
90037126191,900,3712619,1
68634789436,686,3478943,6
13978109434,139,7810943,4
37064887972,370,6488797,2
19922055710,199,2205571,0
76475761292,764,7576129,2
41751678694,417,5167869,4
34867791342,348,6779134,2
82188247916,821,8824791,6
37700303134,377,0030313,4
23275299470,232,7529947,0
25348279123,253,4827912,3
31702686254,317,0268625,4
33536824952,335,3682495,2
64845902164,648,4590216,4
43553156592,435,5315659,2
13270114052,132,7011405,2
61058044781,610,5804478,1
67255525623,672,5552562,3
69889066342,698,8906634,2
25771722695,257,7172269,5
36806411660,368,0641166,0
89555195896,895,5519589,6
94858780334,948,5878033,4
93562270414,935,6227041,4
57026220926,570,2622092,6
69464872644,694,6487264,4
84102105353,841,0210535,3
27776502310,277,7650231,0
25591662205,255,9166220,5
59845802505,598,4580250,5
55411817262,554,1181726,2
83178973562,831,7897356,2
15864729284,158,6472928,4
88789001005,887,8900100,5
72431666110,724,3166611,0
54902916371,549,0291637,1
57006755533,570,0675553,3
38908825713,389,0882571,3
43614114981,436,1411498,1
93166936924,931,6693692,4
29268841845,292,6884184,5
93843671532,938,4367153,2
64284610211,642,8461021,1
46621585970,466,2158597,0
13637114731,136,3711473,1
83992713444,839,9271344,4
67167559280,671,6755928,0
27858565162,278,5856516,2
41654411636,416,5441163,6
88763234993,887,6323499,3
97264217242,972,6421724,2
62816812620,628,1681262,0
48572890875,485,7289087,5
76910992231,769,1099223,1
87136281893,871,3628189,3
49170755504,491,7075550,4
33908199682,339,0819968,2
98648393573,986,4839357,3
76850726050,768,5072605,0
72999838975,729,9983897,5
52675773370,526,7577337,0
15385318906,153,8531890,6
33111302690,331,1130269,0
17169032833,171,6903283,3
48829207633,488,2920763,3
36225008690,362,2500869,0
14368794414,143,6879441,4
79658064880,796,5806488,0
68896597542,688,9659754,2
50858297685,508,5829768,5
41292581963,412,9258196,3
90221961896,902,2196189,6
24567731045,245,6773104,5
36195622820,361,9562282,0
33722196794,337,2219679,4
82045592305,820,4559230,5
61700985192,617,0098519,2
72174947721,721,7494772,1
12296879731,122,9687973,1
54147634332,541,4763433,2
51548537861,515,4853786,1
76813304326,768,1330432,6
82893057251,828,9305725,1
79740952770,797,4095277,0
59691528153,596,9152815,3
15017643992,150,1764399,2
63309527631,633,0952763,1
59506880836,595,0688083,6
80330202515,803,3020251,5
18003197163,180,0319716,3
99553504321,995,5350432,1
50427860612,504,2786061,2
12758193775,127,5819377,5
40142789466,401,4278946,6
33973944934,339,7394493,4
82035834904,820,3583490,4
93670523504,936,7052350,4
89764962530,897,6496253,0
76808090600,768,0809060,0
80380970301,803,8097030,1
45937273896,459,3727389,6
26663354822,266,6335482,2
53394209555,533,9420955,5
79433270385,794,3327038,5
79805439341,798,0543934,1
80793815080,807,9381508,0
63851945891,638,5194589,1
88968641504,889,6864150,4
70101092575,701,0109257,5
40152566046,401,5256604,6
39955770171,399,5577017,1
72924360186,729,2436018,6
69493691495,694,9369149,5
36647166680,366,4716668,0
24874359283,248,7435928,3
89903613215,899,0361321,5
53077426105,530,7742610,5
47076230023,470,7623002,3
88063228290,880,6322829,0
39347357444,393,4735744,4
49084509426,490,8450942,6
37579593032,375,7959303,2
74626122063,746,2612206,3
99913344905,999,1334490,5
20320882616,203,2088261,6
97634280814,976,3428081,4
36543928096,365,4392809,6
26955989266,269,5598926,6
74738396222,747,3839622,2
34954970624,349,5497062,4
25923096253,259,2309625,3
64565110931,645,6511093,1
22339371182,223,3937118,2
26766915605,267,6691560,5
50139496904,501,3949690,4
27067736202,270,6773620,2
77552660953,775,5266095,3
53233832381,532,3383238,1
68573637254,685,7363725,4
25234514830,252,3451483,0
94868002314,948,6800231,4
58255256545,582,5525654,5
72483154404,724,8315440,4
50115198446,501,1519844,6
25301295156,253,0129515,6
92169191535,921,6919153,5
17360854074,173,6085407,4
75433945184,754,3394518,4
54049843405,540,4984340,5
78301614464,783,0161446,4
20340841371,203,4084137,1
88478270312,884,7827031,2
76049324155,760,4932415,5
69090438272,690,9043827,2
83240408443,832,4040844,3
41723900935,417,2390093,5
32250372790,322,5037279,0
52697060534,526,9706053,4
13167059522,131,6705952,2
99682419020,996,8241902,0
94537950432,945,3795043,2
87314406053,873,1440605,3
66974387846,669,7438784,6
68379790044,683,7979004,4
97649338263,976,4933826,3
55758986613,557,5898661,3
15850573365,158,5057336,5
93332778530,933,3277853,0
97390830635,973,9083063,5
14325791055,143,2579105,5
21464495414,214,6449541,4
49575676153,495,7567615,3
50246247121,502,4624712,1
95749884744,957,4988474,4
79821488803,798,2148880,3
91220136842,912,2013684,2
79880572704,798,8057270,4
34054701590,340,5470159,0
74174006260,741,7400626,0
94157526383,941,5752638,3
97343638914,973,4363891,4
73275899756,732,7589975,6
83955024715,839,5502471,5
41190761373,411,9076137,3
79875553074,798,7555307,4
84087721200,840,8772120,0
25689343213,256,8934321,3
92842112072,928,4211207,2
72146838145,721,4683814,5
23621841956,236,2184195,6
88115520594,881,1552059,4
34281471440,342,8147144,0
82619015722,826,1901572,2
83979960326,839,7996032,6
41647247725,416,4724772,5
58417810382,584,1781038,2
69031863726,690,3186372,6
28889040405,288,8904040,5
21131687743,211,3168774,3
91394076101,913,9407610,1
34407855345,344,0785534,5
90379588800,903,7958880,0
27782667402,277,8266740,2
80851047244,808,5104724,4
60097957932,600,9795793,2
20462165342,204,6216534,2
99753068666,997,5306866,6
19465726490,194,6572649,0
12018597582,120,1859758,2
30069441581,300,6944158,1
61927296615,619,2729661,5
47377949370,473,7794937,0
54726813124,547,2681312,4
12992830055,129,9283005,5
68432635973,684,3263597,3
71771519970,717,7151997,0
18631388134,186,3138813,4
31153379612,311,5337961,2
43649063352,436,4906335,2
67731264962,677,3126496,2
55760430852,557,6043085,2
90730292883,907,3029288,3
68870185310,688,7018531,0
76670353896,766,7035389,6
68442544873,684,4254487,3
91624699120,916,2469912,0
56721476965,567,2147696,5
11748988004,117,4898800,4
48968228613,489,6822861,3
20077437625,200,7743762,5
12657778134,126,5777813,4
10333328542,103,3332854,2
78549043452,785,4904345,2
23824578742,238,2457874,2
62537234352,625,3723435,2
21974976224,219,7497622,4
96016376936,960,1637693,6
65623352546,656,2335254,6
29204971424,292,0497142,4
86130297903,861,3029790,3
94828879242,948,2887924,2
65328820944,653,2882094,4
61225425571,612,2542557,1
98123620620,981,2362062,0
83346393110,833,4639311,0
57097802664,570,9780266,4
90075308116,900,7530811,6
95048105954,950,4810595,4
86915282792,869,1528279,2
60039447825,600,3944782,5
20421893391,204,2189339,1
87316916331,873,1691633,1
95768522751,957,6852275,1
49254970296,492,5497029,6
88157118685,881,5711868,5
77356617824,773,5661782,4
75922477506,759,2247750,6
94332578400,943,3257840,0
58459050465,584,5905046,5
20934404303,209,3440430,3
85403420023,854,0342002,3
60763680300,607,6368030,0
79271426026,792,7142602,6
30448166596,304,4816659,6
70497250170,704,9725017,0
66437712925,664,3771292,5
85391627632,853,9162763,2
34358085453,343,5808545,3
92208301692,922,0830169,2
72079330233,720,7933023,3
34977033486,349,7703348,6
95908419714,959,0841971,4
58509377364,585,0937736,4
78501845630,785,0184563,0
77138359046,771,3835904,6
58890539275,588,9053927,5
68101540555,681,0154055,5
35890204556,358,9020455,6
77895715222,778,9571522,2
10590445612,105,9044561,2
74614006522,746,1400652,2
29258842311,292,5884231,1
47999943642,479,9994364,2
78125139835,781,2513983,5
64923378181,649,2337818,1
68463408582,684,6340858,2
89459896960,894,5989696,0
13480980215,134,8098021,5
62188294774,621,8829477,4
85474919124,854,7491912,4
43312113305,433,1211330,5
53717728385,537,1772838,5
59935399273,599,3539927,3
49864452935,498,6445293,5
42682039202,426,8203920,2
17473816314,174,7381631,4
53479996074,534,7999607,4
66913301163,669,1330116,3
43702171960,437,0217196,0
97163867525,971,6386752,5
36966374485,369,6637448,5
38009701016,380,0970101,6
14046275680,140,4627568,0
78306258486,783,0625848,6
13121508303,131,2150830,3
16757056046,167,5705604,6
41261495273,412,6149527,3
35495527794,354,9552779,4
69598666406,695,9866640,6
75230932835,752,3093283,5
67885106152,678,8510615,2
29997414511,299,9741451,1
68413799461,684,1379946,1
98160295656,981,6029565,6
75497018961,754,9701896,1
24591638356,245,9163835,6
46663927173,466,6392717,3
87713454243,877,1345424,3
84464223341,844,6422334,1
72651601694,726,5160169,4
33572394374,335,7239437,4
71389704193,713,8970419,3
32949667782,329,4966778,2
81828967465,818,2896746,5
15631929792,156,3192979,2
48985226564,489,8522656,4
36076454055,360,7645405,5
84129126736,841,2912673,6
28167516714,281,6751671,4
48384450054,483,8445005,4
21723654333,217,2365433,3
96143502372,961,4350237,2
16788293173,167,8829317,3
89587011214,895,8701121,4
95140073316,951,4007331,6
81053152096,810,5315209,6
30933694573,309,3369457,3
48160591282,481,6059128,2
64440928105,644,4092810,5
59317914632,593,1791463,2
24240172153,242,4017215,3
26820264985,268,2026498,5
95014516961,950,1451696,1
45372919402,453,7291940,2
93257571865,932,5757186,5
57676352072,576,7635207,2
55150078494,551,5007849,4
76069308463,760,6930846,3
88539417683,885,3941768,3
49226403665,492,2640366,5
72772266943,727,7226694,3
98762643580,987,6264358,0
43426720336,434,2672033,6
41604705246,416,0470524,6
49892164051,498,9216405,1
17757717926,177,5771792,6
41153190770,411,5319077,0
12320281743,123,2028174,3
39849799186,398,4979918,6
72997220533,729,9722053,3
43955397780,439,5539778,0
71764815180,717,6481518,0
20241516782,202,4151678,2
77248139801,772,4813980,1
48903824273,489,0382427,3
33423422096,334,2342209,6
95570453722,955,7045372,2
13581966086,135,8196608,6
21811153590,218,1115359,0
49830798806,498,3079880,6
13946573666,139,4657366,6
61764388552,617,6438855,2
95173901192,951,7390119,2
56700000923,567,0000092,3
26988205866,269,8820586,6
21506245430,215,0624543,0
77623800675,776,2380067,5
56729205776,567,2920577,6
21431968372,214,3196837,2
78156670764,781,5667076,4
19568427113,195,6842711,3
58711441736,587,1144173,6
58612993384,586,1299338,4
48729426443,487,2942644,3
89436885450,894,3688545,0
25539789664,255,3978966,4
83476437220,834,7643722,0
23921343020,239,2134302,0
99418640526,994,1864052,6
40479858662,404,7985866,2
98879191512,988,7919151,2
46029336864,460,2933686,4
77375435363,773,7543536,3
31958048145,319,5804814,5
11428392612,114,2839261,2
97922504184,979,2250418,4
50114492464,501,1449246,4
16204108641,162,0410864,1
12804464662,128,0446466,2
97661410410,976,6141041,0
19795381596,197,9538159,6
65532759224,655,3275922,4
34619971504,346,1997150,4
29905551694,299,0555169,4
37100901942,371,0090194,2
45838720205,458,3872020,5
28320097722,283,2009772,2
24208869784,242,0886978,4
86087686085,860,8768608,5
86287525696,862,8752569,6
13577454105,135,7745410,5
32948500445,329,4850044,5
17215987232,172,1598723,2
66364077342,663,6407734,2
36434349240,364,3434924,0
86533506121,865,3350612,1
26110554784,261,1055478,4
65576208043,655,7620804,3
14208616913,142,0861691,3
78965514874,789,6551487,4
75564164995,755,6416499,5
21203115744,212,0311574,4
59460535212,594,6053521,2
55352525966,553,5252596,6
72393493951,723,9349395,1
62999257455,629,9925745,5
66610685313,666,1068531,3
52305672201,523,0567220,1
72224954325,722,2495432,5
34960667681,349,6066768,1
91463569393,914,6356939,3
75815589105,758,1558910,5
80118171244,801,1817124,4
67766611556,677,6661155,6
23393937121,233,9393712,1
94849987451,948,4998745,1
76418715403,764,1871540,3
26700534581,267,0053458,1
26320228686,263,2022868,6
27794156572,277,9415657,2
39595687320,395,9568732,0
81645525265,816,4552526,5
78432557266,784,3255726,6
14900291631,149,0029163,1
40626464635,406,2646463,5
66919599372,669,1959937,2
90572089512,905,7208951,2
60063338186,600,6333818,6
27717049900,277,1704990,0
41506190930,415,0619093,0
37907379672,379,0737967,2
29193296975,291,9329697,5
67489804743,674,8980474,3
51893968711,518,9396871,1
73770611305,737,7061130,5
97171953873,971,7195387,3
20416506035,204,1650603,5
35833125575,358,3312557,5
92050064726,920,5006472,6
50267498412,502,6749841,2
67009816211,670,0981621,1
44309908146,443,0990814,6
95466711584,954,6671158,4
19848664151,198,4866415,1
62858490704,628,5849070,4
34832836644,348,3283664,4
87019231791,870,1923179,1
22463582674,224,6358267,4
77739522561,777,3952256,1
72587202844,725,8720284,4
45882205643,458,8220564,3
58030635551,580,3063555,1
25441565094,254,4156509,4
75905038696,759,0503869,6
79560096722,795,6009672,2
59497835270,594,9783527,0
42657871543,426,5787154,3
69144644474,691,4464447,4
80759148451,807,5914845,1
62569748192,625,6974819,2
26329377342,263,2937734,2
80682880216,806,8288021,6
79484592566,794,8459256,6
86230995943,862,3099594,3
73098422412,730,9842241,2
93982223161,939,8222316,1
67490428420,674,9042842,0
46530681275,465,3068127,5
90530557863,905,3055786,3
68985467433,689,8546743,3
25529589591,255,2958959,1
37565228194,375,6522819,4
73701163661,737,0116366,1
23508176271,235,0817627,1
99061232723,990,6123272,3
10138477620,101,3847762,0
36081192256,360,8119225,6
40908136214,409,0813621,4
63685543082,636,8554308,2
38810556380,388,1055638,0
77341996605,773,4199660,5
37757219180,377,5721918,0
33795184320,337,9518432,0
53052481811,530,5248181,1
26344054521,263,4405452,1
50319169202,503,1916920,2
82858558622,828,5855862,2
11067296852,110,6729685,2
24205364900,242,0536490,0
97833055826,978,3305582,6
91223286241,912,2328624,1
74219144783,742,1914478,3
11496777623,114,9677762,3
90010573970,900,1057397,0
22881792576,228,8179257,6
37147883673,371,4788367,3
85747922491,857,4792249,1
37109452766,371,0945276,6
39371473596,393,7147359,6
81091446053,810,9144605,3
85875758821,858,7575882,1
31816348941,318,1634894,1
21342621986,213,4262198,6
25607392610,256,0739261,0
24990700014,249,9070001,4
63131344675,631,3134467,5
57868582803,578,6858280,3
62083242963,620,8324296,3
76353261014,763,5326101,4
69536192752,695,3619275,2
52113969652,521,1396965,2
98074346006,980,7434600,6
11630704312,116,3070431,2
27369341980,273,6934198,0
92396645953,923,9664595,3
62199957716,621,9995771,6
43265332034,432,6533203,4
64465478934,644,6547893,4
62820823834,628,2082383,4
94227628073,942,2762807,3
80656087624,806,5608762,4
33521575516,335,2157551,6
33141395090,331,4139509,0
81039349211,810,3934921,1
42591908762,425,9190876,2
70782551472,707,8255147,2
29479500304,294,7950030,4
58017424846,580,1742484,6
71961825981,719,6182598,1
10124126252,101,2412625,2
53391578224,533,9157822,4
97631633790,976,3163379,0
50663286204,506,6328620,4
12605542014,126,0554201,4
45397948902,453,9794890,2
96943211563,969,4321156,3
88592429561,885,9242956,1
69589079805,695,8907980,5
87888959443,878,8895944,3
53975614994,539,7561499,4
23587586841,235,8758684,1
51077438924,510,7743892,4
16253837895,162,5383789,5
54164190742,541,6419074,2
55289174784,552,8917478,4
73336330411,733,3633041,1
43592661180,435,9266118,0
27412389630,274,1238963,0
24575901391,245,7590139,1
38991272754,389,9127275,4
73207978304,732,0797830,4
29153119413,291,5311941,3
62157998272,621,5799827,2
43883324504,438,8332450,4
51208875382,512,0887538,2
99646132274,996,4613227,4
37258994850,372,5899485,0
17709892732,177,0989273,2
44186936003,441,8693600,3
38398297835,383,9829783,5
75344902454,753,4490245,4
46384465813,463,8446581,3
67149686814,671,4968681,4
48784065585,487,8406558,5
85040055940,850,4005594,0
81268963733,812,6896373,3
64552878200,645,5287820,0
65973398443,659,7339844,3
20517206055,205,1720605,5
87217937820,872,1793782,0
45591242525,455,9124252,5
66166542742,661,6654274,2
22073929503,220,7392950,3
87852818673,878,5281867,3
80852627412,808,5262741,2
54842240406,548,4224040,6
56628860624,566,2886062,4
70693485834,706,9348583,4
49687108733,496,8710873,3
16042260016,160,4226001,6
72396011381,723,9601138,1
43071749144,430,7174914,4
74098572734,740,9857273,4
11898235156,118,9823515,6
59655092966,596,5509296,6
10826059144,108,2605914,4
91381433056,913,8143305,6
48584404102,485,8440410,2
40650866386,406,5086638,6
36129822933,361,2982293,3
37222129830,372,2212983,0
20038419945,200,3841994,5
67071258673,670,7125867,3
87901493352,879,0149335,2
64876000480,648,7600048,0
68483585463,684,8358546,3
11099224895,110,9922489,5
25356939245,253,5693924,5
65624652212,656,2465221,2
61664853463,616,6485346,3
51536584895,515,3658489,5
59304161382,593,0416138,2
99067740444,990,6774044,4
20222412112,202,2241211,2
15434062023,154,3406202,3
98505995053,985,0599505,3
29820016562,298,2001656,2
18450900624,184,5090062,4
16353611054,163,5361105,4
77685138341,776,8513834,1
13997541120,139,9754112,0
35971443293,359,7144329,3
94526390254,945,2639025,4
88317115431,883,1711543,1
33099158772,330,9915877,2
59509646044,595,0964604,4
33084829836,330,8482983,6
37785146321,377,8514632,1
32106433374,321,0643337,4
62974352573,629,7435257,3
45153575172,451,5357517,2
12446177902,124,4617790,2
20906416285,209,0641628,5
77003958486,770,0395848,6
76749118866,767,4911886,6
20262503445,202,6250344,5
70027683064,700,2768306,4
86512509381,865,1250938,1
33564083283,335,6408328,3
67834194782,678,3419478,2
34253594353,342,5359435,3
64245947555,642,4594755,5
14763168671,147,6316867,1
96556918722,965,5691872,2
13040298026,130,4029802,6
72377862863,723,7786286,3
29392674195,293,9267419,5
53223050251,532,2305025,1
36838865591,368,3886559,1
13916996722,139,1699672,2
68243541014,682,4354101,4
45056580866,450,5658086,6
94479170632,944,7917063,2
92186038395,921,8603839,5
40576660495,405,7666049,5
97710683022,977,1068302,2
43790338903,437,9033890,3
35123217792,351,2321779,2
98442820735,984,4282073,5
48598604080,485,9860408,0
22161064720,221,6106472,0
27476012093,274,7601209,3
92038110741,920,3811074,1
52348601664,523,4860166,4
28463002185,284,6300218,5
51507946103,515,0794610,3
12522663574,125,2266357,4
57797230675,577,9723067,5
98722758272,987,2275827,2
36302923723,363,0292372,3
86146087930,861,4608793,0
87675817894,876,7581789,4
51307473042,513,0747304,2
73823591340,738,2359134,0
66910414985,669,1041498,5
82947663370,829,4766337,0
27782110830,277,8211083,0
82373877992,823,7387799,2
98886560473,988,8656047,3
80168937945,801,6893794,5
59992079471,599,9207947,1
91142583760,911,4258376,0
25287751271,252,8775127,1
89704231893,897,0423189,3
36309213965,363,0921396,5
64650478370,646,5047837,0
58021703360,580,2170336,0
67999597360,679,9959736,0
75673891905,756,7389190,5
58955103930,589,5510393,0
55406032060,554,0603206,0
43691170270,436,9117027,0
47694291935,476,9429193,5
16207322862,162,0732286,2
98258317103,982,5831710,3
28116017131,281,1601713,1
51280788310,512,8078831,0
50094593581,500,9459358,1
32219322096,322,1932209,6
48311238393,483,1123839,3
94397555120,943,9755512,0
23401111452,234,0111145,2
69357501460,693,5750146,0
68273707976,682,7370797,6
25341196225,253,4119622,5
10254289520,102,5428952,0
72199253304,721,9925330,4
53235232322,532,3523232,2
63132093194,631,3209319,4
59494792234,594,9479223,4
22460351575,224,6035157,5
92448689273,924,4868927,3
33056244812,330,5624481,2
17246339255,172,4633925,5
55816513896,558,1651389,6
92891841733,928,9184173,3
52716646750,527,1664675,0
63131734963,631,3173496,3
81692101581,816,9210158,1
65380333165,653,8033316,5
19214008626,192,1400862,6
12744022965,127,4402296,5
59337924172,593,3792417,2
92177795954,921,7779595,4
18639564345,186,3956434,5
69939533990,699,3953399,0
46792978613,467,9297861,3
85345897395,853,4589739,5
23600453696,236,0045369,6
41131027524,411,3102752,4
14483398403,144,8339840,3
36780572091,367,8057209,1
16098221542,160,9822154,2
18817757746,188,1775774,6
13818404690,138,1840469,0
78907452476,789,0745247,6
86098192142,860,9819214,2
62369614712,623,6961471,2
75330936051,753,3093605,1
77552943082,775,5294308,2
28055477502,280,5547750,2
83135782494,831,3578249,4
16587894341,165,8789434,1
10066524565,100,6652456,5
99989732943,999,8973294,3
22103649502,221,0364950,2
27779682700,277,7968270,0
65535818323,655,3581832,3
57364512530,573,6451253,0
78854236451,788,5423645,1
22160820850,221,6082085,0
61499399346,614,9939934,6
85439376914,854,3937691,4
56234425162,562,3442516,2
52216358802,522,1635880,2
48649912030,486,4991203,0
32256635764,322,5663576,4
41099146305,410,9914630,5
19003130724,190,0313072,4
80498897613,804,9889761,3
64725341846,647,2534184,6
12209889866,122,0988986,6
98594885262,985,9488526,2
89718267766,897,1826776,6
33728810603,337,2881060,3
68437312143,684,3731214,3
76237007392,762,3700739,2
23804589526,238,0458952,6
35105510115,351,0551011,5
34336535353,343,3653535,3
57372208254,573,7220825,4
36786774562,367,8677456,2
47230257130,472,3025713,0
83566978071,835,6697807,1
72813463381,728,1346338,1
10131658353,101,3165835,3
58826391776,588,2639177,6
75701707144,757,0170714,4
43729513360,437,2951336,0
57637076093,576,3707609,3
40968914203,409,6891420,3
76536189320,765,3618932,0
56807097243,568,0709724,3
20281201106,202,8120110,6
57189228486,571,8922848,6
58505635634,585,0563563,4
86194278841,861,9427884,1
69570367301,695,7036730,1
29098670996,290,9867099,6
72639014931,726,3901493,1
31009175274,310,0917527,4
42194598990,421,9459899,0
50092426112,500,9242611,2
40339042392,403,3904239,2
78140575092,781,4057509,2
60221516183,602,2151618,3
20395220720,203,9522072,0
51717023532,517,1702353,2
48333581566,483,3358156,6
17113270366,171,1327036,6
45545709581,455,4570958,1
84311543616,843,1154361,6
55515095466,555,1509546,6
61175401173,611,7540117,3
51142940104,511,4294010,4
87784021680,877,8402168,0
38165443644,381,6544364,4
38447313791,384,4731379,1
90809213572,908,0921357,2
56718026173,567,1802617,3
33411344594,334,1134459,4
31631546815,316,3154681,5
63297046882,632,9704688,2
27432180530,274,3218053,0
27811926672,278,1192667,2
54299764553,542,9976455,3
41413677134,414,1367713,4
39961071624,399,6107162,4
23317868383,233,1786838,3
93789352641,937,8935264,1
79199265924,791,9926592,4
96862931664,968,6293166,4
29654479573,296,5447957,3
20262224623,202,6222462,3
24414114211,244,1411421,1
58455547081,584,5554708,1
75271809873,752,7180987,3
34420308984,344,2030898,4
40851372806,408,5137280,6
38312351280,383,1235128,0
44246046632,442,4604663,2
77966017841,779,6601784,1
25483408481,254,8340848,1
80812745740,808,1274574,0
63592266080,635,9226608,0
87907286354,879,0728635,4
40273775160,402,7377516,0
23321229285,233,2122928,5
28091469730,280,9146973,0
64130889572,641,3088957,2
59417402382,594,1740238,2
38794002550,387,9400255,0
77055896761,770,5589676,1
56122142423,561,2214242,3
18763908701,187,6390870,1
77078856740,770,7885674,0
61937925835,619,3792583,5
89959634966,899,5963496,6
86025599001,860,2559900,1
69313104055,693,1310405,5
46426569070,464,2656907,0
91592178511,915,9217851,1
39566025584,395,6602558,4
27435222933,274,3522293,3
40551203282,405,5120328,2
64861606550,648,6160655,0
70656359530,706,5635953,0
87016794793,870,1679479,3
92588872013,925,8887201,3
41274360342,412,7436034,2
68854845295,688,5484529,5
37137678701,371,3767870,1
20881139002,208,8113900,2
77325490191,773,2549019,1
41143623951,411,4362395,1
76345923255,763,4592325,5
60483160151,604,8316015,1
56645906825,566,4590682,5
83476102343,834,7610234,3
87283047173,872,8304717,3
74078905062,740,7890506,2
60652601682,606,5260168,2
94588793465,945,8879346,5
30747198653,307,4719865,3
32076248663,320,7624866,3
55271174133,552,7117413,3
99981717383,999,8171738,3
66275904736,662,7590473,6
70435126423,704,3512642,3
10521519960,105,2151996,0
23192740373,231,9274037,3
26602081880,266,0208188,0
99929064814,999,2906481,4
25981131746,259,8113174,6
27395084031,273,9508403,1
21162980693,211,6298069,3
10008427143,100,0842714,3
86269823172,862,6982317,2
42760236900,427,6023690,0
82273801694,822,7380169,4
52248126400,522,4812640,0
51935634343,519,3563434,3
82474597171,824,7459717,1
19614957876,196,1495787,6
98333860894,983,3386089,4
76470914552,764,7091455,2
22159756792,221,5975679,2
90536273860,905,3627386,0
21441385075,214,4138507,5
26335355044,263,3535504,4
91614515803,916,1451580,3
12860462245,128,6046224,5
84657907806,846,5790780,6
78834429471,788,3442947,1
60037060593,600,3706059,3
79936164565,799,3616456,5
82668850175,826,6885017,5
47780128976,477,8012897,6
14009344101,140,0934410,1
55838506622,558,3850662,2
58939987114,589,3998711,4
10068395684,100,6839568,4
80381041285,803,8104128,5
71638801330,716,3880133,0
11733683890,117,3368389,0
19581946874,195,8194687,4
85517592976,855,1759297,6
94102212376,941,0221237,6
53281788756,532,8178875,6
56268938966,562,6893896,6
90424069751,904,2406975,1
12896268673,128,9626867,3
96110949474,961,1094947,4
10667233214,106,6723321,4
21321609170,213,2160917,0
86423095841,864,2309584,1
24766584891,247,6658489,1
36081029171,360,8102917,1
96095496402,960,9549640,2
69195538664,691,9553866,4
12162439882,121,6243988,2
38068602886,380,6860288,6
49199521733,491,9952173,3
94296195516,942,9619551,6
48755176861,487,5517686,1
20650779814,206,5077981,4
39790001184,397,9000118,4
52617895192,526,1789519,2
65947768296,659,4776829,6
23894524880,238,9452488,0
38172988173,381,7298817,3
58314528703,583,1452870,3
80170363443,801,7036344,3
20999870464,209,9987046,4
63089772060,630,8977206,0
42499596876,424,9959687,6
43369090084,433,6909008,4
43970944690,439,7094469,0
47319037345,473,1903734,5
44802191992,448,0219199,2
27319422476,273,1942247,6
59308150931,593,0815093,1
24824208402,248,2420840,2
50751034001,507,5103400,1
39180560660,391,8056066,0
51718291251,517,1829125,1
70890480960,708,9048096,0
77417877856,774,1787785,6
31349044216,313,4904421,6
14377809276,143,7780927,6
92559573245,925,5957324,5
18051409316,180,5140931,6
73631753075,736,3175307,5
27928183563,279,2818356,3
23110697353,231,1069735,3
53924703410,539,2470341,0
54732361234,547,3236123,4
37614847131,376,1484713,1
91749163586,917,4916358,6
93009937280,930,0993728,0
49254403831,492,5440383,1
91692782634,916,9278263,4
30896764685,308,9676468,5
32962504984,329,6250498,4
68705398376,687,0539837,6
16413205034,164,1320503,4
96800992283,968,0099228,3
21905192732,219,0519273,2
92522033531,925,2203353,1
53015472792,530,1547279,2
67329626561,673,2962656,1
69684863360,696,8486336,0
59042618765,590,4261876,5
91741122343,917,4112234,3
74927319092,749,2731909,2
18747634200,187,4763420,0
72880117394,728,8011739,4
29081556504,290,8155650,4
85917359852,859,1735985,2
53549411391,535,4941139,1
13669886023,136,6988602,3
64264370032,642,6437003,2
61297348055,612,9734805,5
75533800304,755,3380030,4
16613295596,166,1329559,6
28769099852,287,6909985,2
41911918783,419,1191878,3
49287508355,492,8750835,5
73464757430,734,6475743,0
42825729656,428,2572965,6
96516415526,965,1641552,6
48149536015,481,4953601,5
37690258191,376,9025819,1
80656110520,806,5611052,0
88827847094,888,2784709,4
56719947485,567,1994748,5
49007246405,490,0724640,5
19973038154,199,7303815,4
45410339794,454,1033979,4
79350642685,793,5064268,5
14502052183,145,0205218,3
57872339656,578,7233965,6
90786916981,907,8691698,1
41585707150,415,8570715,0
10681787081,106,8178708,1
66558870232,665,5887023,2
82223143626,822,2314362,6
90097761385,900,9776138,5
72631927455,726,3192745,5
85224363723,852,2436372,3
33327729570,333,2772957,0
20494658203,204,9465820,3
52657308740,526,5730874,0
69626500505,696,2650050,5
94586975614,945,8697561,4
54055835870,540,5583587,0
47375403605,473,7540360,5
33278279764,332,7827976,4
83302765042,833,0276504,2
60343498993,603,4349899,3
76021366774,760,2136677,4
43163109711,431,6310971,1
60202292995,602,0229299,5
29580545680,295,8054568,0
78029419915,780,2941991,5
72462202300,724,6220230,0
96317248254,963,1724825,4
12205558703,122,0555870,3
81018283520,810,1828352,0
42107444774,421,0744477,4
74272049372,742,7204937,2
65445468541,654,4546854,1
74910267121,749,1026712,1
67819210915,678,1921091,5
97115539813,971,1553981,3
33106657734,331,0665773,4
72490814982,724,9081498,2
98144900971,981,4490097,1
50764472305,507,6447230,5
70991061030,709,9106103,0
65581114856,655,8111485,6
55385531572,553,8553157,2
43471441975,434,7144197,5
91687852221,916,8785222,1
39873688790,398,7368879,0
64521943786,645,2194378,6
21292571634,212,9257163,4
10083806636,100,8380663,6
99162849751,991,6284975,1
61960461315,619,6046131,5
23500707120,235,0070712,0
86911672960,869,1167296,0
22216250466,222,1625046,6
10362039850,103,6203985,0
12341073913,123,4107391,3
69653884381,696,5388438,1
71301156196,713,0115619,6
11788231613,117,8823161,3
56500267861,565,0026786,1
45650492075,456,5049207,5
34630429984,346,3042998,4
34133912405,341,3391240,5
53317152511,533,1715251,1
60552264211,605,5226421,1
16036466091,160,3646609,1
75831861200,758,3186120,0
29579786941,295,7978694,1
73318105330,733,1810533,0
98620217916,986,2021791,6
11334325880,113,3432588,0
25228773583,252,2877358,3
67093924051,670,9392405,1
23997971961,239,9797196,1
52594252125,525,9425212,5
67986540822,679,8654082,2
98760423334,987,6042333,4
45258414095,452,5841409,5
36119479684,361,1947968,4
87699865971,876,9986597,1
15608377973,156,0837797,3
34984159602,349,8415960,2
13076204355,130,7620435,5
75442574816,754,4257481,6
16297678741,162,9767874,1
62192181334,621,9218133,4
52263152392,522,6315239,2
40466737302,404,6673730,2
57425118960,574,2511896,0
97449597470,974,4959747,0
63160214033,631,6021403,3
59236169792,592,3616979,2
14387041932,143,8704193,2
97797745422,977,9774542,2
91433583241,914,3358324,1
90159922024,901,5992202,4
75781969755,757,8196975,5
89207847274,892,0784727,4
21723163816,217,2316381,6
29043863363,290,4386336,3
87668900534,876,6890053,4
25721646722,257,2164672,2
71210972513,712,1097251,3
21363319180,213,6331918,0
15387122165,153,8712216,5
90686474553,906,8647455,3
39935874841,399,3587484,1
47275513974,472,7551397,4
86347129115,863,4712911,5
41085986662,410,8598666,2
24217115894,242,1711589,4
90753171095,907,5317109,5
91774592064,917,7459206,4
68483739612,684,8373961,2
16353084183,163,5308418,3
63756465014,637,5646501,4
10228521323,102,2852132,3
79124427924,791,2442792,4
93491279795,934,9127979,5
10275311685,102,7531168,5
79822700875,798,2270087,5
34946612141,349,4661214,1
72800312284,728,0031228,4
26699332224,266,9933222,4
41113166171,411,1316617,1
89212508765,892,1250876,5
41351393790,413,5139379,0
51577195663,515,7719566,3
26321264124,263,2126412,4
66753675485,667,5367548,5
86807653682,868,0765368,2
87346394313,873,4639431,3
88288171050,882,8817105,0
22524112343,225,2411234,3
51391861156,513,9186115,6
22881281675,228,8128167,5
64402338796,644,0233879,6
41664370193,416,6437019,3
55449079830,554,4907983,0
98619667170,986,1966717,0
84767329264,847,6732926,4
35096573676,350,9657367,6
26148015675,261,4801567,5
22566506505,225,6650650,5
52130371376,521,3037137,6
85405597490,854,0559749,0
45653356441,456,5335644,1
74263294784,742,6329478,4
31977998204,319,7799820,4
95556432346,955,5643234,6
10196234152,101,9623415,2
80555405794,805,5540579,4
38158768932,381,5876893,2
73838655103,738,3865510,3
31341741700,313,4174170,0
54855196931,548,5519693,1
37222782680,372,2278268,0
93265751741,932,6575174,1
15872233551,158,7223355,1
11338285473,113,3828547,3
45979389255,459,7938925,5
27640316163,276,4031616,3
32320516593,323,2051659,3
63667403542,636,6740354,2
77916973990,779,1697399,0
72212668464,722,1266846,4
25027117910,250,2711791,0
57354021432,573,5402143,2
22367914472,223,6791447,2
15697622070,156,9762207,0
30373252852,303,7325285,2
78336690770,783,3669077,0
23172200763,231,7220076,3
28609655745,286,0965574,5
49560567852,495,6056785,2
81727962624,817,2796262,4
89384979674,893,8497967,4
61601634203,616,0163420,3
90139964581,901,3996458,1
43575421214,435,7542121,4
41755470651,417,5547065,1
81610777924,816,1077792,4
39096418501,390,9641850,1
51952613760,519,5261376,0
82648324764,826,4832476,4
80749349502,807,4934950,2
64225408105,642,2540810,5
58303782922,583,0378292,2
93659963550,936,5996355,0
77969070114,779,6907011,4
12129794053,121,2979405,3
68517133371,685,1713337,1
98438423650,984,3842365,0
35072050510,350,7205051,0
72089438386,720,8943838,6
13070608113,130,7060811,3
82425520190,824,2552019,0
14769049035,147,6904903,5
88377848556,883,7784855,6
94332742715,943,3274271,5
34971988993,349,7198899,3
16981321403,169,8132140,3
53038668140,530,3866814,0
22869599540,228,6959954,0
24250372720,242,5037272,0
68942885053,689,4288505,3
18077320264,180,7732026,4
79722034775,797,2203477,5
29747017772,297,4701777,2
67357212755,673,5721275,5
10466233852,104,6623385,2
79015228781,790,1522878,1
85389750751,853,8975075,1
89604193583,896,0419358,3
47459518134,474,5951813,4
94301455210,943,0145521,0
57574272064,575,7427206,4
50320382631,503,2038263,1
78615235570,786,1523557,0
64027740754,640,2774075,4
75659873810,756,5987381,0
39602279052,396,0227905,2
44582655336,445,8265533,6
59624888471,596,2488847,1
49714799564,497,1479956,4
63914426380,639,1442638,0
84300949991,843,0094999,1
28020866210,280,2086621,0
63896130796,638,9613079,6
52518124660,525,1812466,0
26195045753,261,9504575,3
58660631394,586,6063139,4
97123835610,971,2383561,0
34100568701,341,0056870,1
86148154225,861,4815422,5
15482633095,154,8263309,5
20969118765,209,6911876,5
63151977442,631,5197744,2
34785095835,347,8509583,5
81878063700,818,7806370,0
76605642730,766,0564273,0
74875877023,748,7587702,3
67020027353,670,2002735,3
78567449590,785,6744959,0
71944765696,719,4476569,6
61058804383,610,5880438,3
56472343833,564,7234383,3
87812982490,878,1298249,0
52724976152,527,2497615,2
39065977062,390,6597706,2
85253304100,852,5330410,0
84283317164,842,8331716,4
88430138206,884,3013820,6
85150350040,851,5035004,0
81220560711,812,2056071,1
70936852115,709,3685211,5
55737619840,557,3761984,0
80511347136,805,1134713,6
34467497166,344,6749716,6
30873074901,308,7307490,1
89038880964,890,3888096,4
85015718015,850,1571801,5
32711364192,327,1136419,2
17769138375,177,6913837,5
70264220012,702,6422001,2
95095553474,950,9555347,4
12372031370,123,7203137,0
82041397153,820,4139715,3
61328443681,613,2844368,1
54993938051,549,9393805,1
50771337933,507,7133793,3
18964259544,189,6425954,4
63549610061,635,4961006,1
87403316593,874,0331659,3
74920736011,749,2073601,1
32531018490,325,3101849,0
47989049390,479,8904939,0
67213512805,672,1351280,5
12146561801,121,4656180,1
67305544785,673,0554478,5
19148280480,191,4828048,0
86053369485,860,5336948,5
25244294815,252,4429481,5
99606314141,996,0631414,1
53003438833,530,0343883,3
53214629011,532,1462901,1
90740117270,907,4011727,0
43199110565,431,9911056,5
43912792075,439,1279207,5
31422866826,314,2286682,6
69639384571,696,3938457,1
80236129155,802,3612915,5
19543120366,195,4312036,6
92442548755,924,4254875,5
85823044665,858,2304466,5
15364989085,153,6498908,5
65989659115,659,8965911,5
65598988851,655,9898885,1
96896561351,968,9656135,1
94586349101,945,8634910,1
48494550066,484,9455006,6
27706831285,277,0683128,5
76150945200,761,5094520,0
92408753810,924,0875381,0
35343170425,353,4317042,5
93457855264,934,5785526,4
46651434256,466,5143425,6
96460830603,964,6083060,3
80653676175,806,5367617,5
51895808245,518,9580824,5
95857958630,958,5795863,0
13770338060,137,7033806,0
50102724581,501,0272458,1
19612576656,196,1257665,6
14740224326,147,4022432,6
25785432553,257,8543255,3
58286456903,582,8645690,3
97923608144,979,2360814,4
29629771143,296,2977114,3
42913380466,429,1338046,6
44692140952,446,9214095,2
88573925566,885,7392556,6
67705702174,677,0570217,4
67665918802,676,6591880,2
15899739762,158,9973976,2
65608227282,656,0822728,2
53019800293,530,1980029,3
38293731000,382,9373100,0
47504148726,475,0414872,6
99787359106,997,8735910,6
45309373002,453,0937300,2
59594511131,595,9451113,1
62178402824,621,7840282,4
29152032832,291,5203283,2
38086860374,380,8686037,4
29522682470,295,2268247,0
99279858650,992,7985865,0
53871153303,538,7115330,3
63268733166,632,6873316,6
26632062246,266,3206224,6
46908070384,469,0807038,4
61460215030,614,6021503,0
51614206060,516,1420606,0
19152929782,191,5292978,2
72825880366,728,2588036,6
62730525451,627,3052545,1
51255134173,512,5513417,3
50663379716,506,6337971,6
57602717130,576,0271713,0
38779710775,387,7971077,5
41632148300,416,3214830,0
47079455831,470,7945583,1
95090696441,950,9069644,1
47877431634,478,7743163,4
54809797135,548,0979713,5
37028107891,370,2810789,1
32521358542,325,2135854,2
74617874681,746,1787468,1
15662550991,156,6255099,1
13768715943,137,6871594,3
46086760413,460,8676041,3
53107396624,531,0739662,4
62620297032,626,2029703,2
44431041263,444,3104126,3
33460108441,334,6010844,1
26349863111,263,4986311,1
65698704165,656,9870416,5
37240034396,372,4003439,6
68390221832,683,9022183,2
21149716523,211,4971652,3
66002433283,660,0243328,3
10273494411,102,7349441,1
75665975495,756,6597549,5
44570950436,445,7095043,6
89161542821,891,6154282,1
13250786632,132,5078663,2
16276660003,162,7666000,3
16254500712,162,5450071,2
68545778066,685,4577806,6
23288564861,232,8856486,1
90761426315,907,6142631,5
81365862634,813,6586263,4
41160646875,411,6064687,5
47159272894,471,5927289,4
68928954740,689,2895474,0
70106855561,701,0685556,1
51260285970,512,6028597,0
94286650582,942,8665058,2
51494165635,514,9416563,5
35050646634,350,5064663,4
99262175932,992,6217593,2
83161566093,831,6156609,3
60195468194,601,9546819,4
38797256650,387,9725665,0
74844473775,748,4447377,5
75376699626,753,7669962,6
48314975842,483,1497584,2
33901287996,339,0128799,6
40013523853,400,1352385,3
41957778026,419,5777802,6
41277156011,412,7715601,1
94551768244,945,5176824,4
99089015581,990,8901558,1
40120756242,401,2075624,2
61745410216,617,4541021,6
84671593720,846,7159372,0
84918975825,849,1897582,5
89142510944,891,4251094,4
27283663573,272,8366357,3
62987858816,629,8785881,6
59984664781,599,8466478,1
71879260782,718,7926078,2
77867746953,778,6774695,3
36481927925,364,8192792,5
71903261534,719,0326153,4
39194618101,391,9461810,1
49899827194,498,9982719,4
62865892180,628,6589218,0
62810954312,628,1095431,2
34254326150,342,5432615,0
57424470353,574,2447035,3
87112549653,871,1254965,3
85548405884,855,4840588,4
58001492911,580,0149291,1
18092344492,180,9234449,2
87885030060,878,8503006,0
32512378573,325,1237857,3
65667828353,656,6782835,3
99419411661,994,1941166,1
21416888585,214,1688858,5
31197883932,311,9788393,2
97826515742,978,2651574,2
39184917335,391,8491733,5
24933497254,249,3349725,4
88160718162,881,6071816,2
78605553364,786,0555336,4
72469750322,724,6975032,2
91218550463,912,1855046,3
48869111211,488,6911121,1
79417270524,794,1727052,4
75248869330,752,4886933,0
23564361175,235,6436117,5
66594259986,665,9425998,6
69907073986,699,0707398,6
11001002282,110,0100228,2
56394206852,563,9420685,2
58328145872,583,2814587,2
20594884320,205,9488432,0
26822605810,268,2260581,0
99846455550,998,4645555,0
52701031154,527,0103115,4
99148608772,991,4860877,2
64285951604,642,8595160,4
30617985310,306,1798531,0
40318572194,403,1857219,4
46383815774,463,8381577,4
46832411042,468,3241104,2
73614011085,736,1401108,5
59363889580,593,6388958,0
93400454942,934,0045494,2
33536518190,335,3651819,0
71897173093,718,9717309,3
70222352460,702,2235246,0
88243487075,882,4348707,5
64340465526,643,4046552,6
39150383945,391,5038394,5
26681257670,266,8125767,0
33421467036,334,2146703,6
69878003921,698,7800392,1
46173721223,461,7372122,3
67230205906,672,3020590,6
49546864595,495,4686459,5
71823565113,718,2356511,3
17229890311,172,2989031,1
27181081533,271,8108153,3
29709555125,297,0955512,5
43995930282,439,9593028,2
49746898665,497,4689866,5
51182216115,511,8221611,5
15054870170,150,5487017,0
77987999641,779,8799964,1
40887990002,408,8799000,2
27989568096,279,8956809,6
92456140972,924,5614097,2
75830993901,758,3099390,1
90594105890,905,9410589,0
96704519191,967,0451919,1
37628764632,376,2876463,2
38916370420,389,1637042,0
31494614392,314,9461439,2
76459729304,764,5972930,4
78810155090,788,1015509,0
63784104983,637,8410498,3
83828108046,838,2810804,6
50605190702,506,0519070,2
80166279734,801,6627973,4
15078220526,150,7822052,6
28184791795,281,8479179,5
27002441093,270,0244109,3
33174855230,331,7485523,0
69477313861,694,7731386,1
25802951814,258,0295181,4
48416112946,484,1611294,6
18970895891,189,7089589,1
54570052046,545,7005204,6
29270344643,292,7034464,3
26876212335,268,7621233,5
50303404221,503,0340422,1
85808940016,858,0894001,6
59667476394,596,6747639,4
39765024800,397,6502480,0
38523324841,385,2332484,1
32793206840,327,9320684,0
40786764473,407,8676447,3
86100475014,861,0047501,4
36790775783,367,9077578,3
31186627830,311,8662783,0
25252747402,252,5274740,2
49228609364,492,2860936,4
78543998163,785,4399816,3
23358591120,233,5859112,0
32359677433,323,5967743,3
31346610960,313,4661096,0
15277892996,152,7789299,6
99196540310,991,9654031,0
45908511402,459,0851140,2
59043755794,590,4375579,4
15848372640,158,4837264,0
84012698122,840,1269812,2
36409244474,364,0924447,4
90935980474,909,3598047,4
99106088760,991,0608876,0
51664643074,516,6464307,4
24534583282,245,3458328,2
44424456456,444,2445645,6
62126184795,621,2618479,5
46782473652,467,8247365,2
59552208000,595,5220800,0
97479989381,974,7998938,1
50150384743,501,5038474,3
30232923623,302,3292362,3
87434697326,874,3469732,6
17458133226,174,5813322,6
75807382732,758,0738273,2
71090302396,710,9030239,6
60698052041,606,9805204,1
83763086765,837,6308676,5
97584086060,975,8408606,0
42521688312,425,2168831,2
86925780542,869,2578054,2
60000239554,600,0023955,4
29635708993,296,3570899,3
92217510502,922,1751050,2
51762448991,517,6244899,1
56075568270,560,7556827,0
13253053935,132,5305393,5
68655053355,686,5505335,5
35973987881,359,7398788,1
52164920446,521,6492044,6
18525529651,185,2552965,1
54116042320,541,1604232,0
36892929484,368,9292948,4
45905737150,459,0573715,0
84939483424,849,3948342,4
97479883441,974,7988344,1
28081202633,280,8120263,3
12466362685,124,6636268,5
73332171963,733,3217196,3
87146735534,871,4673553,4
62719075211,627,1907521,1
13310629855,133,1062985,5
16350084854,163,5008485,4
30188184281,301,8818428,1
39157670234,391,5767023,4
18006010336,180,0601033,6
47636706491,476,3670649,1
50663926600,506,6392660,0
50173733445,501,7373344,5
62510245882,625,1024588,2
75376861842,753,7686184,2
96046592483,960,4659248,3
37602958131,376,0295813,1
29412455410,294,1245541,0
12082252256,120,8225225,6
22988131614,229,8813161,4
96534910946,965,3491094,6
62018750830,620,1875083,0
50825268826,508,2526882,6
52417478344,524,1747834,4
65666317095,656,6631709,5
50372099256,503,7209925,6
18288006666,182,8800666,6
59456411914,594,5641191,4
53486602044,534,8660204,4
55614918821,556,1491882,1
18473047210,184,7304721,0
23150537730,231,5053773,0
90733759924,907,3375992,4
46077413160,460,7741316,0
25845685743,258,4568574,3
69705132555,697,0513255,5
52040410415,520,4041041,5
49661889124,496,6188912,4
17928190215,179,2819021,5
27442306050,274,4230605,0
75177360905,751,7736090,5
42957589280,429,5758928,0
74678993814,746,7899381,4
55194996126,551,9499612,6
34325810052,343,2581005,2
62737200742,627,3720074,2
89622512363,896,2251236,3
91545578612,915,4557861,2
38530605545,385,3060554,5
24806058833,248,0605883,3
47818357333,478,1835733,3
91186816742,911,8681674,2
15369622112,153,6962211,2
64515984706,645,1598470,6
55758959241,557,5895924,1
46504282136,465,0428213,6
67524996102,675,2499610,2
68139599072,681,3959907,2
72818338255,728,1833825,5
19830690451,198,3069045,1
40442190781,404,4219078,1
81859341986,818,5934198,6
52387897550,523,8789755,0
11332226326,113,3222632,6
35910793880,359,1079388,0
50382341315,503,8234131,5
73706299254,737,0629925,4
17732494870,177,3249487,0
10730260032,107,3026003,2
37572769665,375,7276966,5
11483264284,114,8326428,4
62852378040,628,5237804,0
48598409776,485,9840977,6
15246973190,152,4697319,0
47808319193,478,0831919,3
60142569863,601,4256986,3
76336664634,763,3666463,4
26486838696,264,8683869,6
31151686185,311,5168618,5
16836549183,168,3654918,3
34027010094,340,2701009,4
77354343354,773,5434335,4
24435433245,244,3543324,5
95593088460,955,9308846,0
71908477521,719,0847752,1
90760428014,907,6042801,4
96459340816,964,5934081,6
46959547594,469,5954759,4
86425447136,864,2544713,6
73892772243,738,9277224,3
51851064851,518,5106485,1
32768841042,327,6884104,2
88839423820,888,3942382,0
53567375503,535,6737550,3
81387002681,813,8700268,1
96542104195,965,4210419,5
18804306144,188,0430614,4
24693540351,246,9354035,1
54175429070,541,7542907,0
84733795382,847,3379538,2
50018231882,500,1823188,2
79181519880,791,8151988,0
18233237151,182,3323715,1
66375683625,663,7568362,5
29090998542,290,9099854,2
92531822342,925,3182234,2
41137373324,411,3737332,4
19658746240,196,5874624,0
31118091282,311,1809128,2
62435355881,624,3535588,1
94982569752,949,8256975,2
76292858590,762,9285859,0
89191960105,891,9196010,5
64691290586,646,9129058,6
54309036021,543,0903602,1
36407796011,364,0779601,1
85929684164,859,2968416,4
60686684242,606,8668424,2
78906958536,789,0695853,6
65609216565,656,0921656,5
33287396414,332,8739641,4
24777158803,247,7715880,3
31017189512,310,1718951,2
84280920913,842,8092091,3
89435985166,894,3598516,6
35224124143,352,2412414,3
56898773595,568,9877359,5
81946814835,819,4681483,5
68160697955,681,6069795,5
93878569506,938,7856950,6
23773083164,237,7308316,4
16103586044,161,0358604,4
32601676915,326,0167691,5
47072366983,470,7236698,3
60156500583,601,5650058,3
88572713073,885,7271307,3
40443811101,404,4381110,1
55980415862,559,8041586,2
47474748430,474,7474843,0
88435066476,884,3506647,6
97750808356,977,5080835,6
23125116254,231,2511625,4
41152669676,411,5266967,6
45855996180,458,5599618,0
25851914636,258,5191463,6
32385348030,323,8534803,0
92960516810,929,6051681,0
66356439401,663,5643940,1
56615449021,566,1544902,1
39015513910,390,1551391,0
40890829660,408,9082966,0
40224918096,402,2491809,6
82096020801,820,9602080,1
88924740514,889,2474051,4
39813387773,398,1338777,3
47918098941,479,1809894,1
23314263541,233,1426354,1
99228737310,992,2873731,0
47757168305,477,5716830,5
96710665334,967,1066533,4
38699348436,386,9934843,6
83276408024,832,7640802,4
94161972763,941,6197276,3
92670194091,926,7019409,1
74759279124,747,5927912,4
77380896632,773,8089663,2
79264930660,792,6493066,0
37091649902,370,9164990,2
33403576974,334,0357697,4
74768177904,747,6817790,4
10470834755,104,7083475,5
76706435636,767,0643563,6
97476328124,974,7632812,4
39555318580,395,5531858,0
36572669261,365,7266926,1
68109297385,681,0929738,5
21905905165,219,0590516,5
50094356416,500,9435641,6
65976697311,659,7669731,1
18539285986,185,3928598,6
11317344064,113,1734406,4
71101190213,711,0119021,3
33163833484,331,6383348,4
89158564704,891,5856470,4
55592334590,555,9233459,0
42881191451,428,8119145,1
27087844435,270,8784443,5
46424237150,464,2423715,0
43031385290,430,3138529,0
19347029730,193,4702973,0
29058929906,290,5892990,6
24657204974,246,5720497,4
23929978510,239,2997851,0
47501340996,475,0134099,6
35158476990,351,5847699,0
70804112183,708,0411218,3
27633730496,276,3373049,6
32393310340,323,9331034,0
17258546676,172,5854667,6
84308666234,843,0866623,4
98101416393,981,0141639,3
76066180823,760,6618082,3
85642952211,856,4295221,1
17604833473,176,0483347,3
47084749965,470,8474996,5
15269080791,152,6908079,1
81540117013,815,4011701,3
31747008646,317,4700864,6
49935327624,499,3532762,4
32366807871,323,6680787,1
34453646356,344,5364635,6
99191311406,991,9131140,6
64509873961,645,0987396,1
57582451904,575,8245190,4
21794453475,217,9445347,5
77633230482,776,3323048,2
64578608142,645,7860814,2
65942057320,659,4205732,0
37964851102,379,6485110,2
13700191685,137,0019168,5
92335298303,923,3529830,3
54746653173,547,4665317,3
20150510336,201,5051033,6
74455424711,744,5542471,1
21260144620,212,6014462,0
93435705412,934,3570541,2
15676319694,156,7631969,4
61868553231,618,6855323,1
79755936475,797,5593647,5
50430990774,504,3099077,4
79501999772,795,0199977,2
35029546872,350,2954687,2
21308709030,213,0870903,0
85540686474,855,4068647,4
27518876835,275,1887683,5
61376111891,613,7611189,1
77854209920,778,5420992,0
78950455393,789,5045539,3
98336604280,983,3660428,0
59673975654,596,7397565,4
61376052986,613,7605298,6
69882274013,698,8227401,3
26655643670,266,5564367,0
79913803564,799,1380356,4
52187634535,521,8763453,5
78411865634,784,1186563,4
37153231982,371,5323198,2
87159040086,871,5904008,6
82623823345,826,2382334,5
34451680194,344,5168019,4
18280534500,182,8053450,0
35471021475,354,7102147,5
71325384723,713,2538472,3
53550001225,535,5000122,5
85552256756,855,5225675,6
76952879660,769,5287966,0
18115793374,181,1579337,4
21768868335,217,6886833,5
26871806295,268,7180629,5
53089065295,530,8906529,5
41715184252,417,1518425,2
18993629144,189,9362914,4
94759836713,947,5983671,3
16477758186,164,7775818,6
22513422054,225,1342205,4
50391934044,503,9193404,4
37955571261,379,5557126,1
23218886435,232,1888643,5
78804397993,788,0439799,3
14561524416,145,6152441,6
18920198953,189,2019895,3
65847019902,658,4701990,2
72881104096,728,8110409,6
88202202205,882,0220220,5
26289659120,262,8965912,0
52496996076,524,9699607,6
55784091241,557,8409124,1
80337887343,803,3788734,3
39887575573,398,8757557,3
57933955004,579,3395500,4
22951826926,229,5182692,6
42907159091,429,0715909,1
16130541725,161,3054172,5
75493996234,754,9399623,4
81919353173,819,1935317,3
49817908574,498,1790857,4
41290756681,412,9075668,1
55317775794,553,1777579,4
16627337070,166,2733707,0
36607539745,366,0753974,5
18220842320,182,2084232,0
21180249301,211,8024930,1
18104067573,181,0406757,3
88071502401,880,7150240,1
34958780056,349,5878005,6
10499606922,104,9960692,2
81706507213,817,0650721,3
14506510000,145,0651000,0
32757702205,327,5770220,5
71713932663,717,1393266,3
26508529690,265,0852969,0
22680137133,226,8013713,3
14124302103,141,2430210,3
95561933123,955,6193312,3
97316590826,973,1659082,6
61782633332,617,8263333,2
17673699286,176,7369928,6
23119576620,231,1957662,0
42219373641,422,1937364,1
52380759354,523,8075935,4
14825609932,148,2560993,2
52380813181,523,8081318,1
16577706516,165,7770651,6
32255949744,322,5594974,4
12856515580,128,5651558,0
27528493536,275,2849353,6
58218090323,582,1809032,3
50868122731,508,6812273,1
77760668011,777,6066801,1
77013535670,770,1353567,0
99415154491,994,1515449,1
13691547202,136,9154720,2
13505548130,135,0554813,0
65718436270,657,1843627,0
16987670652,169,8767065,2
13836963356,138,3696335,6
10811575851,108,1157585,1
65333970476,653,3397047,6
16389983163,163,8998316,3
45214358690,452,1435869,0
91929541616,919,2954161,6
14550508841,145,5050884,1
42884545411,428,8454541,1
42341700961,423,4170096,1
48494456631,484,9445663,1
77152880971,771,5288097,1
17900960794,179,0096079,4
84962933806,849,6293380,6
16571671895,165,7167189,5
63233172960,632,3317296,0
20999307035,209,9930703,5
97972703166,979,7270316,6
69885497185,698,8549718,5
23328364032,233,2836403,2
19000646835,190,0064683,5
21986659115,219,8665911,5
88936371824,889,3637182,4
29687053020,296,8705302,0
31298584455,312,9858445,5
95297374253,952,9737425,3
67145832221,671,4583222,1
96860340913,968,6034091,3
92574741090,925,7474109,0
33819523306,338,1952330,6
97532469676,975,3246967,6
88787854366,887,8785436,6
71898927893,718,9892789,3
73371828685,733,7182868,5
39335271626,393,3527162,6
18522875314,185,2287531,4
50889905734,508,8990573,4
76252321254,762,5232125,4
23828145582,238,2814558,2
60182267191,601,8226719,1
88515120586,885,1512058,6
10080572244,100,8057224,4
39552538245,395,5253824,5
30514019173,305,1401917,3
18713408850,187,1340885,0
71914122812,719,1412281,2
20938542312,209,3854231,2
29324660643,293,2466064,3
50607141374,506,0714137,4
54388628175,543,8862817,5
57639923556,576,3992355,6
34078306161,340,7830616,1
95240398543,952,4039854,3
36851144204,368,5114420,4
33256701743,332,5670174,3
14298547003,142,9854700,3
32585496020,325,8549602,0
72778206241,727,7820624,1
47937836860,479,3783686,0
66073678473,660,7367847,3
21069652614,210,6965261,4
45397268421,453,9726842,1
58209192931,582,0919293,1
35361918776,353,6191877,6
57707411564,577,0741156,4
38466720465,384,6672046,5
89880011926,898,8001192,6
28790856373,287,9085637,3
59506751174,595,0675117,4
64303037886,643,0303788,6
67972165185,679,7216518,5
54123677483,541,2367748,3
97854864531,978,5486453,1
92306167701,923,0616770,1
60898295930,608,9829593,0
80417890756,804,1789075,6
17761029430,177,6102943,0
73012491472,730,1249147,2
37506571963,375,0657196,3
63968097436,639,6809743,6
49613253622,496,1325362,2
18677703746,186,7770374,6
47507780432,475,0778043,2
54805861962,548,0586196,2
19109011834,191,0901183,4
38449530964,384,4953096,4
77890026270,778,9002627,0
29715718380,297,1571838,0
79964299423,799,6429942,3
97855585335,978,5558533,5
51366588926,513,6658892,6
57803522486,578,0352248,6
35722350413,357,2235041,3
71997866603,719,9786660,3
10078246645,100,7824664,5
84230528490,842,3052849,0
82268719962,822,6871996,2
18384653426,183,8465342,6
42385403515,423,8540351,5
40579500822,405,7950082,2
68312733686,683,1273368,6
81416687935,814,1668793,5
31161127965,311,6112796,5
91212754264,912,1275426,4
68465552330,684,6555233,0
35961150014,359,6115001,4
23282123965,232,8212396,5
73207809952,732,0780995,2
66551831805,665,5183180,5
34776108744,347,7610874,4
93530501225,935,3050122,5
41496784676,414,9678467,6
73941770285,739,4177028,5
58547244811,585,4724481,1
41261913650,412,6191365,0
75812594042,758,1259404,2
51535753336,515,3575333,6
78241981630,782,4198163,0
97456904540,974,5690454,0
38962847443,389,6284744,3
75168712125,751,6871212,5
10426439976,104,2643997,6
70154659496,701,5465949,6
85374994600,853,7499460,0
19170233431,191,7023343,1
59610712161,596,1071216,1
76830409293,768,3040929,3
25397469133,253,9746913,3
21562279336,215,6227933,6
18546848114,185,4684811,4
94066288632,940,6628863,2
93519516812,935,1951681,2
73482903601,734,8290360,1
31368449225,313,6844922,5
42438457226,424,3845722,6
93380714145,933,8071414,5
68243463036,682,4346303,6
94254070154,942,5407015,4
83034318304,830,3431830,4
53104987641,531,0498764,1
26681195556,266,8119555,6
65616038582,656,1603858,2
22715761782,227,1576178,2
14308712884,143,0871288,4
57254250070,572,5425007,0
75957152374,759,5715237,4
49993455605,499,9345560,5
51912035560,519,1203556,0
38378579140,383,7857914,0
89870178375,898,7017837,5
21912882102,219,1288210,2
68606843176,686,0684317,6
86431150814,864,3115081,4
73187505146,731,8750514,6
37006901424,370,0690142,4
69815214126,698,1521412,6
24727671803,247,2767180,3
23386942764,233,8694276,4
15038422483,150,3842248,3
78312120545,783,1212054,5
32965139566,329,6513956,6
39999211640,399,9921164,0
34797574934,347,9757493,4
49144022605,491,4402260,5
19026665215,190,2666521,5
35921300325,359,2130032,5
33828663032,338,2866303,2
60646709576,606,4670957,6
13451949305,134,5194930,5
63476482441,634,7648244,1
81814315470,818,1431547,0
62958660390,629,5866039,0
62231041594,622,3104159,4
86524066595,865,2406659,5
58038339072,580,3833907,2
35741233133,357,4123313,3
25238172773,252,3817277,3
17529610481,175,2961048,1
79402411300,794,0241130,0
44742665251,447,4266525,1
69425114572,694,2511457,2
72962991455,729,6299145,5
83539175150,835,3917515,0
15315913482,153,1591348,2
80927075186,809,2707518,6
85905693350,859,0569335,0
49406868353,494,0686835,3
49625508294,496,2550829,4
99994464362,999,9446436,2
98896690831,988,9669083,1
98826619702,988,2661970,2
45479179935,454,7917993,5
66991548070,669,9154807,0
34689888002,346,8988800,2
25216274145,252,1627414,5
61663092164,616,6309216,4
34792287626,347,9228762,6
46634112651,466,3411265,1
46160327740,461,6032774,0
29441175880,294,4117588,0
67427188413,674,2718841,3
13135763255,131,3576325,5
36015562354,360,1556235,4
88484093925,884,8409392,5
30593611523,305,9361152,3
75487346885,754,8734688,5
38941681940,389,4168194,0
13118302603,131,1830260,3
15952219180,159,5221918,0
41457977305,414,5797730,5
23639779601,236,3977960,1
86702365075,867,0236507,5
43614188386,436,1418838,6
17719394785,177,1939478,5
14244097765,142,4409776,5
50890156121,508,9015612,1
49018077646,490,1807764,6
98163758691,981,6375869,1
23168598795,231,6859879,5
11041539675,110,4153967,5
99668153372,996,6815337,2
66164383450,661,6438345,0
49781136733,497,8113673,3
30184015490,301,8401549,0
78174302904,781,7430290,4
92243261850,922,4326185,0
80009901925,800,0990192,5
42758476510,427,5847651,0
28216966033,282,1696603,3
65839641844,658,3964184,4
18828429192,188,2842919,2
53924438310,539,2443831,0
45716895304,457,1689530,4
28241336233,282,4133623,3
19032493070,190,3249307,0
50864764972,508,6476497,2
17148055492,171,4805549,2
72217140006,722,1714000,6
47739537632,477,3953763,2
67986874772,679,8687477,2
11829539706,118,2953970,6
13314534155,133,1453415,5
51321500683,513,2150068,3
78706303772,787,0630377,2
10673188224,106,7318822,4
12410802121,124,1080212,1
70293416126,702,9341612,6
48921568636,489,2156863,6
38063335255,380,6333525,5
58636858003,586,3685800,3
97490874056,974,9087405,6
65421975354,654,2197535,4
58109706624,581,0970662,4
14954021564,149,5402156,4
80657299281,806,5729928,1
75557909124,755,5790912,4
61888508070,618,8850807,0
71276342261,712,7634226,1
47328282582,473,2828258,2
49772133746,497,7213374,6
34619810456,346,1981045,6
87434513675,874,3451367,5
35895893503,358,9589350,3
69293873006,692,9387300,6
60392874756,603,9287475,6
53221518582,532,2151858,2
41345321332,413,4532133,2
69404159716,694,0415971,6
98937821031,989,3782103,1
65594505591,655,9450559,1
77090569724,770,9056972,4
97210722883,972,1072288,3
95144330014,951,4433001,4
36111003673,361,1100367,3
50326517590,503,2651759,0
79083899985,790,8389998,5
24449986591,244,4998659,1
42926078685,429,2607868,5
83909491214,839,0949121,4
66895761320,668,9576132,0
79900312550,799,0031255,0
79669991062,796,6999106,2
78345331251,783,4533125,1
93999253175,939,9925317,5
62774975414,627,7497541,4
24410308880,244,1030888,0
21481665756,214,8166575,6
75921643861,759,2164386,1
25305636034,253,0563603,4
71063997803,710,6399780,3
16991028606,169,9102860,6
58979566803,589,7956680,3
39693699343,396,9369934,3
65743232426,657,4323242,6
11542484906,115,4248490,6
94845715891,948,4571589,1
77691302144,776,9130214,4
14391366903,143,9136690,3
25241504373,252,4150437,3
45869312146,458,6931214,6
88804337511,888,0433751,1
61182475840,611,8247584,0
53975958301,539,7595830,1
41783360844,417,8336084,4
23232519654,232,3251965,4
43571246252,435,7124625,2
81706427594,817,0642759,4
17966964236,179,6696423,6
83369017306,833,6901730,6
99848756601,998,4875660,1
86153472424,861,5347242,4
90196445960,901,9644596,0
97590897232,975,9089723,2
95914751676,959,1475167,6
52597014412,525,9701441,2
13188758515,131,8875851,5
40485881772,404,8588177,2
66022548691,660,2254869,1
82318768422,823,1876842,2
94108134731,941,0813473,1
75474510856,754,7451085,6
36145771572,361,4577157,2
83760800204,837,6080020,4
67024871171,670,2487117,1
77154232046,771,5423204,6
29782211543,297,8221154,3
92002449471,920,0244947,1
32608313940,326,0831394,0
57568477043,575,6847704,3
77442667384,774,4266738,4
33875127321,338,7512732,1
12856900322,128,5690032,2
74719652264,747,1965226,4
57376868130,573,7686813,0
97816914735,978,1691473,5
80018589760,800,1858976,0
18430610362,184,3061036,2
48459494570,484,5949457,0
58955228624,589,5522862,4
90280598624,902,8059862,4
72900700293,729,0070029,3
10396559731,103,9655973,1
52579986802,525,7998680,2
98114243823,981,1424382,3
82432506610,824,3250661,0
12308086320,123,0808632,0
67763667465,677,6366746,5
28381385515,283,8138551,5
37025361092,370,2536109,2
46540566050,465,4056605,0
60903689554,609,0368955,4
95351821505,953,5182150,5
92707981885,927,0798188,5
37712552833,377,1255283,3
72434193926,724,3419392,6
39143770290,391,4377029,0
95291772960,952,9177296,0
36768448485,367,6844848,5
70912235474,709,1223547,4
27593490886,275,9349088,6
55170061234,551,7006123,4
86830522230,868,3052223,0
43186683312,431,8668331,2
28968204934,289,6820493,4
79763329000,797,6332900,0
73784864563,737,8486456,3
43581327610,435,8132761,0
30463005722,304,6300572,2
48630447866,486,3044786,6
21167795013,211,6779501,3
43486743614,434,8674361,4
50785762721,507,8576272,1
98539374242,985,3937424,2
84629656600,846,2965660,0
47023392996,470,2339299,6
20508942962,205,0894296,2
97554599750,975,5459975,0
93769130685,937,6913068,5
84265575691,842,6557569,1
98005909011,980,0590901,1
84687216120,846,8721612,0
22046273650,220,4627365,0
85900167900,859,0016790,0
40818717184,408,1871718,4
90719375165,907,1937516,5
79349824610,793,4982461,0
19906546654,199,0654665,4
32971216006,329,7121600,6
92710898293,927,1089829,3
38317209700,383,1720970,0
66604210164,666,0421016,4
15979105444,159,7910544,4
10619363473,106,1936347,3
77843177943,778,4317794,3
81238516934,812,3851693,4
25924994046,259,2499404,6
32602116873,326,0211687,3
39887613075,398,8761307,5
98799582881,987,9958288,1
60183677494,601,8367749,4
27807563503,278,0756350,3
22666589206,226,6658920,6
21958807261,219,5880726,1
64207318006,642,0731800,6
16026244634,160,2624463,4
82504761872,825,0476187,2
83210284196,832,1028419,6
31432635903,314,3263590,3
61349396024,613,4939602,4
32962422330,329,6242233,0
84433592400,844,3359240,0
94594228861,945,9422886,1
65562966014,655,6296601,4
63792635823,637,9263582,3
90554563422,905,5456342,2
86090902886,860,9090288,6
94037879636,940,3787963,6
11337886694,113,3788669,4
78684654440,786,8465444,0
82953937484,829,5393748,4
17895883091,178,9588309,1
67505635891,675,0563589,1
65207477231,652,0747723,1
78545291122,785,4529112,2
24998287113,249,9828711,3
88442302412,884,4230241,2
83962682673,839,6268267,3
36169662562,361,6966256,2
25527145102,255,2714510,2
98499183381,984,9918338,1
98052269102,980,5226910,2
42868932126,428,6893212,6
44368436433,443,6843643,3
40534187103,405,3418710,3
87917207102,879,1720710,2
62066617092,620,6661709,2
57943159766,579,4315976,6
14097884121,140,9788412,1
95203879281,952,0387928,1
59129401954,591,2940195,4
14837859410,148,3785941,0
39703372593,397,0337259,3
73985943864,739,8594386,4
40765208476,407,6520847,6
57732630950,577,3263095,0
60817161814,608,1716181,4
85667038261,856,6703826,1
61743018486,617,4301848,6
42525624071,425,2562407,1
83372842052,833,7284205,2
58342797281,583,4279728,1
16138016455,161,3801645,5
38177257110,381,7725711,0
66830991373,668,3099137,3
76175595824,761,7559582,4
81843411693,818,4341169,3
24553415962,245,5341596,2
72930243506,729,3024350,6
89743474266,897,4347426,6
55206104054,552,0610405,4
35214991421,352,1499142,1
27183813670,271,8381367,0
92230970265,922,3097026,5
34284273091,342,8427309,1
17413285943,174,1328594,3
48263562666,482,6356266,6
86952980886,869,5298088,6
24920920893,249,2092089,3
83906992271,839,0699227,1
32810133524,328,1013352,4
99540496474,995,4049647,4
61652556616,616,5255661,6
80568180090,805,6818009,0
74981209621,749,8120962,1
27580425843,275,8042584,3
38935590104,389,3559010,4
83306867361,833,0686736,1
12289450435,122,8945043,5
58442055410,584,4205541,0
65753139330,657,5313933,0
88232385220,882,3238522,0
55521832996,555,2183299,6
84158957911,841,5895791,1
96985766711,969,8576671,1
23574484425,235,7448442,5
20576065795,205,7606579,5
95817108244,958,1710824,4
32596334151,325,9633415,1
12351570463,123,5157046,3
52827809400,528,2780940,0
89524792210,895,2479221,0
19271548593,192,7154859,3
52903784873,529,0378487,3
60446222184,604,4622218,4
12995017173,129,9501717,3
72348571823,723,4857182,3
33612783865,336,1278386,5
84816018641,848,1601864,1
54039448573,540,3944857,3
52454839184,524,5483918,4
62904126394,629,0412639,4
87927500841,879,2750084,1
41113916000,411,1391600,0
93166357674,931,6635767,4
18241284453,182,4128445,3
38179949204,381,7994920,4
17463881144,174,6388114,4
78210200251,782,1020025,1
32943382940,329,4338294,0
19625150183,196,2515018,3
63976854312,639,7685431,2
92078438423,920,7843842,3
87756738296,877,5673829,6
45804061222,458,0406122,2
62192526061,621,9252606,1
44483779271,444,8377927,1
95055458110,950,5545811,0
84430015952,844,3001595,2
51460290036,514,6029003,6
79181646551,791,8164655,1
96285337246,962,8533724,6
46580254564,465,8025456,4
40307827590,403,0782759,0
57961389611,579,6138961,1
45981515691,459,8151569,1
71226688866,712,2668886,6
57248837920,572,4883792,0
78210919540,782,1091954,0
52007945521,520,0794552,1
70197451184,701,9745118,4
73838995392,738,3899539,2
59912186174,599,1218617,4
16350247333,163,5024733,3
82863254296,828,6325429,6
57525171631,575,2517163,1
43360106320,433,6010632,0
19664114183,196,6411418,3
56555167905,565,5516790,5
11852128932,118,5212893,2
12619240801,126,1924080,1
53070285105,530,7028510,5
64488811520,644,8881152,0
18103695020,181,0369502,0
10066267512,100,6626751,2
95154052665,951,5405266,5
16558152731,165,5815273,1
57343184135,573,4318413,5
76744626683,767,4462668,3
31802893492,318,0289349,2
71937951453,719,3795145,3
42843364631,428,4336463,1
10963343144,109,6334314,4
93878650734,938,7865073,4
45733817041,457,3381704,1
22041181461,220,4118146,1
57420758562,574,2075856,2
78841123021,788,4112302,1
19667748391,196,6774839,1
16714471543,167,1447154,3
26334638640,263,3463864,0
93415217510,934,1521751,0
50972555581,509,7255558,1
92573337660,925,7333766,0
67047771821,670,4777182,1
83126033224,831,2603322,4
99975823674,999,7582367,4
27846503522,278,4650352,2
21294401110,212,9440111,0
29663260711,296,6326071,1
11495985551,114,9598555,1
48340874535,483,4087453,5
32755545010,327,5554501,0
76068987532,760,6898753,2
31388869351,313,8886935,1
36127904316,361,2790431,6
76204450211,762,0445021,1
16027474940,160,2747494,0
22981071830,229,8107183,0
33618407551,336,1840755,1
71259012352,712,5901235,2
22366152624,223,6615262,4
89482745184,894,8274518,4
52556044155,525,5604415,5
39906131973,399,0613197,3
58486350846,584,8635084,6
86000044754,860,0004475,4
45224321404,452,2432140,4
92374904000,923,7490400,0
74673019826,746,7301982,6
44780709515,447,8070951,5
96898143593,968,9814359,3
48375323010,483,7532301,0
18529545983,185,2954598,3
95226913665,952,2691366,5
55494451814,554,9445181,4
22734577353,227,3457735,3
50251472283,502,5147228,3
69971547253,699,7154725,3
31137784135,311,3778413,5
78629097722,786,2909772,2
95974459680,959,7445968,0
40106938003,401,0693800,3
86740782015,867,4078201,5
87505805535,875,0580553,5
30090993423,300,9099342,3
98275374752,982,7537475,2
28932830044,289,3283004,4
33235776582,332,3577658,2
99216816742,992,1681674,2
17284777001,172,8477700,1
35794875000,357,9487500,0
21833276340,218,3327634,0
30257422705,302,5742270,5
24985016465,249,8501646,5
97860485524,978,6048552,4
54873427404,548,7342740,4
54476187786,544,7618778,6
37670831455,376,7083145,5
85682048625,856,8204862,5
87571308241,875,7130824,1
61360149195,613,6014919,5
21712328945,217,1232894,5
56487369435,564,8736943,5
76519112325,765,1911232,5
30369530134,303,6953013,4
71592406440,715,9240644,0
28660464764,286,6046476,4
70867828825,708,6782882,5
10630202590,106,3020259,0
14716361472,147,1636147,2
83542926514,835,4292651,4
79860258195,798,6025819,5
45445309702,454,4530970,2
48952269603,489,5226960,3
25016236550,250,1623655,0
13361541426,133,6154142,6
10904246686,109,0424668,6
64062309920,640,6230992,0
22476104833,224,7610483,3
23137628786,231,3762878,6
39197661913,391,9766191,3
10052281945,100,5228194,5
79639315074,796,3931507,4
66246971491,662,4697149,1
32189131075,321,8913107,5
51870175195,518,7017519,5
44423461601,444,2346160,1
92869209974,928,6920997,4
92493984053,924,9398405,3
90568804103,905,6880410,3
81151041001,811,5104100,1
59610546183,596,1054618,3
83872396744,838,7239674,4
48565504392,485,6550439,2
43572256171,435,7225617,1
52211985624,522,1198562,4
34493432235,344,9343223,5
66592965692,665,9296569,2
62683875536,626,8387553,6
19832024994,198,3202499,4
56003826523,560,0382652,3
11080992806,110,8099280,6
33464597812,334,6459781,2
27911634813,279,1163481,3
54301335956,543,0133595,6
84441051216,844,4105121,6
76324939971,763,2493997,1
23622116014,236,2211601,4
41561662123,415,6166212,3
72027050620,720,2705062,0
14210065453,142,1006545,3
54039007926,540,3900792,6
71329343550,713,2934355,0
80458361481,804,5836148,1
90969663314,909,6966331,4
77456000473,774,5600047,3
97851803014,978,5180301,4
85610878510,856,1087851,0
83025948085,830,2594808,5
39344433222,393,4443322,2
27356813770,273,5681377,0
71571277403,715,7127740,3
30482588063,304,8258806,3
92146462090,921,4646209,0
82817777816,828,1777781,6
30819457121,308,1945712,1
67997589471,679,9758947,1
26637088866,266,3708886,6
86530714056,865,3071405,6
76364500390,763,6450039,0
86058878236,860,5887823,6
68879142922,688,7914292,2
92526522900,925,2652290,0
48428877560,484,2887756,0
69952234246,699,5223424,6
54643118075,546,4311807,5
12159880321,121,5988032,1
76553921413,765,5392141,3
40135832745,401,3583274,5
48379290406,483,7929040,6
48450258630,484,5025863,0
19112705815,191,1270581,5
21261118161,212,6111816,1
65790105355,657,9010535,5
95121966564,951,2196656,4
90090153926,900,9015392,6
21771491152,217,7149115,2
13112281766,131,1228176,6
63141812271,631,4181227,1
54923907410,549,2390741,0
24151156153,241,5115615,3
35499320412,354,9932041,2
47544906336,475,4490633,6
36423238353,364,2323835,3
66848403063,668,4840306,3
73494366601,734,9436660,1
17419370444,174,1937044,4
79537628716,795,3762871,6
43637774080,436,3777408,0
62531421946,625,3142194,6
17560201406,175,6020140,6
13986883533,139,8688353,3
48630246310,486,3024631,0
45340572156,453,4057215,6
21281028886,212,8102888,6
60400750311,604,0075031,1
31280262664,312,8026266,4
74641288016,746,4128801,6
85603215002,856,0321500,2
70204918053,702,0491805,3
90319083853,903,1908385,3
54258813173,542,5881317,3
72451752931,724,5175293,1
36553173784,365,5317378,4
50045650664,500,4565066,4
51539593632,515,3959363,2
61928768042,619,2876804,2
47182397713,471,8239771,3
48748987103,487,4898710,3
60161574284,601,6157428,4
81329033795,813,2903379,5
98024332265,980,2433226,5
12761973796,127,6197379,6
96988869670,969,8886967,0
79755546230,797,5554623,0
11715036456,117,1503645,6
57869430881,578,6943088,1
42964530333,429,6453033,3
62028462104,620,2846210,4
81598079272,815,9807927,2
31456435936,314,5643593,6
21922083075,219,2208307,5
70246036452,702,4603645,2
78463258154,784,6325815,4
78471506130,784,7150613,0
89692771946,896,9277194,6
91200993234,912,0099323,4
18908644925,189,0864492,5
23792118516,237,9211851,6
69512577852,695,1257785,2
35157367534,351,5736753,4
12524908944,125,2490894,4
72674671075,726,7467107,5
35399870850,353,9987085,0
67257605746,672,5760574,6
96065428151,960,6542815,1
49316390116,493,1639011,6
65937050012,659,3705001,2
12493602836,124,9360283,6
84369995776,843,6999577,6
69202298101,692,0229810,1
67833555622,678,3355562,2
98320830494,983,2083049,4
67455517775,674,5551777,5
13336849482,133,3684948,2
78518311616,785,1831161,6
32246958044,322,4695804,4
73289388753,732,8938875,3
63374645275,633,7464527,5
71597598484,715,9759848,4
39742511361,397,4251136,1
26091938312,260,9193831,2
27354914363,273,5491436,3
89524329483,895,2432948,3
61449100761,614,4910076,1
72915724992,729,1572499,2
42294490713,422,9449071,3
90967347043,909,6734704,3
59351530116,593,5153011,6
68998560491,689,9856049,1
61251711530,612,5171153,0
49539136723,495,3913672,3
28579724286,285,7972428,6
47230048052,472,3004805,2
41233888352,412,3388835,2
60603184246,606,0318424,6
61642185434,616,4218543,4
64570801471,645,7080147,1
57532578995,575,3257899,5
19287067996,192,8706799,6
93159412976,931,5941297,6
53988708262,539,8870826,2
99742826743,997,4282674,3
47031312922,470,3131292,2
39313482682,393,1348268,2
26753322615,267,5332261,5
89515731155,895,1573115,5
13012160652,130,1216065,2
54082903455,540,8290345,5
21169792732,211,6979273,2
33702383036,337,0238303,6
70674877131,706,7487713,1
45837051016,458,3705101,6
18353409590,183,5340959,0
44297940023,442,9794002,3
46595588160,465,9558816,0
55746877972,557,4687797,2
85112431031,851,1243103,1
51711543736,517,1154373,6
80905168614,809,0516861,4
65554649946,655,5464994,6
64203631582,642,0363158,2
76579795345,765,7979534,5
55417719070,554,1771907,0
60902824551,609,0282455,1
22214374024,222,1437402,4
55318320212,553,1832021,2
22381889040,223,8188904,0
48064382014,480,6438201,4
87183871136,871,8387113,6
56740422203,567,4042220,3
50371377824,503,7137782,4
66569738335,665,6973833,5
73258233544,732,5823354,4
35316148310,353,1614831,0
75326460000,753,2646000,0
32239912446,322,3991244,6
47013673686,470,1367368,6
55083346384,550,8334638,4
34598927864,345,9892786,4
65181984946,651,8198494,6
45634334164,456,3433416,4
13073862635,130,7386263,5
59895333336,598,9533333,6
91277282256,912,7728225,6
55863312834,558,6331283,4
93236525463,932,3652546,3
32758146781,327,5814678,1
61750507492,617,5050749,2
77967040734,779,6704073,4
48059477013,480,5947701,3
93081865361,930,8186536,1
70508495353,705,0849535,3
38129788182,381,2978818,2
67118740542,671,1874054,2
52488149314,524,8814931,4
80825410284,808,2541028,4
53406790835,534,0679083,5
13410057353,134,1005735,3
36318362900,363,1836290,0
98419132834,984,1913283,4
81095642761,810,9564276,1
71181320191,711,8132019,1
88613980431,886,1398043,1
45392768030,453,9276803,0
80806791053,808,0679105,3
99029690366,990,2969036,6
85791248533,857,9124853,3
16836990045,168,3699004,5
33955360721,339,5536072,1
92469391943,924,6939194,3
78696692952,786,9669295,2
56012109270,560,1210927,0
54776063736,547,7606373,6
55978266483,559,7826648,3
17579060230,175,7906023,0
21159077490,211,5907749,0
58236958412,582,3695841,2
28189461682,281,8946168,2
81707810592,817,0781059,2
32932133663,329,3213366,3
29923575176,299,2357517,6
89138034963,891,3803496,3
37603674272,376,0367427,2
63162851706,631,6285170,6
21042298573,210,4229857,3
71890192950,718,9019295,0
67111180775,671,1118077,5
71315596424,713,1559642,4
99894486922,998,9448692,2
74363114895,743,6311489,5
56311780793,563,1178079,3
91528948785,915,2894878,5
55437727325,554,3772732,5
32261088701,322,6108870,1
31715788425,317,1578842,5
18315938376,183,1593837,6
33478151434,334,7815143,4
85613575561,856,1357556,1
79178366772,791,7836677,2
46969035855,469,6903585,5
26993232060,269,9323206,0
53349980770,533,4998077,0
10622018393,106,2201839,3
25649456302,256,4945630,2
36045146602,360,4514660,2
99192611341,991,9261134,1
12754138242,127,5413824,2
28649143691,286,4914369,1
66425647743,664,2564774,3
38510021191,385,1002119,1
37800144856,378,0014485,6
50442782504,504,4278250,4
22869052431,228,6905243,1
11876904820,118,7690482,0
43152282436,431,5228243,6
25374807143,253,7480714,3
74392142543,743,9214254,3
27621006142,276,2100614,2
24366929186,243,6692918,6
75470767573,754,7076757,3
94149423680,941,4942368,0
46005502020,460,0550202,0
35594799093,355,9479909,3
57128237725,571,2823772,5
20635764384,206,3576438,4
58049529375,580,4952937,5
68921670670,689,2167067,0
12014178165,120,1417816,5
87925429556,879,2542955,6
38579449811,385,7944981,1
68268195103,682,6819510,3
59892754013,598,9275401,3
95797445612,957,9744561,2
22403361044,224,0336104,4
56702141760,567,0214176,0
26786236653,267,8623665,3
63894991861,638,9499186,1
56578389106,565,7838910,6
23562613806,235,6261380,6
70202263602,702,0226360,2
32411600254,324,1160025,4
26847681724,268,4768172,4
63440750150,634,4075015,0
39656515455,396,5651545,5
66570988770,665,7098877,0
26028122950,260,2812295,0
64197120750,641,9712075,0
35409360126,354,0936012,6
96520542915,965,2054291,5
62361141121,623,6114112,1
23276477085,232,7647708,5
15918653165,159,1865316,5
85936953260,859,3695326,0
55315544642,553,1554464,2
25919326244,259,1932624,4
29546999673,295,4699967,3
20533532161,205,3353216,1
80027740543,800,2774054,3
67234391206,672,3439120,6
62954690556,629,5469055,6
22132396975,221,3239697,5
98245775653,982,4577565,3
85593819422,855,9381942,2
83180001986,831,8000198,6
50878307642,508,7830764,2
91793561670,917,9356167,0
97499716586,974,9971658,6
71950860421,719,5086042,1
29957508563,299,5750856,3
54046129012,540,4612901,2
68134895510,681,3489551,0
64722491991,647,2249199,1
43035073174,430,3507317,4
60808039573,608,0803957,3
64715073342,647,1507334,2
73764725560,737,6472556,0
61887389671,618,8738967,1
72093025721,720,9302572,1
14725383026,147,2538302,6
40780807012,407,8080701,2
20152505126,201,5250512,6
29017087023,290,1708702,3
13970527080,139,7052708,0
76775482892,767,7548289,2
34608705656,346,0870565,6
12212270251,122,1227025,1
53904391220,539,0439122,0
21885123605,218,8512360,5
15581441384,155,8144138,4
26480197521,264,8019752,1
24739091960,247,3909196,0
35021290852,350,2129085,2
72887980215,728,8798021,5
83662883845,836,6288384,5
89959846131,899,5984613,1
80776804030,807,7680403,0
88575795731,885,7579573,1
61629721544,616,2972154,4
17165451624,171,6545162,4
89868231892,898,6823189,2
65180778130,651,8077813,0
31200198541,312,0019854,1
12360071296,123,6007129,6
98441142545,984,4114254,5
48572839476,485,7283947,6
62947583772,629,4758377,2
86864043811,868,6404381,1
36024792184,360,2479218,4
79936905161,799,3690516,1
15325527185,153,2552718,5
73614070452,736,1407045,2
19351419132,193,5141913,2
28873187522,288,7318752,2
72897981851,728,9798185,1
22520957800,225,2095780,0
46724509751,467,2450975,1
84186045131,841,8604513,1
70941299421,709,4129942,1
46972186844,469,7218684,4
64755067993,647,5506799,3
55243687823,552,4368782,3
97202133962,972,0213396,2
68859433326,688,5943332,6
45701858542,457,0185854,2
98238713093,982,3871309,3
20959801663,209,5980166,3
12478208635,124,7820863,5
65672452200,656,7245220,0
28830498644,288,3049864,4
63335515520,633,3551552,0
30016066690,300,1606669,0
47949829803,479,4982980,3
92823931204,928,2393120,4
34268090350,342,6809035,0
48351568205,483,5156820,5
65546057924,655,4605792,4
65534129342,655,3412934,2
19746473751,197,4647375,1
96103440875,961,0344087,5
93546185976,935,4618597,6
58802014372,588,0201437,2
88157915674,881,5791567,4
30021421370,300,2142137,0
47615085763,476,1508576,3
14149548925,141,4954892,5
14167574351,141,6757435,1
12226434900,122,2643490,0
32983368021,329,8336802,1
57629287511,576,2928751,1
99396270803,993,9627080,3
11462515233,114,6251523,3
54036796060,540,3679606,0
97595841716,975,9584171,6
51895723425,518,9572342,5
30124093471,301,2409347,1
52867375110,528,6737511,0
54260552421,542,6055242,1
96159993426,961,5999342,6
36458566564,364,5856656,4
71509832680,715,0983268,0
99152821352,991,5282135,2
71666607012,716,6660701,2
89285829402,892,8582940,2
83685031433,836,8503143,3
82963218541,829,6321854,1
66972249092,669,7224909,2
21821314275,218,2131427,5
95705242962,957,0524296,2
71089878496,710,8987849,6
77527297694,775,2729769,4
85363465015,853,6346501,5
84874807826,848,7480782,6
23462003364,234,6200336,4
40451336114,404,5133611,4
86788136510,867,8813651,0
27780346252,277,8034625,2
92430848461,924,3084846,1
76090998832,760,9099883,2
94919196450,949,1919645,0
30886100012,308,8610001,2
66782139573,667,8213957,3
23970228780,239,7022878,0
45300436000,453,0043600,0
70517415493,705,1741549,3
91798622355,917,9862235,5
56114428460,561,1442846,0
93030784202,930,3078420,2
91642341505,916,4234150,5
67437698630,674,3769863,0
72724608211,727,2460821,1
21203699751,212,0369975,1
51917970131,519,1797013,1
55884284222,558,8428422,2
86506778613,865,0677861,3
65643655675,656,4365567,5
84133832800,841,3383280,0
57686181880,576,8618188,0
10389999703,103,8999970,3
87810786096,878,1078609,6
34725348731,347,2534873,1
12500623971,125,0062397,1
42892667535,428,9266753,5
29738941290,297,3894129,0
12909809794,129,0980979,4
11455355945,114,5535594,5
44252440525,442,5244052,5
11606879206,116,0687920,6
50123843403,501,2384340,3
40311294985,403,1129498,5
48800592603,488,0059260,3
82053243115,820,5324311,5
65419876296,654,1987629,6
41838161066,418,3816106,6
42974133696,429,7413369,6
63029716881,630,2971688,1
44683547002,446,8354700,2
69386417374,693,8641737,4
36901920390,369,0192039,0
52725882542,527,2588254,2
99244856056,992,4485605,6
44531535432,445,3153543,2
90282714994,902,8271499,4
65459800124,654,5980012,4
31012258000,310,1225800,0
65847330930,658,4733093,0
91799626573,917,9962657,3
65327857684,653,2785768,4
62990925863,629,9092586,3
50742993495,507,4299349,5
19461979552,194,6197955,2
37901545981,379,0154598,1
56957853081,569,5785308,1
90123275922,901,2327592,2
89080681112,890,8068111,2
35729956314,357,2995631,4
63126559834,631,2655983,4
25900078944,259,0007894,4
33745287360,337,4528736,0
23944828943,239,4482894,3
21335319205,213,3531920,5
89705538700,897,0553870,0
56298462555,562,9846255,5
33059328146,330,5932814,6
78114001063,781,1400106,3
38611441446,386,1144144,6
77066834912,770,6683491,2
33367965010,333,6796501,0
92855634266,928,5563426,6
42247432726,422,4743272,6
37332576610,373,3257661,0
39362234185,393,6223418,5
48704004942,487,0400494,2
41511171915,415,1117191,5
91166572014,911,6657201,4
49450961470,494,5096147,0
66855280042,668,5528004,2
13597168803,135,9716880,3
40057024864,400,5702486,4
32598991691,325,9899169,1
16491776444,164,9177644,4
29684710474,296,8471047,4
48184977404,481,8497740,4
15162523942,151,6252394,2
12183447425,121,8344742,5
84081558460,840,8155846,0
61152493966,611,5249396,6
72168114991,721,6811499,1
42620526310,426,2052631,0
87812041580,878,1204158,0
67219874242,672,1987424,2
84345667293,843,4566729,3
24104730066,241,0473006,6
45884179862,458,8417986,2
25039760262,250,3976026,2
82562846952,825,6284695,2
78910678421,789,1067842,1
67716403470,677,1640347,0
76710872953,767,1087295,3
41226466152,412,2646615,2
87438088933,874,3808893,3
11103773581,111,0377358,1
73096661441,730,9666144,1
68705647343,687,0564734,3
53933196083,539,3319608,3
50651680990,506,5168099,0
80859921612,808,5992161,2
81550126085,815,5012608,5
46336643610,463,3664361,0
80684579894,806,8457989,4
42150286915,421,5028691,5
25681280460,256,8128046,0
12195255442,121,9525544,2
35155953432,351,5595343,2
78027812094,780,2781209,4
16753622243,167,5362224,3
36824705241,368,2470524,1
10244390625,102,4439062,5
77465469830,774,6546983,0
50705959550,507,0595955,0
93734598113,937,3459811,3
26648711280,266,4871128,0
12221486383,122,2148638,3
32709555324,327,0955532,4
60370689873,603,7068987,3
22899800121,228,9980012,1
64969776556,649,6977655,6
67120284873,671,2028487,3
48009240285,480,0924028,5
67277633645,672,7763364,5
66864478155,668,6447815,5
69607342915,696,0734291,5
72458115850,724,5811585,0
68144768020,681,4476802,0
25105024046,251,0502404,6
34564849684,345,6484968,4
19979253103,199,7925310,3
37918367144,379,1836714,4
30961251775,309,6125177,5
85787313071,857,8731307,1
10268469370,102,6846937,0
90214394550,902,1439455,0
69634809226,696,3480922,6
97036663774,970,3666377,4
35891808593,358,9180859,3
33101872281,331,0187228,1
45982525216,459,8252521,6
76439370156,764,3937015,6
51112755431,511,1275543,1
42640938144,426,4093814,4
43111594282,431,1159428,2
93048286881,930,4828688,1
21565968926,215,6596892,6
34049785303,340,4978530,3
91878279896,918,7827989,6
30114313821,301,1431382,1
12142910741,121,4291074,1
14055432756,140,5543275,6
91328138292,913,2813829,2
70124567210,701,2456721,0
42269551822,422,6955182,2
34762176464,347,6217646,4
79541640836,795,4164083,6
95736678692,957,3667869,2
58907324242,589,0732424,2
64480151850,644,8015185,0
42926913202,429,2691320,2
24981354920,249,8135492,0
79988449551,799,8844955,1
12901818675,129,0181867,5
25418218411,254,1821841,1
99894051806,998,9405180,6
79633912890,796,3391289,0
73568698360,735,6869836,0
29291119976,292,9111997,6
32400531571,324,0053157,1
95227962495,952,2796249,5
18242471136,182,4247113,6
91250534996,912,5053499,6
39189050581,391,8905058,1
67818316006,678,1831600,6
44970620903,449,7062090,3
99262681760,992,6268176,0
93018842120,930,1884212,0
69722115444,697,2211544,4
91665227583,916,6522758,3
67006585126,670,0658512,6
87657652364,876,5765236,4
96610318604,966,1031860,4
69592303170,695,9230317,0
61651101116,616,5110111,6
65712774562,657,1277456,2
62434790843,624,3479084,3
25662859305,256,6285930,5
76727814941,767,2781494,1
60113515161,601,1351516,1
32133673192,321,3367319,2
16113655746,161,1365574,6
95837719321,958,3771932,1
33143315183,331,4331518,3
76840480022,768,4048002,2
38136817355,381,3681735,5
96988741220,969,8874122,0
54142564322,541,4256432,2
90735265002,907,3526500,2
97500411986,975,0041198,6
26498933474,264,9893347,4
79365344402,793,6534440,2
62616100935,626,1610093,5
59497417413,594,9741741,3
38274019416,382,7401941,6
14736316013,147,3631601,3
41863567090,418,6356709,0
31883619294,318,8361929,4
78743180795,787,4318079,5
60352295365,603,5229536,5
18886788931,188,8678893,1
13928123693,139,2812369,3
38187244940,381,8724494,0
56258701913,562,5870191,3
98293397556,982,9339755,6
73250910663,732,5091066,3
16406806295,164,0680629,5
21142711992,211,4271199,2
74173618545,741,7361854,5
49709842445,497,0984244,5
82494315773,824,9431577,3
98537571995,985,3757199,5
96681124974,966,8112497,4
13167817334,131,6781733,4
52065767361,520,6576736,1
89628075361,896,2807536,1
45827223133,458,2722313,3
80557525731,805,5752573,1
13424989615,134,2498961,5
64136221373,641,3622137,3
52410386462,524,1038646,2
77615795773,776,1579577,3
96180840416,961,8084041,6
10391730401,103,9173040,1
91123424401,911,2342440,1
63644708054,636,4470805,4
89594444246,895,9444424,6
76307057671,763,0705767,1
12179374500,121,7937450,0
22677190913,226,7719091,3
42127489100,421,2748910,0
84357183331,843,5718333,1
64596895425,645,9689542,5
17408644391,174,0864439,1
10976021935,109,7602193,5
76458339045,764,5833904,5
10429112542,104,2911254,2
31624346030,316,2434603,0
71881580816,718,8158081,6
95117557000,951,1755700,0
21460911222,214,6091122,2
91291135754,912,9113575,4
26154725525,261,5472552,5
53792471105,537,9247110,5
86388161275,863,8816127,5
59876157380,598,7615738,0
75986964641,759,8696464,1
24558428440,245,5842844,0
72239242850,722,3924285,0
43479695732,434,7969573,2
72510369680,725,1036968,0
44336798835,443,3679883,5
52816411922,528,1641192,2
63911700303,639,1170030,3
69816908363,698,1690836,3
60057273821,600,5727382,1
98389792394,983,8979239,4
68850362631,688,5036263,1
24998275656,249,9827565,6
28638882390,286,3888239,0
19559946660,195,5994666,0
46666909353,466,6690935,3
84091629082,840,9162908,2
54598857353,545,9885735,3
86528641690,865,2864169,0
92491042822,924,9104282,2
51507352606,515,0735260,6
54782501906,547,8250190,6
67846310910,678,4631091,0
15053926163,150,5392616,3
15656059032,156,5605903,2
91935569850,919,3556985,0
12125679340,121,2567934,0
39331148286,393,3114828,6
96222220694,962,2222069,4
16846413401,168,4641340,1
24109682053,241,0968205,3
98401963034,984,0196303,4
28570491106,285,7049110,6
18242636822,182,4263682,2
56415978003,564,1597800,3
89520573623,895,2057362,3
74440382856,744,4038285,6
87527919325,875,2791932,5
90513764866,905,1376486,6
88609203310,886,0920331,0
72039494683,720,3949468,3
71921670591,719,2167059,1
76613507761,766,1350776,1
80178830940,801,7883094,0
26145207863,261,4520786,3
44587829882,445,8782988,2
60263382436,602,6338243,6
93305546534,933,0554653,4
86710318211,867,1031821,1
52414805855,524,1480585,5
62910692735,629,1069273,5
72032223304,720,3222330,4
47267081133,472,6708113,3
98492635703,984,9263570,3
76822006614,768,2200661,4
32390420651,323,9042065,1
18076372710,180,7637271,0
97888372656,978,8837265,6
65655925113,656,5592511,3
30869521066,308,6952106,6
27580094040,275,8009404,0
21393786073,213,9378607,3
96050832102,960,5083210,2
34648685436,346,4868543,6
57864608592,578,6460859,2
88699935724,886,9993572,4
98798240706,987,9824070,6
46336434213,463,3643421,3
30182970632,301,8297063,2
71491148654,714,9114865,4
64310070282,643,1007028,2
74930859645,749,3085964,5
46044265226,460,4426522,6
31458387513,314,5838751,3
47839049636,478,3904963,6
73335300513,733,3530051,3
11715222574,117,1522257,4
44353536112,443,5353611,2
56888795471,568,8879547,1
97240696750,972,4069675,0
29940436323,299,4043632,3
85067183692,850,6718369,2
77609604591,776,0960459,1
17903098302,179,0309830,2
38366987304,383,6698730,4
24283199455,242,8319945,5
10987289801,109,8728980,1
23149328013,231,4932801,3
88072887431,880,7288743,1
31041428120,310,4142812,0
21431753183,214,3175318,3
12776283030,127,7628303,0
78927529066,789,2752906,6
98514955110,985,1495511,0
75548962051,755,4896205,1
51281718636,512,8171863,6
78585913266,785,8591326,6
80791434294,807,9143429,4
19697551564,196,9755156,4
69061364053,690,6136405,3
74783972372,747,8397237,2
20854105624,208,5410562,4
18705470550,187,0547055,0
15187689526,151,8768952,6
20190326506,201,9032650,6
53741984031,537,4198403,1
61799932676,617,9993267,6
96515857903,965,1585790,3
31602993102,316,0299310,2
71219371846,712,1937184,6
33748726351,337,4872635,1
31631822280,316,3182228,0
20919095454,209,1909545,4
53983975166,539,8397516,6
68539402993,685,3940299,3
22304408024,223,0440802,4
67942563975,679,4256397,5
18784981042,187,8498104,2
22678600303,226,7860030,3
19848531510,198,4853151,0
67340837956,673,4083795,6
24829878034,248,2987803,4
79639619044,796,3961904,4
34872068802,348,7206880,2
91695255310,916,9525531,0
45823532040,458,2353204,0
51637976894,516,3797689,4
69053058093,690,5305809,3
55610886212,556,1088621,2
13688604016,136,8860401,6
53131663016,531,3166301,6
63426956185,634,2695618,5
71414952882,714,1495288,2
95264292572,952,6429257,2
70639541804,706,3954180,4
46419816634,464,1981663,4
37220121332,372,2012133,2
63061484971,630,6148497,1
28881694650,288,8169465,0
54645733413,546,4573341,3
67097828320,670,9782832,0
84783212576,847,8321257,6
35985265331,359,8526533,1
46826084350,468,2608435,0
80746524733,807,4652473,3
33996400962,339,9640096,2
47219271140,472,1927114,0
51335938126,513,3593812,6
50272997646,502,7299764,6
30892444234,308,9244423,4
40199459272,401,9945927,2
93583605344,935,8360534,4
98129675096,981,2967509,6
50518531526,505,1853152,6
70995201786,709,9520178,6
67706338424,677,0633842,4
12510184276,125,1018427,6
40978615775,409,7861577,5
24919621201,249,1962120,1
71564527285,715,6452728,5
16637151310,166,3715131,0
75855134981,758,5513498,1
78630507456,786,3050745,6
70910228445,709,1022844,5
51646883992,516,4688399,2
67156568512,671,5656851,2
16706991825,167,0699182,5
91012967361,910,1296736,1
19943122832,199,4312283,2
12351044474,123,5104447,4
96785145780,967,8514578,0
51441858086,514,4185808,6
54869417451,548,6941745,1
12042064145,120,4206414,5
76771920385,767,7192038,5
77839807805,778,3980780,5
49378347111,493,7834711,1
49008571114,490,0857111,4
47953401034,479,5340103,4
91880547295,918,8054729,5
61896865412,618,9686541,2
50022898941,500,2289894,1
65325087770,653,2508777,0
90362523441,903,6252344,1
91868807336,918,6880733,6
27934294946,279,3429494,6
51780472092,517,8047209,2
50297827443,502,9782744,3
68237783366,682,3778336,6
56302918753,563,0291875,3
39737987246,397,3798724,6
59485529480,594,8552948,0
27056703164,270,5670316,4
63636150910,636,3615091,0
75404721616,754,0472161,6
96296902344,962,9690234,4
47101052962,471,0105296,2
39272218190,392,7221819,0
32102046146,321,0204614,6
69265462842,692,6546284,2
90524543821,905,2454382,1
98213212614,982,1321261,4
93932590265,939,3259026,5
58503698270,585,0369827,0
49330628704,493,3062870,4
28315668701,283,1566870,1
21414115091,214,1411509,1
50068935920,500,6893592,0
38947396173,389,4739617,3
83823723670,838,2372367,0
31702048893,317,0204889,3
67957486180,679,5748618,0
10846153291,108,4615329,1
89229902912,892,2990291,2
49447283945,494,4728394,5
28850332244,288,5033224,4
37447613385,374,4761338,5
29016330673,290,1633067,3
37015344500,370,1534450,0
23987195482,239,8719548,2
99160685455,991,6068545,5
59648979073,596,4897907,3
13180542756,131,8054275,6
77397573043,773,9757304,3
86442838464,864,4283846,4
85816881316,858,1688131,6
33998275354,339,9827535,4
49800237946,498,0023794,6
28882652041,288,8265204,1
53298014412,532,9801441,2
18299027775,182,9902777,5
33819164812,338,1916481,2
74928362755,749,2836275,5
73240587124,732,4058712,4
26510538531,265,1053853,1
30369942033,303,6994203,3
16604450384,166,0445038,4
98206883515,982,0688351,5
36565319652,365,6531965,2
13426895193,134,2689519,3
60003967070,600,0396707,0
40888682850,408,8868285,0
44742045573,447,4204557,3
71107939492,711,0793949,2
46784210973,467,8421097,3
44957100165,449,5710016,5
56547341033,565,4734103,3
93273172686,932,7317268,6
93705111150,937,0511115,0
90100303105,901,0030310,5
28818481143,288,1848114,3
14158812214,141,5881221,4
13663663981,136,6366398,1
78568567562,785,6856756,2
55405358792,554,0535879,2
54825194570,548,2519457,0
94271231636,942,7123163,6
91318060176,913,1806017,6
57127453583,571,2745358,3
42697854691,426,9785469,1
33500471120,335,0047112,0
64279513195,642,7951319,5
13486042766,134,8604276,6
66456163920,664,5616392,0
27784129870,277,8412987,0
63223734444,632,2373444,4
67300298365,673,0029836,5
72563844644,725,6384464,4
88813119802,888,1311980,2
31508457832,315,0845783,2
62811280290,628,1128029,0
28336148506,283,3614850,6
12251231116,122,5123111,6
71642703271,716,4270327,1
92583615040,925,8361504,0
10910236032,109,1023603,2
80092614231,800,9261423,1
77082289370,770,8228937,0
24347204985,243,4720498,5
41453290661,414,5329066,1
21822263405,218,2226340,5
41373431874,413,7343187,4
93696973125,936,9697312,5
33257085412,332,5708541,2
91976662455,919,7666245,5
96023310563,960,2331056,3
47252341684,472,5234168,4
11825347312,118,2534731,2
50472590655,504,7259065,5
79828968553,798,2896855,3
13126702380,131,2670238,0
68318372896,683,1837289,6
10654457420,106,5445742,0
62808201995,628,0820199,5
91156013054,911,5601305,4
22527230481,225,2723048,1
59141555652,591,4155565,2
86291572262,862,9157226,2
84565851114,845,6585111,4
84304578210,843,0457821,0
37271645793,372,7164579,3
88943484252,889,4348425,2
65252351835,652,5235183,5
18139071190,181,3907119,0
29000024195,290,0002419,5
84113154280,841,1315428,0
10293583981,102,9358398,1
49311104805,493,1110480,5
58005566832,580,0556683,2
10530631134,105,3063113,4
62058816746,620,5881674,6
47154287771,471,5428777,1
70472951582,704,7295158,2
89659470795,896,5947079,5
15422405074,154,2240507,4
90155667514,901,5566751,4
10643827632,106,4382763,2
57236798550,572,3679855,0
36182618522,361,8261852,2
97162364103,971,6236410,3
39922880565,399,2288056,5
74887147963,748,8714796,3
25809032072,258,0903207,2
30197587321,301,9758732,1
76644210065,766,4421006,5
59136535962,591,3653596,2
10817415663,108,1741566,3
25385747906,253,8574790,6
13004561121,130,0456112,1
30086089331,300,8608933,1
44438321053,444,3832105,3
64682269084,646,8226908,4
86448852373,864,4885237,3
79981638223,799,8163822,3
24222293071,242,2229307,1
69822894462,698,2289446,2
20547216516,205,4721651,6
87067401570,870,6740157,0
33441939956,334,4193995,6
86653125661,866,5312566,1
52048487125,520,4848712,5
48735928104,487,3592810,4
18344801621,183,4480162,1
56532334483,565,3233448,3
90241222946,902,4122294,6
42278701812,422,7870181,2
46632238872,466,3223887,2
14808405151,148,0840515,1
87237806631,872,3780663,1
13807277775,138,0727777,5
68468542162,684,6854216,2
48084593774,480,8459377,4
42121412165,421,2141216,5
37146589300,371,4658930,0
51381468260,513,8146826,0
54329643794,543,2964379,4
49107947853,491,0794785,3
37585690813,375,8569081,3
99440780151,994,4078015,1
89683948556,896,8394855,6
49526953834,495,2695383,4
43276806134,432,7680613,4
69542623582,695,4262358,2
11624694560,116,2469456,0
76210336122,762,1033612,2
85595072346,855,9507234,6
73415893862,734,1589386,2
47748900225,477,4890022,5
85443190553,854,4319055,3
82381211200,823,8121120,0
46566752791,465,6675279,1
18765735536,187,6573553,6
70260265696,702,6026569,6
90053597322,900,5359732,2
59864754763,598,6475476,3
29871890386,298,7189038,6
39921213550,399,2121355,0
52232535353,522,3253535,3
45311439371,453,1143937,1
75766297372,757,6629737,2
97484932912,974,8493291,2
64459302073,644,5930207,3
60233570142,602,3357014,2
31821833820,318,2183382,0
46182747070,461,8274707,0
80824208505,808,2420850,5
31136839546,311,3683954,6
87450878804,874,5087880,4
46871855901,468,7185590,1
94820559201,948,2055920,1
84499909804,844,9990980,4
18432666880,184,3266688,0
92230272544,922,3027254,4
69215770531,692,1577053,1
31820972236,318,2097223,6
24026173922,240,2617392,2
60763766323,607,6376632,3
96754882255,967,5488225,5
95007353673,950,0735367,3
54771968393,547,7196839,3
22747026380,227,4702638,0
88040942225,880,4094222,5
59542311806,595,4231180,6
50066130673,500,6613067,3
63137655662,631,3765566,2
35501502761,355,0150276,1
46547970163,465,4797016,3
80927065893,809,2706589,3
21738538720,217,3853872,0
23218390605,232,1839060,5
11912947986,119,1294798,6
74788318583,747,8831858,3
34237585424,342,3758542,4
29362404870,293,6240487,0
79763333436,797,6333343,6
46433632963,464,3363296,3
82626614893,826,2661489,3
43233607903,432,3360790,3
12945930574,129,4593057,4
23234638515,232,3463851,5
61423851105,614,2385110,5
68628672194,686,2867219,4
28328095016,283,2809501,6
83951856894,839,5185689,4
14495249041,144,9524904,1
22149260546,221,4926054,6
74146456583,741,4645658,3
81847658102,818,4765810,2
52333116562,523,3311656,2
11633564573,116,3356457,3
46135454324,461,3545432,4
37825759065,378,2575906,5
47300587571,473,0058757,1
23923273461,239,2327346,1
19103299175,191,0329917,5
50885064746,508,8506474,6
31554043345,315,5404334,5
94988594476,949,8859447,6
33433050384,334,3305038,4
20247159373,202,4715937,3
67459286460,674,5928646,0
18020671360,180,2067136,0
90065010882,900,6501088,2
98298667415,982,9866741,5
76468184986,764,6818498,6
68147830865,681,4783086,5
32789282746,327,8928274,6
91793770180,917,9377018,0
87102020926,871,0202092,6
16338680743,163,3868074,3
20391817040,203,9181704,0
21772609110,217,7260911,0
83651779673,836,5177967,3
10135262870,101,3526287,0
40220372173,402,2037217,3
60722511570,607,2251157,0
33478726735,334,7872673,5
25649045225,256,4904522,5
82058720651,820,5872065,1
21587902844,215,8790284,4
48045770601,480,4577060,1
41262421743,412,6242174,3
59141451133,591,4145113,3
79814355663,798,1435566,3
64229280051,642,2928005,1
67070294840,670,7029484,0
78195228240,781,9522824,0
27193189264,271,9318926,4
19892383134,198,9238313,4
57064768051,570,6476805,1
83130386891,831,3038689,1
81614232224,816,1423222,4
84036202772,840,3620277,2
76081688836,760,8168883,6
84521640942,845,2164094,2
22173447110,221,7344711,0
54739029513,547,3902951,3
19584256814,195,8425681,4
76485538303,764,8553830,3
39303897942,393,0389794,2
98778483524,987,7848352,4
45771080950,457,7108095,0
49877665760,498,7766576,0
36164344091,361,6434409,1
39326473926,393,2647392,6
86658909062,866,5890906,2
85609851645,856,0985164,5
46631483561,466,3148356,1
56728652862,567,2865286,2
34918684772,349,1868477,2
81554306866,815,5430686,6
71502484226,715,0248422,6
76429361506,764,2936150,6
47413996986,474,1399698,6
30613856770,306,1385677,0
68559513392,685,5951339,2
48553681361,485,5368136,1
32140932244,321,4093224,4
77804580906,778,0458090,6
39805482014,398,0548201,4
68415457253,684,1545725,3
78165948132,781,6594813,2
12476632413,124,7663241,3
33355225751,333,5522575,1
96732114954,967,3211495,4
80764883361,807,6488336,1
46840579446,468,4057944,6
51993570215,519,9357021,5
95231280371,952,3128037,1
66625280643,666,2528064,3
18912491352,189,1249135,2
49890046220,498,9004622,0
15893284856,158,9328485,6
65160027925,651,6002792,5
46223023003,462,2302300,3
49429165014,494,2916501,4
61223314872,612,2331487,2
14433131952,144,3313195,2
51706569614,517,0656961,4
55350217440,553,5021744,0
77847989713,778,4798971,3
18902054781,189,0205478,1
69583216616,695,8321661,6
74345628986,743,4562898,6
50936831911,509,3683191,1
18480322060,184,8032206,0
81118142765,811,1814276,5
94043346984,940,4334698,4
84188797750,841,8879775,0
48188845245,481,8884524,5
65187667944,651,8766794,4
71571465323,715,7146532,3
29716544431,297,1654443,1
68932262124,689,3226212,4
34996189770,349,9618977,0
12050664090,120,5066409,0
20771771762,207,7177176,2
89768720731,897,6872073,1
73530393390,735,3039339,0
64654624613,646,5462461,3
53158580710,531,5858071,0
43583178194,435,8317819,4
37137327351,371,3732735,1
51714617024,517,1461702,4
95999994382,959,9999438,2
23635644801,236,3564480,1
49917622594,499,1762259,4
61738330821,617,3833082,1
26771660835,267,7166083,5
99180284325,991,8028432,5
90874984813,908,7498481,3
26987750830,269,8775083,0
56182042373,561,8204237,3
21165999584,211,6599958,4
61260750090,612,6075009,0
63110507471,631,1050747,1
67176026210,671,7602621,0
52664461560,526,6446156,0
42793325701,427,9332570,1
89965547475,899,6554747,5
99256344591,992,5634459,1
94827898766,948,2789876,6
78153216455,781,5321645,5
24935481771,249,3548177,1
47445745225,474,4574522,5
53232319884,532,3231988,4
71997244874,719,9724487,4
95312296154,953,1229615,4
76064548016,760,6454801,6
90895447381,908,9544738,1
95164581521,951,6458152,1
20126416644,201,2641664,4
18573419391,185,7341939,1
72288102493,722,8810249,3
51731318810,517,3131881,0
31194598215,311,9459821,5
87385508120,873,8550812,0
30345402224,303,4540222,4
89369976890,893,6997689,0
80677496470,806,7749647,0
37161301554,371,6130155,4
92851256773,928,5125677,3
69777519531,697,7751953,1
80526167715,805,2616771,5
71457923625,714,5792362,5
64884061604,648,8406160,4
38351527533,383,5152753,3
82468211354,824,6821135,4
52986181362,529,8618136,2
57963511653,579,6351165,3
60515944765,605,1594476,5
75480460615,754,8046061,5
47724474223,477,2447422,3
85249316714,852,4931671,4
91367977546,913,6797754,6
28686137452,286,8613745,2
31061905761,310,6190576,1
53919249661,539,1924966,1
53454421646,534,5442164,6
46426744193,464,2674419,3
85541760433,855,4176043,3
87236460912,872,3646091,2
29205086095,292,0508609,5
45902651213,459,0265121,3
15933005494,159,3300549,4
73536494311,735,3649431,1
43218997146,432,1899714,6
66504747524,665,0474752,4
38678086025,386,7808602,5
66657465201,666,5746520,1
85442132535,854,4213253,5
50603332814,506,0333281,4
50820333394,508,2033339,4
64434313164,644,3431316,4
29262673660,292,6267366,0
22094912896,220,9491289,6
38613816845,386,1381684,5
56445362112,564,4536211,2
65160238693,651,6023869,3
42346846801,423,4684680,1
66772197880,667,7219788,0
61511327282,615,1132728,2
43743010611,437,4301061,1
60437648554,604,3764855,4
65799051624,657,9905162,4
35954400821,359,5440082,1
17272094005,172,7209400,5
24652936132,246,5293613,2
75721446410,757,2144641,0
27582321461,275,8232146,1
83345350034,833,4535003,4
90461959031,904,6195903,1
61719409394,617,1940939,4
98315150323,983,1515032,3
11787083062,117,8708306,2
54061212322,540,6121232,2
70036921030,700,3692103,0
25483021953,254,8302195,3
53413519942,534,1351994,2
74106997344,741,0699734,4
64133004080,641,3300408,0
64840792804,648,4079280,4
45807356836,458,0735683,6
84573054275,845,7305427,5
98658486060,986,5848606,0
42939743530,429,3974353,0
69154829646,691,5482964,6
98177707861,981,7770786,1
97088496044,970,8849604,4
41668166140,416,6816614,0
37928801614,379,2880161,4
24156853292,241,5685329,2
34979493973,349,7949397,3
48884806380,488,8480638,0
61893257853,618,9325785,3
94897199312,948,9719931,2
13409109906,134,0910990,6
78960909473,789,6090947,3
23782094450,237,8209445,0
12740734132,127,4073413,2
44812766826,448,1276682,6
84922598194,849,2259819,4
78327993912,783,2799391,2
18240428832,182,4042883,2
81502251814,815,0225181,4
20514912895,205,1491289,5
95468861215,954,6886121,5
78147648833,781,4764883,3
68869831960,688,6983196,0
27031856192,270,3185619,2
14384741182,143,8474118,2
44468813953,444,6881395,3
80788361915,807,8836191,5
50984991383,509,8499138,3
98259319924,982,5931992,4
38603746201,386,0374620,1
79243733785,792,4373378,5
31428566283,314,2856628,3
15292217005,152,9221700,5
74130900476,741,3090047,6
59580607350,595,8060735,0
40582002072,405,8200207,2
87253133516,872,5313351,6
59152000710,591,5200071,0
96353354610,963,5335461,0
46977498790,469,7749879,0
13729795853,137,2979585,3
69411740190,694,1174019,0
39973280761,399,7328076,1
48838834485,488,3883448,5
77098535335,770,9853533,5
21964072650,219,6407265,0
56279014410,562,7901441,0
43666141104,436,6614110,4
77335761321,773,3576132,1
51888981294,518,8898129,4
51244439822,512,4443982,2
23697717314,236,9771731,4
44290428286,442,9042828,6
74404635030,744,0463503,0
13711410453,137,1141045,3
61115354033,611,1535403,3
75217895532,752,1789553,2
16088047024,160,8804702,4
15053047800,150,5304780,0
51855846052,518,5584605,2
72358580010,723,5858001,0
54279433175,542,7943317,5
46329625022,463,2962502,2
82461898353,824,6189835,3
30517310955,305,1731095,5
41207020351,412,0702035,1
93363980110,933,6398011,0
77340789756,773,4078975,6
26001599814,260,0159981,4
69571656476,695,7165647,6
54165923921,541,6592392,1
15656501575,156,5650157,5
46450810640,464,5081064,0
92287917522,922,8791752,2
52221767870,522,2176787,0
65288655415,652,8865541,5
47245815252,472,4581525,2
55488358052,554,8835805,2
47004090152,470,0409015,2
48703253132,487,0325313,2
77044032081,770,4403208,1
69925280432,699,2528043,2
54885575254,548,8557525,4
19115669581,191,1566958,1
37328684152,373,2868415,2
66726600785,667,2660078,5
66540918534,665,4091853,4
97552130775,975,5213077,5
66752332630,667,5233263,0
26863365124,268,6336512,4
14817500214,148,1750021,4
20001627285,200,0162728,5
52266981644,522,6698164,4
57857759135,578,5775913,5
89358012836,893,5801283,6
14635453886,146,3545388,6
95997089634,959,9708963,4
93984308681,939,8430868,1
79056514384,790,5651438,4
56559777444,565,5977744,4
58572235883,585,7223588,3
28705240683,287,0524068,3
64427015656,644,2701565,6
83107191011,831,0719101,1
88813335684,888,1333568,4
63737066315,637,3706631,5
40014405670,400,1440567,0
78350767396,783,5076739,6
52413574660,524,1357466,0
31370077964,313,7007796,4
90248769890,902,4876989,0
50660187881,506,6018788,1
27800228710,278,0022871,0
94776203600,947,7620360,0
26932696140,269,3269614,0
64917689294,649,1768929,4
54419264670,544,1926467,0
87923516353,879,2351635,3
32862508780,328,6250878,0
17265367564,172,6536756,4
31067272921,310,6727292,1
25786829484,257,8682948,4
62093137760,620,9313776,0
12233314185,122,3331418,5
91113145461,911,1314546,1
38989623914,389,8962391,4
13170225566,131,7022556,6
31388707464,313,8870746,4
89934929415,899,3492941,5
21533512381,215,3351238,1
48209820482,482,0982048,2
78279589821,782,7958982,1
96926247006,969,2624700,6
69189993240,691,8999324,0
23278617433,232,7861743,3
59441430941,594,4143094,1
86214705156,862,1470515,6
16917507226,169,1750722,6
16182884566,161,8288456,6
65773062996,657,7306299,6
56916727985,569,1672798,5
36049345126,360,4934512,6
74556141302,745,5614130,2
87344864621,873,4486462,1
63463019523,634,6301952,3
23366261670,233,6626167,0
62258278211,622,5827821,1
85075342261,850,7534226,1
28589593961,285,8959396,1
41730411440,417,3041144,0
12402808425,124,0280842,5
91477516363,914,7751636,3
70535329580,705,3532958,0
23011804192,230,1180419,2
19180147011,191,8014701,1
81249448670,812,4944867,0
53348150645,533,4815064,5
55904940364,559,0494036,4
48968838902,489,6883890,2
37976789126,379,7678912,6
86975159402,869,7515940,2
32526319581,325,2631958,1
89423987166,894,2398716,6
67639552123,676,3955212,3
87289891434,872,8989143,4
14617970093,146,1797009,3
62958227184,629,5822718,4
21987244240,219,8724424,0
33204818332,332,0481833,2
52840024726,528,4002472,6
83465999680,834,6599968,0
48963067783,489,6306778,3
25701866666,257,0186666,6
37788269110,377,8826911,0
52638017236,526,3801723,6
85117626651,851,1762665,1
93375618003,933,7561800,3
97008476565,970,0847656,5
79058915770,790,5891577,0
52423326950,524,2332695,0
12600698754,126,0069875,4
42197353965,421,9735396,5
18762035951,187,6203595,1
58489303806,584,8930380,6
95242059436,952,4205943,6
90326478880,903,2647888,0
26870061690,268,7006169,0
95284520826,952,8452082,6
48645929342,486,4592934,2
17352033364,173,5203336,4
96778874845,967,7887484,5
78421749954,784,2174995,4
86800778182,868,0077818,2
88230470292,882,3047029,2
31382886253,313,8288625,3
50407517952,504,0751795,2
31801635502,318,0163550,2
77957521422,779,5752142,2
51076749513,510,7674951,3
60544952355,605,4495235,5
96462266834,964,6226683,4
37234736571,372,3473657,1
69657235785,696,5723578,5
55348553526,553,4855352,6
38954580403,389,5458040,3
61050680824,610,5068082,4
66060104571,660,6010457,1
49327197733,493,2719773,3
20814734431,208,1473443,1
24706880335,247,0688033,5
80173072294,801,7307229,4
48993020962,489,9302096,2
58082068360,580,8206836,0
74030272350,740,3027235,0
81845481391,818,4548139,1
86808376463,868,0837646,3
58490744442,584,9074444,2
54888975353,548,8897535,3
11949125933,119,4912593,3
26760727925,267,6072792,5
63267161961,632,6716196,1
10464190200,104,6419020,0
71367620943,713,6762094,3
36582737151,365,8273715,1
70828996831,708,2899683,1
57294683565,572,9468356,5
47354574772,473,5457477,2
22568794841,225,6879484,1
79159438735,791,5943873,5
15795523945,157,9552394,5
63759767686,637,5976768,6
10075610184,100,7561018,4
62350816473,623,5081647,3
23107846692,231,0784669,2
51394876774,513,9487677,4
11797127870,117,9712787,0
99536270440,995,3627044,0
27373533886,273,7353388,6
38612448501,386,1244850,1
50712983242,507,1298324,2
83030040002,830,3004000,2
43903973044,439,0397304,4
24624747555,246,2474755,5
13211389074,132,1138907,4
10830551632,108,3055163,2
74904173733,749,0417373,3
30845134184,308,4513418,4
74848954680,748,4895468,0
14038956095,140,3895609,5
75499963240,754,9996324,0
91562701902,915,6270190,2
71296815341,712,9681534,1
58019917575,580,1991757,5
13009909064,130,0990906,4
56462907800,564,6290780,0
86903624690,869,0362469,0
70253266452,702,5326645,2
96008426391,960,0842639,1
91936939334,919,3693933,4
84285268801,842,8526880,1
50742355062,507,4235506,2
30348836566,303,4883656,6
11563393112,115,6339311,2
79261724306,792,6172430,6
69956979112,699,5697911,2
45919689174,459,1968917,4
42909007475,429,0900747,5
70892584124,708,9258412,4
18627013540,186,2701354,0
38212986803,382,1298680,3
36940327630,369,4032763,0
99294937543,992,9493754,3
72958575354,729,5857535,4
48693071843,486,9307184,3
13564389863,135,6438986,3
47800900986,478,0090098,6
90174418216,901,7441821,6
70638808690,706,3880869,0
73523635624,735,2363562,4
88410622541,884,1062254,1
51601569904,516,0156990,4
70905378013,709,0537801,3
76148077484,761,4807748,4
44680580610,446,8058061,0
53125361933,531,2536193,3
96798081774,967,9808177,4
80395210734,803,9521073,4
34079253566,340,7925356,6
89734514506,897,3451450,6
30368819431,303,6881943,1
44298885286,442,9888528,6
71066306114,710,6630611,4
72847231480,728,4723148,0
96456830432,964,5683043,2
69453215736,694,5321573,6
40690791031,406,9079103,1
45145495520,451,4549552,0
29395229575,293,9522957,5
16814077596,168,1407759,6
43961763416,439,6176341,6
91247783645,912,4778364,5
72647744312,726,4774431,2
93365815515,933,6581551,5
81487946476,814,8794647,6
59104124985,591,0412498,5
38440137865,384,4013786,5
86451919995,864,5191999,5
63815373550,638,1537355,0
80921470046,809,2147004,6
77191620992,771,9162099,2
66099902680,660,9990268,0
45479478190,454,7947819,0
66861119853,668,6111985,3
39237463301,392,3746330,1
64906998813,649,0699881,3
64419690576,644,1969057,6
34954713493,349,5471349,3
74645474880,746,4547488,0
20221806985,202,2180698,5
92321826650,923,2182665,0
26288044254,262,8804425,4
50736002364,507,3600236,4
14417751436,144,1775143,6
48277693810,482,7769381,0
31906377273,319,0637727,3
45370992966,453,7099296,6
35880040712,358,8004071,2
15310038706,153,1003870,6
93782947051,937,8294705,1
98532760485,985,3276048,5
59601057393,596,0105739,3
12191904146,121,9190414,6
43491932175,434,9193217,5
87167578883,871,6757888,3
92158761261,921,5876126,1
16061701624,160,6170162,4
35402965491,354,0296549,1
46634673316,466,3467331,6
40469019195,404,6901919,5
48616434252,486,1643425,2
59625797233,596,2579723,3
31076192015,310,7619201,5
82271674495,822,7167449,5
69295218925,692,9521892,5
10357111896,103,5711189,6
38101039731,381,0103973,1
73003418485,730,0341848,5
23878739966,238,7873996,6
71065860890,710,6586089,0
76192088306,761,9208830,6
53345515346,533,4551534,6
81208875262,812,0887526,2
37992990835,379,9299083,5
87472573115,874,7257311,5
42871768205,428,7176820,5
73358772536,733,5877253,6
58201876201,582,0187620,1
28505819274,285,0581927,4
28092360253,280,9236025,3
25783401476,257,8340147,6
71151296026,711,5129602,6
18362141804,183,6214180,4
15012255664,150,1225566,4
68092461244,680,9246124,4
98381967862,983,8196786,2
80328272610,803,2827261,0
42420202900,424,2020290,0
58891551950,588,9155195,0
75204512423,752,0451242,3
58978734020,589,7873402,0
15762171822,157,6217182,2
49040799701,490,4079970,1
61096883762,610,9688376,2
93133143023,931,3314302,3
60594845330,605,9484533,0
50876740263,508,7674026,3
59041248473,590,4124847,3
11119021783,111,1902178,3
61407279275,614,0727927,5
56276971784,562,7697178,4
36906402870,369,0640287,0
47431488742,474,3148874,2
36302477176,363,0247717,6
91760651891,917,6065189,1
40360232910,403,6023291,0
39395299915,393,9529991,5
15998534082,159,9853408,2
73836895745,738,3689574,5
17036462424,170,3646242,4
48177394693,481,7739469,3
57269830313,572,6983031,3
67886523182,678,8652318,2
51440409001,514,4040900,1
55408894762,554,0889476,2
91332401703,913,3240170,3
32300721542,323,0072154,2
68247242676,682,4724267,6
97373812792,973,7381279,2
76068659324,760,6865932,4
21674316490,216,7431649,0
60461732766,604,6173276,6
31934162916,319,3416291,6
94992393372,949,9239337,2
88396617440,883,9661744,0
62135852964,621,3585296,4
87706557131,877,0655713,1
49410618894,494,1061889,4
81161369524,811,6136952,4
83566450980,835,6645098,0
83955680460,839,5568046,0
91868535356,918,6853535,6
24448566402,244,4856640,2
79360273851,793,6027385,1
49823512773,498,2351277,3
63853616712,638,5361671,2
44532852981,445,3285298,1
51406305123,514,0630512,3
57544224525,575,4422452,5
21684619833,216,8461983,3
12609993843,126,0999384,3
70583992346,705,8399234,6
86314573066,863,1457306,6
37380254974,373,8025497,4
65858134410,658,5813441,0
65946964313,659,4696431,3
68037780531,680,3778053,1
51599914343,515,9991434,3
85544665685,855,4466568,5
39523123561,395,2312356,1
97348915275,973,4891527,5
96619371465,966,1937146,5
23186015022,231,8601502,2
30121972730,301,2197273,0
83960268840,839,6026884,0
62706106134,627,0610613,4
44366572652,443,6657265,2
30200945056,302,0094505,6
15167673602,151,6767360,2
36348139660,363,4813966,0
12813864733,128,1386473,3
91414511461,914,1451146,1
32969960963,329,6996096,3
81384014584,813,8401458,4
89291466176,892,9146617,6
10289465130,102,8946513,0
71512076750,715,1207675,0
17099757632,170,9975763,2
10248681782,102,4868178,2
95766354494,957,6635449,4
99481404565,994,8140456,5
55344025776,553,4402577,6
14517336846,145,1733684,6
26447349543,264,4734954,3
88984436162,889,8443616,2
67135605806,671,3560580,6
16417701221,164,1770122,1
54403413872,544,0341387,2
11806986143,118,0698614,3
28301547560,283,0154756,0
33200537545,332,0053754,5
15623830283,156,2383028,3
91933522731,919,3352273,1
81397835965,813,9783596,5
82144394553,821,4439455,3
30064767361,300,6476736,1
91174179446,911,7417944,6
89961368026,899,6136802,6
21480105951,214,8010595,1
70688789650,706,8878965,0
17650741783,176,5074178,3
32806052581,328,0605258,1
65087488263,650,8748826,3
98106156735,981,0615673,5
77136853546,771,3685354,6
62628004903,626,2800490,3
41105043086,411,0504308,6
33330297182,333,3029718,2
89387560365,893,8756036,5
67125619084,671,2561908,4
91552342316,915,5234231,6
43113045325,431,1304532,5
25919873991,259,1987399,1
18221585361,182,2158536,1
87333376756,873,3337675,6
92809152165,928,0915216,5
21588916923,215,8891692,3
71585514152,715,8551415,2
71181112292,711,8111229,2
72291770796,722,9177079,6
84410795955,844,1079595,5
10789764631,107,8976463,1
40140589746,401,4058974,6
81258173494,812,5817349,4
64868806001,648,6880600,1
13509976833,135,0997683,3
20783340745,207,8334074,5
63543783782,635,4378378,2
98810648746,988,1064874,6
53632259371,536,3225937,1
36673281331,366,7328133,1
49348521934,493,4852193,4
77784115551,777,8411555,1
51100728686,511,0072868,6
89494373642,894,9437364,2
99046548254,990,4654825,4
68327089294,683,2708929,4
10388549413,103,8854941,3
24133482183,241,3348218,3
71525180656,715,2518065,6
49979409786,499,7940978,6
71046509343,710,4650934,3
39619481292,396,1948129,2
44739062486,447,3906248,6
18035125112,180,3512511,2
24335824753,243,3582475,3
78146602275,781,4660227,5
50003333020,500,0333302,0
66263374195,662,6337419,5
39454121551,394,5412155,1
55013901193,550,1390119,3
56210969304,562,1096930,4
43116958765,431,1695876,5
44219689850,442,1968985,0
16490833501,164,9083350,1
37984137406,379,8413740,6
41700268455,417,0026845,5
31819038474,318,1903847,4
70669896800,706,6989680,0
27881097961,278,8109796,1
90657434812,906,5743481,2
50446785555,504,4678555,5
16735359746,167,3535974,6
42526063374,425,2606337,4
16590852500,165,9085250,0
89439993930,894,3999393,0
22342528793,223,4252879,3
91995828186,919,9582818,6
78853678720,788,5367872,0
24906217756,249,0621775,6
85701697973,857,0169797,3
27886455964,278,8645596,4
76750660982,767,5066098,2
88929284674,889,2928467,4
35891593080,358,9159308,0
60334173120,603,3417312,0
90263215411,902,6321541,1
17262014814,172,6201481,4
68563565295,685,6356529,5
81910458336,819,1045833,6
40906780216,409,0678021,6
15130693660,151,3069366,0
53434262721,534,3426272,1
27254183976,272,5418397,6
65936125141,659,3612514,1
38283627080,382,8362708,0
54879336514,548,7933651,4
34964785876,349,6478587,6
90212870024,902,1287002,4
16519213192,165,1921319,2
88021125586,880,2112558,6
77521958965,775,2195896,5
99421555906,994,2155590,6
72474887352,724,7488735,2
70127814030,701,2781403,0
83954076270,839,5407627,0
14712985984,147,1298598,4
83562059443,835,6205944,3
56520396291,565,2039629,1
96855440372,968,5544037,2
53796240450,537,9624045,0
99344908711,993,4490871,1
56080372781,560,8037278,1
97778281530,977,7828153,0
25793136895,257,9313689,5
85539925140,855,3992514,0
31642145924,316,4214592,4
61419516203,614,1951620,3
30101052866,301,0105286,6
51048974654,510,4897465,4
92913647766,929,1364776,6
37030965930,370,3096593,0
27102297900,271,0229790,0
65840815724,658,4081572,4
91923645886,919,2364588,6
61231588844,612,3158884,4
51001057112,510,0105711,2
37119912974,371,1991297,4
54110648506,541,1064850,6
72031327586,720,3132758,6
71802583883,718,0258388,3
41566659734,415,6665973,4
52052466234,520,5246623,4
91679007281,916,7900728,1
51151965791,511,5196579,1
73775752722,737,7575272,2
61144687214,611,4468721,4
98207524451,982,0752445,1
31071259401,310,7125940,1
21656118292,216,5611829,2
82039562133,820,3956213,3
40087382580,400,8738258,0
80735007881,807,3500788,1
16081992694,160,8199269,4
47033185416,470,3318541,6
28087827401,280,8782740,1
77307550126,773,0755012,6
95969890692,959,6989069,2
17675833274,176,7583327,4
14210755414,142,1075541,4
78390413282,783,9041328,2
83250475911,832,5047591,1
37927748540,379,2774854,0
91040562122,910,4056212,2
15414324255,154,1432425,5
81886338653,818,8633865,3
76359524365,763,5952436,5
78014947221,780,1494722,1
94485780843,944,8578084,3
82761070450,827,6107045,0
76600832970,766,0083297,0
20899586365,208,9958636,5
53049201934,530,4920193,4
58140755480,581,4075548,0
44486456004,444,8645600,4
78408935945,784,0893594,5
89888566452,898,8856645,2
62260790623,622,6079062,3
42733360465,427,3336046,5
49061923336,490,6192333,6
69010948295,690,1094829,5
14494301284,144,9430128,4
61752217025,617,5221702,5
58288878194,582,8887819,4
26927991024,269,2799102,4
12271700890,122,7170089,0
43882636553,438,8263655,3
54759745392,547,5974539,2
23112630574,231,1263057,4
36865768341,368,6576834,1
94088082885,940,8808288,5
55386206544,553,8620654,4
89212417606,892,1241760,6
13135816773,131,3581677,3
68167223866,681,6722386,6
56572375090,565,7237509,0
22453502982,224,5350298,2
33164778466,331,6477846,6
34732400615,347,3240061,5
44241520316,442,4152031,6
52960815784,529,6081578,4
40948193836,409,4819383,6
91620929004,916,2092900,4
66960926111,669,6092611,1
82829574450,828,2957445,0
89377918976,893,7791897,6
83078762591,830,7876259,1
46384280671,463,8428067,1
30836584034,308,3658403,4
30223931593,302,2393159,3
85187408754,851,8740875,4
87811630231,878,1163023,1
53543263606,535,4326360,6
90125095170,901,2509517,0
52819635515,528,1963551,5
28610920743,286,1092074,3
40940276336,409,4027633,6
16519108460,165,1910846,0
18877175432,188,7717543,2
40820545391,408,2054539,1
28331369181,283,3136918,1
91367257663,913,6725766,3
42338194981,423,3819498,1
70231664493,702,3166449,3
31001813316,310,0181331,6
95737334032,957,3733403,2
92210233365,922,1023336,5
57792231871,577,9223187,1
18780174590,187,8017459,0
28460463391,284,6046339,1
68645809136,686,4580913,6
47828790010,478,2879001,0
80911744585,809,1174458,5
21337483072,213,3748307,2
20580779002,205,8077900,2
39756196545,397,5619654,5
81872796366,818,7279636,6
42096268102,420,9626810,2
11842597930,118,4259793,0
99839596460,998,3959646,0
33073573120,330,7357312,0
80460625606,804,6062560,6
21275784240,212,7578424,0
57413257310,574,1325731,0
83158255620,831,5825562,0
25795322591,257,9532259,1
41522359865,415,2235986,5
70555069025,705,5506902,5
32274966032,322,7496603,2
19703586504,197,0358650,4
27134819411,271,3481941,1
97656788480,976,5678848,0
56231018195,562,3101819,5
79566295843,795,6629584,3
31120839181,311,2083918,1
94184397692,941,8439769,2
69678906104,696,7890610,4
26913949776,269,1394977,6
85271164296,852,7116429,6
69346596734,693,4659673,4
38795369163,387,9536916,3
93180443953,931,8044395,3
13054779565,130,5477956,5
88791317853,887,9131785,3
79437558553,794,3755855,3
50165971924,501,6597192,4
88256624364,882,5662436,4
70900506576,709,0050657,6
39708313036,397,0831303,6
95549220300,955,4922030,0
63357797584,633,5779758,4
59460178930,594,6017893,0
42247159133,422,4715913,3
89017159933,890,1715993,3
66010845456,660,1084545,6
80841147755,808,4114775,5
99937421711,999,3742171,1
29432318201,294,3231820,1
60201774796,602,0177479,6
12846181705,128,4618170,5
19987426984,199,8742698,4
42844282924,428,4428292,4
22567294453,225,6729445,3
48354991181,483,5499118,1
91938404675,919,3840467,5
81202947546,812,0294754,6
25030517852,250,3051785,2
46481985413,464,8198541,3
42231789983,422,3178998,3
72762365141,727,6236514,1
11434129006,114,3412900,6
28840139195,288,4013919,5
31187685421,311,8768542,1
95349269394,953,4926939,4
31338296144,313,3829614,4
65962724496,659,6272449,6
54512310243,545,1231024,3
73620446964,736,2044696,4
89523903705,895,2390370,5
53126551403,531,2655140,3
82769022106,827,6902210,6
92653751500,926,5375150,0
79719262676,797,1926267,6
98470070132,984,7007013,2
45796206061,457,9620606,1
61125773161,611,2577316,1
53732537884,537,3253788,4
11859493755,118,5949375,5
28549854242,285,4985424,2
99127055046,991,2705504,6
53734240012,537,3424001,2
28595234931,285,9523493,1
58322416342,583,2241634,2
61616684424,616,1668442,4
70096342462,700,9634246,2
35618572551,356,1857255,1
96768285481,967,6828548,1
41528555115,415,2855511,5
27281295452,272,8129545,2
28389995042,283,8999504,2
62766660520,627,6666052,0
30119097016,301,1909701,6
26039307530,260,3930753,0
58079073895,580,7907389,5
63683341816,636,8334181,6
92199654702,921,9965470,2
68270635361,682,7063536,1
68738767245,687,3876724,5
58123196815,581,2319681,5
20750502001,207,5050200,1
50803673102,508,0367310,2
52217793834,522,1779383,4
86084942910,860,8494291,0
76765735023,767,6573502,3
51560048436,515,6004843,6
88238343086,882,3834308,6
12042140851,120,4214085,1
79457700974,794,5770097,4
64517893560,645,1789356,0
79351696655,793,5169665,5
63654859055,636,5485905,5
73178084144,731,7808414,4
89993102453,899,9310245,3
59797693973,597,9769397,3
87476131882,874,7613188,2
18441254771,184,4125477,1
26214961010,262,1496101,0
93548329921,935,4832992,1
69188732852,691,8873285,2
95282883056,952,8288305,6
39457905175,394,5790517,5
15942175693,159,4217569,3
32624110524,326,2411052,4
66700064592,667,0006459,2
80541656986,805,4165698,6
15831710440,158,3171044,0
56053344430,560,5334443,0
40530540920,405,3054092,0
85646286334,856,4628633,4
80224474616,802,2447461,6
53531318043,535,3131804,3
91336800635,913,3680063,5
25543942333,255,4394233,3
46561383975,465,6138397,5
81966844126,819,6684412,6
72641440802,726,4144080,2
18909823480,189,0982348,0
16970573923,169,7057392,3
43955163973,439,5516397,3
70225972406,702,2597240,6
67665276281,676,6527628,1
13922875604,139,2287560,4
26487503833,264,8750383,3
37883517493,378,8351749,3
51180627063,511,8062706,3
81393958071,813,9395807,1
38821141220,388,2114122,0
35296283744,352,9628374,4
41030377513,410,3037751,3
24016873063,240,1687306,3
48444692760,484,4469276,0
52138860915,521,3886091,5
39322224473,393,2222447,3
38197517515,381,9751751,5
47094072773,470,9407277,3
76061100696,760,6110069,6
50988525643,509,8852564,3
78017374360,780,1737436,0
11846326741,118,4632674,1
47119679533,471,1967953,3
82674305665,826,7430566,5
13242593036,132,4259303,6
72226400485,722,2640048,5
35059400476,350,5940047,6
70559323056,705,5932305,6
31590054095,315,9005409,5
26300435703,263,0043570,3
44231589841,442,3158984,1
60069470995,600,6947099,5
67795811032,677,9581103,2
66936038531,669,3603853,1
57035276716,570,3527671,6
19076661463,190,7666146,3
88635268235,886,3526823,5
70684263114,706,8426311,4
95503024382,955,0302438,2
84157744992,841,5774499,2
87558888292,875,5888829,2
77249915500,772,4991550,0
63320846425,633,2084642,5
61904497313,619,0449731,3
18486853060,184,8685306,0
56694976720,566,9497672,0
74175985201,741,7598520,1
28315985346,283,1598534,6
66751068136,667,5106813,6
35730464442,357,3046444,2
57975668036,579,7566803,6
19424772413,194,2477241,3
24901880194,249,0188019,4
79426023591,794,2602359,1
72997170332,729,9717033,2
98580947523,985,8094752,3
35911903062,359,1190306,2
28940104154,289,4010415,4
89066843652,890,6684365,2
66937240360,669,3724036,0
57246308485,572,4630848,5
32470699075,324,7069907,5
96024822552,960,2482255,2
93734220505,937,3422050,5
94811053665,948,1105366,5
69643350722,696,4335072,2
43411638803,434,1163880,3
13331432174,133,3143217,4
51794129403,517,9412940,3
10762021263,107,6202126,3
43172681926,431,7268192,6
74013900196,740,1390019,6
52525728321,525,2572832,1
41685918344,416,8591834,4
33344131476,333,4413147,6
58792656641,587,9265664,1
66949471460,669,4947146,0
60781981502,607,8198150,2
83052077684,830,5207768,4
28494503201,284,9450320,1
94086883284,940,8688328,4
63046010652,630,4601065,2
69450215873,694,5021587,3
29329718666,293,2971866,6
59617933734,596,1793373,4
28571966181,285,7196618,1
18816173602,188,1617360,2
37937502354,379,3750235,4
62977190590,629,7719059,0
38808410701,388,0841070,1
54163647910,541,6364791,0
92800180170,928,0018017,0
72376882626,723,7688262,6
95014320833,950,1432083,3
86248629810,862,4862981,0
78517847040,785,1784704,0
83621719224,836,2171922,4
56395763110,563,9576311,0
61840194116,618,4019411,6
84478078074,844,7807807,4
76673998300,766,7399830,0
93271881013,932,7188101,3
46391890290,463,9189029,0
47727226764,477,2722676,4
75676318383,756,7631838,3
43582293281,435,8229328,1
68744741501,687,4474150,1
92720101564,927,2010156,4
29266705746,292,6670574,6
33786704811,337,8670481,1
87654409635,876,5440963,5
67428114030,674,2811403,0
97250499775,972,5049977,5
44953632891,449,5363289,1
89144050936,891,4405093,6
52470604550,524,7060455,0
22350585496,223,5058549,6
81685075844,816,8507584,4
73842908462,738,4290846,2
38914036274,389,1403627,4
55548559654,555,4855965,4
60127022076,601,2702207,6
57170981633,571,7098163,3
80868118700,808,6811870,0
87424453803,874,2445380,3
60394947802,603,9494780,2
17276624855,172,7662485,5
64640355666,646,4035566,6
19795800531,197,9580053,1
23808863184,238,0886318,4
47092680406,470,9268040,6
27916624480,279,1662448,0
68794312950,687,9431295,0
76150954494,761,5095449,4
71474244131,714,7424413,1
87968488443,879,6848844,3
38685814115,386,8581411,5
10306085136,103,0608513,6
98239679854,982,3967985,4
72247667645,722,4766764,5
22962798740,229,6279874,0
79218554391,792,1855439,1
42715928603,427,1592860,3
13181508782,131,8150878,2
22105077906,221,0507790,6
45193856423,451,9385642,3
39271419913,392,7141991,3
38989010040,389,8901004,0
96088347045,960,8834704,5
32538371750,325,3837175,0
71987304662,719,8730466,2
48267363111,482,6736311,1
40010714874,400,1071487,4
69582709676,695,8270967,6
42388649350,423,8864935,0
50207674135,502,0767413,5
98857176674,988,5717667,4
93594526111,935,9452611,1
87829503681,878,2950368,1
13593691322,135,9369132,2
81843996071,818,4399607,1
23376684701,233,7668470,1
58376682360,583,7668236,0
63833074535,638,3307453,5
14716642014,147,1664201,4
54786311185,547,8631118,5
41526049846,415,2604984,6
79132460066,791,3246006,6
38982865270,389,8286527,0
65845346296,658,4534629,6
83910929106,839,1092910,6
53587456510,535,8745651,0
41837154605,418,3715460,5
84541570992,845,4157099,2
39179180601,391,7918060,1
83349250951,833,4925095,1
17230164632,172,3016463,2
26579490632,265,7949063,2
57034269592,570,3426959,2
66838736736,668,3873673,6
72926973540,729,2697354,0
60316852842,603,1685284,2
38450545593,384,5054559,3
29133504384,291,3350438,4
19075770065,190,7577006,5
65060969314,650,6096931,4
92880169574,928,8016957,4
53895422304,538,9542230,4
51347594311,513,4759431,1
11689230885,116,8923088,5
79083251513,790,8325151,3
47070539472,470,7053947,2
51144367346,511,4436734,6
96902374081,969,0237408,1
99415036842,994,1503684,2
32967706760,329,6770676,0
40013495826,400,1349582,6
12974288314,129,7428831,4
74061565254,740,6156525,4
60013585405,600,1358540,5
87370292146,873,7029214,6
33052982321,330,5298232,1
93349736675,933,4973667,5
54534878246,545,3487824,6
58968137582,589,6813758,2
13517432632,135,1743263,2
41621907650,416,2190765,0
95640336830,956,4033683,0
85406624035,854,0662403,5
68630542866,686,3054286,6
66874151314,668,7415131,4
86578765701,865,7876570,1
85110121115,851,1012111,5
46499416006,464,9941600,6
41677756571,416,7775657,1
58352767132,583,5276713,2
87728383436,877,2838343,6
76007389044,760,0738904,4
57579155002,575,7915500,2
93680511866,936,8051186,6
52672786572,526,7278657,2
55790486615,557,9048661,5
77628615252,776,2861525,2
65384451245,653,8445124,5
56878657394,568,7865739,4
65708734823,657,0873482,3
14009232691,140,0923269,1
88437493964,884,3749396,4
83858439516,838,5843951,6
63423070810,634,2307081,0
37868764931,378,6876493,1
35916814976,359,1681497,6
64324045542,643,2404554,2
79044967750,790,4496775,0
20029431811,200,2943181,1
96840802721,968,4080272,1
62998986071,629,9898607,1
70415604050,704,1560405,0
72784893440,727,8489344,0
76666127464,766,6612746,4
14841672723,148,4167272,3
82505075474,825,0507547,4
13745541846,137,4554184,6
48071692945,480,7169294,5
49774506075,497,7450607,5
21246599305,212,4659930,5
85082951940,850,8295194,0
69536885205,695,3688520,5
94214733396,942,1473339,6
41908288405,419,0828840,5
49957565224,499,5756522,4
71083737441,710,8373744,1
97814156911,978,1415691,1
51637392882,516,3739288,2
97527453252,975,2745325,2
44793587995,447,9358799,5
66798523274,667,9852327,4
19764632851,197,6463285,1
81367540861,813,6754086,1
41230346316,412,3034631,6
30940494660,309,4049466,0
42227708313,422,2770831,3
84436088763,844,3608876,3
37496274503,374,9627450,3
59558708134,595,5870813,4
53805661293,538,0566129,3
17693246760,176,9324676,0
17109341024,171,0934102,4
54057322512,540,5732251,2
45957300772,459,5730077,2
92328235501,923,2823550,1
19773133895,197,7313389,5
52932605864,529,3260586,4
68683751060,686,8375106,0
63633650241,636,3365024,1
89503997622,895,0399762,2
26899703525,268,9970352,5
22490417296,224,9041729,6
95663417331,956,6341733,1
91205711606,912,0571160,6
90171417651,901,7141765,1
27397917456,273,9791745,6
35136544354,351,3654435,4
99335549005,993,3554900,5
32207586612,322,0758661,2
25529326300,255,2932630,0
93002731991,930,0273199,1
63763164880,637,6316488,0
56710011135,567,1001113,5
67427554744,674,2755474,4
19042949283,190,4294928,3
61318444010,613,1844401,0
51399612755,513,9961275,5
27105509811,271,0550981,1
58359603414,583,5960341,4
36029672750,360,2967275,0
40579436753,405,7943675,3
56932065364,569,3206536,4
79330378124,793,3037812,4
17826160430,178,2616043,0
26755777871,267,5577787,1
54394067273,543,9406727,3
47375559223,473,7555922,3
49366355076,493,6635507,6
65368553665,653,6855366,5
52960244801,529,6024480,1
34159889694,341,5988969,4
69675332855,696,7533285,5
99321786413,993,2178641,3
86495195090,864,9519509,0
61453503710,614,5350371,0
78128409565,781,2840956,5
84070555183,840,7055518,3
17990576815,179,9057681,5
30631816202,306,3181620,2
50471208503,504,7120850,3
36788076546,367,8807654,6
82832057621,828,3205762,1
99191212723,991,9121272,3
63760519911,637,6051991,1
77191065226,771,9106522,6
90425596732,904,2559673,2
37071304462,370,7130446,2
28830763214,288,3076321,4
72619439980,726,1943998,0
26717703793,267,1770379,3
82827409143,828,2740914,3
53105816082,531,0581608,2
22159916961,221,5991696,1
17958431570,179,5843157,0
14454386811,144,5438681,1
21448974182,214,4897418,2
63264696872,632,6469687,2
35242774706,352,4277470,6
79130705283,791,3070528,3
41647189556,416,4718955,6
12006486232,120,0648623,2
41462436383,414,6243638,3
74889284723,748,8928472,3
32445334194,324,4533419,4
10244612455,102,4461245,5
99756481111,997,5648111,1
42769498362,427,6949836,2
84257072196,842,5707219,6
34077196142,340,7719614,2
87005788180,870,0578818,0
66909677596,669,0967759,6
71654913706,716,5491370,6
83564553363,835,6455336,3
68158309893,681,5830989,3
69010454893,690,1045489,3
89847303035,898,4730303,5
29167438206,291,6743820,6
21498081836,214,9808183,6
53548660293,535,4866029,3
21848276991,218,4827699,1
79572306480,795,7230648,0
36861785015,368,6178501,5
93225215630,932,2521563,0
48395968620,483,9596862,0
10555424404,105,5542440,4
53277206646,532,7720664,6
68064767241,680,6476724,1
75717599132,757,1759913,2
29487192870,294,8719287,0
69367320474,693,6732047,4
30632446725,306,3244672,5
21310420542,213,1042054,2
15822135622,158,2213562,2
79621682995,796,2168299,5
67915621436,679,1562143,6
17868969173,178,6896917,3
99100466701,991,0046670,1
52675931984,526,7593198,4
23596601065,235,9660106,5
74635968144,746,3596814,4
81596942832,815,9694283,2
17104273346,171,0427334,6
10822982160,108,2298216,0
27987747314,279,8774731,4
37179031696,371,7903169,6
90433737141,904,3373714,1
82876618106,828,7661810,6
12513836800,125,1383680,0
88898111346,888,9811134,6
19175492070,191,7549207,0
25931905890,259,3190589,0
22523233831,225,2323383,1
45752254002,457,5225400,2
59247848896,592,4784889,6
17457366360,174,5736636,0
97265461816,972,6546181,6
94614630761,946,1463076,1
90456488123,904,5648812,3
68132617954,681,3261795,4
84635779273,846,3577927,3
16540299855,165,4029985,5
40246964114,402,4696411,4
47299519835,472,9951983,5
10579470454,105,7947045,4
52278678986,522,7867898,6
12357629586,123,5762958,6
37909376621,379,0937662,1
18064947665,180,6494766,5
16289274042,162,8927404,2
71476111294,714,7611129,4
69857036362,698,5703636,2
85939232943,859,3923294,3
55650117942,556,5011794,2
98550346733,985,5034673,3
56991434066,569,9143406,6
12921665112,129,2166511,2
75214314626,752,1431462,6
49279537073,492,7953707,3
16815965650,168,1596565,0
51454229372,514,5422937,2
72914686996,729,1468699,6
92992276090,929,9227609,0
78861292174,788,6129217,4
87291087492,872,9108749,2
39248925865,392,4892586,5
16950229405,169,5022940,5
12836991236,128,3699123,6
14189524924,141,8952492,4
92627917415,926,2791741,5
26414905883,264,1490588,3
12443530530,124,4353053,0
74521832960,745,2183296,0
18059296333,180,5929633,3
57421512305,574,2151230,5
70628663392,706,2866339,2
48681258103,486,8125810,3
50499047886,504,9904788,6
52330473376,523,3047337,6
20465414494,204,6541449,4
35236424376,352,3642437,6
84722940462,847,2294046,2
68601337142,686,0133714,2
47719900740,477,1990074,0
52039247326,520,3924732,6
64766824231,647,6682423,1
17144103622,171,4410362,2
18013611335,180,1361133,5
15623406191,156,2340619,1
43084382100,430,8438210,0
17888987824,178,8898782,4
55359773996,553,5977399,6
83375701381,833,7570138,1
21516421625,215,1642162,5
24367977534,243,6797753,4
59307056024,593,0705602,4
78189576814,781,8957681,4
35950197513,359,5019751,3
79889099660,798,8909966,0
72490616414,724,9061641,4
86836303684,868,3630368,4
38156432744,381,5643274,4
43710719206,437,1071920,6
60617401730,606,1740173,0
83290988271,832,9098827,1
78437374573,784,3737457,3
90159387803,901,5938780,3
34606524964,346,0652496,4
37058719546,370,5871954,6
23015094491,230,1509449,1
45597470456,455,9747045,6
98028533785,980,2853378,5
67163909221,671,6390922,1
42779155983,427,7915598,3
19764982020,197,6498202,0
30803392596,308,0339259,6
87065992303,870,6599230,3
49165203702,491,6520370,2
61393218201,613,9321820,1
90385726911,903,8572691,1
79631599784,796,3159978,4
70920981043,709,2098104,3
25420644575,254,2064457,5
15174212215,151,7421221,5
58662124413,586,6212441,3
30911154826,309,1115482,6
31499115655,314,9911565,5
80379532613,803,7953261,3
67985767056,679,8576705,6
84384400534,843,8440053,4
93944916703,939,4491670,3
49296976425,492,9697642,5
18400656795,184,0065679,5
24300376542,243,0037654,2
64438399376,644,3839937,6
75693335325,756,9333532,5
44939029686,449,3902968,6
56582083575,565,8208357,5
89310935541,893,1093554,1
23001973085,230,0197308,5
77944474810,779,4447481,0
89794064673,897,9406467,3
12826312655,128,2631265,5
66277118481,662,7711848,1
19380640030,193,8064003,0
37818932083,378,1893208,3
61269545992,612,6954599,2
81265714963,812,6571496,3
68575958330,685,7595833,0
58449677075,584,4967707,5
99266215104,992,6621510,4
71462217470,714,6221747,0
51971921564,519,7192156,4
91506062392,915,0606239,2
36610385084,366,1038508,4
83907234104,839,0723410,4
44045379386,440,4537938,6
72197121406,721,9712140,6
27798323053,277,9832305,3
86991549285,869,9154928,5
26793973780,267,9397378,0
54831063363,548,3106336,3
84607003394,846,0700339,4
95752376092,957,5237609,2
17711792382,177,1179238,2
72985525341,729,8552534,1
92585562723,925,8556272,3
75874370086,758,7437008,6
73143732246,731,4373224,6
58890340113,588,9034011,3
15213785813,152,1378581,3
37908891491,379,0889149,1
77800312322,778,0031232,2
22153155724,221,5315572,4
56311359732,563,1135973,2
84557202215,845,5720221,5
14340278711,143,4027871,1
93741349320,937,4134932,0
65580029365,655,8002936,5
72081060773,720,8106077,3
84549716245,845,4971624,5
28728619676,287,2861967,6
38660020652,386,6002065,2
81474605712,814,7460571,2
73243403245,732,4340324,5
33085068885,330,8506888,5
32064822441,320,6482244,1
49698343612,496,9834361,2
71323194910,713,2319491,0
67938643936,679,3864393,6
69265494206,692,6549420,6
35454897633,354,5489763,3
34755113053,347,5511305,3
19983936955,199,8393695,5
88883167494,888,8316749,4
24721942765,247,2194276,5
99664298170,996,6429817,0
88272077041,882,7207704,1
92102939372,921,0293937,2
18744867842,187,4486784,2
10872620256,108,7262025,6
98131119224,981,3111922,4
41385656084,413,8565608,4
17622012754,176,2201275,4
28879344672,288,7934467,2
40978939794,409,7893979,4
41949360375,419,4936037,5
52870322850,528,7032285,0
89443884612,894,4388461,2
64132017373,641,3201737,3
88977471650,889,7747165,0
64792966166,647,9296616,6
34879860730,348,7986073,0
73095413423,730,9541342,3
69343691204,693,4369120,4
94706663900,947,0666390,0
67876490826,678,7649082,6
93613375285,936,1337528,5
39391417334,393,9141733,4
74172578565,741,7257856,5
36447822554,364,4782255,4
59682424925,596,8242492,5
90255729072,902,5572907,2
40860705250,408,6070525,0
13085249023,130,8524902,3
63321378550,633,2137855,0
83145100574,831,4510057,4
65945391850,659,4539185,0
85084009304,850,8400930,4
87637606451,876,3760645,1
89329205831,893,2920583,1
51004327434,510,0432743,4
79471001165,794,7100116,5
27827761555,278,2776155,5
80716721025,807,1672102,5
53650300453,536,5030045,3
89360215605,893,6021560,5
35201380084,352,0138008,4
47350154152,473,5015415,2
66909379312,669,0937931,2
12898293821,128,9829382,1
21935977783,219,3597778,3
38737899980,387,3789998,0
13486275813,134,8627581,3
43333633785,433,3363378,5
28517358486,285,1735848,6
70106064654,701,0606465,4
72629458793,726,2945879,3
49033890945,490,3389094,5
91710656760,917,1065676,0
77203990766,772,0399076,6
95614871704,956,1487170,4
22093680771,220,9368077,1
94872139493,948,7213949,3
72147531575,721,4753157,5
64388033981,643,8803398,1
36049606406,360,4960640,6
16597753671,165,9775367,1
87562367113,875,6236711,3
16350503705,163,5050370,5
55011328353,550,1132835,3
45608232252,456,0823225,2
61323673634,613,2367363,4
52556935243,525,5693524,3
85228379736,852,2837973,6
78455324434,784,5532443,4
65629584352,656,2958435,2
97641570963,976,4157096,3
97960100415,979,6010041,5
51780989022,517,8098902,2
13172768776,131,7276877,6
10038914025,100,3891402,5
60172820913,601,7282091,3
70630586330,706,3058633,0
12846847304,128,4684730,4
92690341676,926,9034167,6
77164563236,771,6456323,6
21595538014,215,9553801,4
94068228575,940,6822857,5
46884278600,468,8427860,0
16373608415,163,7360841,5
15303714571,153,0371457,1
97632561625,976,3256162,5
48900269891,489,0026989,1
21406998921,214,0699892,1
64196873404,641,9687340,4
69226822813,692,2682281,3
12602406661,126,0240666,1
23376468652,233,7646865,2
27691866934,276,9186693,4
30660698700,306,6069870,0
30253787516,302,5378751,6
57965886872,579,6588687,2
85463769640,854,6376964,0
92584598926,925,8459892,6
91559957331,915,5995733,1
69026280370,690,2628037,0
93883113931,938,8311393,1
46858924282,468,5892428,2
90558376286,905,5837628,6
46175896403,461,7589640,3
42096147571,420,9614757,1
65154643401,651,5464340,1
56926237584,569,2623758,4
53905913610,539,0591361,0
10743209732,107,4320973,2
95476263986,954,7626398,6
80728360874,807,2836087,4
75439935936,754,3993593,6
78842513532,788,4251353,2
50757524022,507,5752402,2
28065448420,280,6544842,0
62879209330,628,7920933,0
52901990095,529,0199009,5
35759570314,357,5957031,4
41654092043,416,5409204,3
98443816944,984,4381694,4
15905296580,159,0529658,0
50069546516,500,6954651,6
59743459655,597,4345965,5
73502604020,735,0260402,0
28969351510,289,6935151,0
84414983892,844,1498389,2
59177777422,591,7777742,2
35220529361,352,2052936,1
67574767930,675,7476793,0
67171729323,671,7172932,3
98951496645,989,5149664,5
45095054150,450,9505415,0
40926282416,409,2628241,6
96201414864,962,0141486,4
44729396432,447,2939643,2
61908691912,619,0869191,2
63419162140,634,1916214,0
72668294465,726,6829446,5
99899583161,998,9958316,1
41515634092,415,1563409,2
35265317054,352,6531705,4
60281934192,602,8193419,2
74129831735,741,2983173,5
41897259883,418,9725988,3
94186041505,941,8604150,5
35570214576,355,7021457,6
47259928732,472,5992873,2
21483035900,214,8303590,0
60806841760,608,0684176,0
67659947995,676,5994799,5
15812664690,158,1266469,0
20657201885,206,5720188,5
95171550251,951,7155025,1
96708608775,967,0860877,5
96248059966,962,4805996,6
42867154203,428,6715420,3
57450325472,574,5032547,2
56573127031,565,7312703,1
95221963633,952,2196363,3
64208986325,642,0898632,5
74014611716,740,1461171,6
14256948325,142,5694832,5
56363517342,563,6351734,2
27189607702,271,8960770,2
39864788212,398,6478821,2
51742414976,517,4241497,6
77913513416,779,1351341,6
11400996853,114,0099685,3
64545583026,645,4558302,6
22835477184,228,3547718,4
86580681666,865,8068166,6
88798214501,887,9821450,1
82587163252,825,8716325,2
32641664561,326,4166456,1
98886354642,988,8635464,2
13902903715,139,0290371,5
72108342153,721,0834215,3
34397640901,343,9764090,1
54768399940,547,6839994,0
71945733732,719,4573373,2
25652574863,256,5257486,3
22493297550,224,9329755,0
97153892596,971,5389259,6
52398849526,523,9884952,6
42976646586,429,7664658,6
88851857083,888,5185708,3
44582954921,445,8295492,1
57541941962,575,4194196,2
41881574842,418,8157484,2
29422686414,294,2268641,4
80552571033,805,5257103,3
70023362942,700,2336294,2
94072530346,940,7253034,6
87323856713,873,2385671,3
83686560763,836,8656076,3
64662141531,646,6214153,1
51180021236,511,8002123,6
99505399423,995,0539942,3
99322701781,993,2270178,1
17170114064,171,7011406,4
15823398006,158,2339800,6
39280750643,392,8075064,3
48352507094,483,5250709,4
29568559093,295,6855909,3
56727337674,567,2733767,4
59177798240,591,7779824,0
17032165305,170,3216530,5
52905868916,529,0586891,6
18594091901,185,9409190,1
64148566695,641,4856669,5
32432719942,324,3271994,2
61939374271,619,3937427,1
37395830105,373,9583010,5
61769840750,617,6984075,0
62478887460,624,7888746,0
82236618395,822,3661839,5
82446292076,824,4629207,6
35330963783,353,3096378,3
63064698190,630,6469819,0
82942272123,829,4227212,3
89435857383,894,3585738,3
85769224134,857,6922413,4
13026530183,130,2653018,3
83843651040,838,4365104,0
80783924932,807,8392493,2
61953560230,619,5356023,0
75203329315,752,0332931,5
36594355863,365,9435586,3
87189069800,871,8906980,0
11215614606,112,1561460,6
62928073206,629,2807320,6
13500752142,135,0075214,2
90278592826,902,7859282,6
25054873412,250,5487341,2
13039636816,130,3963681,6
76621391706,766,2139170,6
34112144236,341,1214423,6
72380469604,723,8046960,4
93569080170,935,6908017,0
44817450970,448,1745097,0
57668958813,576,6895881,3
35595689254,355,9568925,4
75848858194,758,4885819,4
24890900736,248,9090073,6
23993642785,239,9364278,5
71170933580,711,7093358,0
61112398101,611,1239810,1
42781127152,427,8112715,2
51180264226,511,8026422,6
84175011096,841,7501109,6
36473195821,364,7319582,1
20169777992,201,6977799,2
16872423575,168,7242357,5
29085775873,290,8577587,3
19202373465,192,0237346,5
24371730850,243,7173085,0
58762223552,587,6222355,2
53869077172,538,6907717,2
99430748222,994,3074822,2
75444177152,754,4417715,2
83500367205,835,0036720,5
10482764365,104,8276436,5
59540477885,595,4047788,5
35577207250,355,7720725,0
32623593866,326,2359386,6
30577000024,305,7700002,4
14760982231,147,6098223,1
89495319171,894,9531917,1
21303044862,213,0304486,2
93031380154,930,3138015,4
37856588796,378,5658879,6
36742293392,367,4229339,2
52579814690,525,7981469,0
15147125511,151,4712551,1
58548897975,585,4889797,5
76343259964,763,4325996,4
39131504650,391,3150465,0
28714142156,287,1414215,6
27174851782,271,7485178,2
92392620325,923,9262032,5
57380477592,573,8047759,2
74681344035,746,8134403,5
69582350635,695,8235063,5
71985642561,719,8564256,1
60401790260,604,0179026,0
87303004942,873,0300494,2
63655822440,636,5582244,0
63761362196,637,6136219,6
83524566515,835,2456651,5
56653616820,566,5361682,0
39523864705,395,2386470,5
90779956904,907,7995690,4
41487306224,414,8730622,4
14289572455,142,8957245,5
19377287056,193,7728705,6
86718356602,867,1835660,2
85183448396,851,8344839,6
62020405510,620,2040551,0
36630104733,366,3010473,3
35215166092,352,1516609,2
81853925195,818,5392519,5
83172193276,831,7219327,6
49132211351,491,3221135,1
47834450214,478,3445021,4
66899679136,668,9967913,6
78374062322,783,7406232,2
78212135012,782,1213501,2
16688987311,166,8898731,1
11871488490,118,7148849,0
98878273682,988,7827368,2
23085899716,230,8589971,6
53597420265,535,9742026,5
21432499090,214,3249909,0
36178324043,361,7832404,3
48082662403,480,8266240,3
91639348955,916,3934895,5
46613274294,466,1327429,4
75800026011,758,0002601,1
14136131770,141,3613177,0
76679877076,766,7987707,6
89278526133,892,7852613,3
97729683910,977,2968391,0
40823668105,408,2366810,5
33367007553,333,6700755,3
60598051202,605,9805120,2
98146892906,981,4689290,6
45123425070,451,2342507,0
57588600573,575,8860057,3
11094128001,110,9412800,1
72284263793,722,8426379,3
89298796200,892,9879620,0
49408034202,494,0803420,2
60978511153,609,7851115,3
96579716361,965,7971636,1
98495079135,984,9507913,5
81863715670,818,6371567,0
16459978276,164,5997827,6
98734362243,987,3436224,3
54146618566,541,4661856,6
96250679981,962,5067998,1
77364479322,773,6447932,2
52279322270,522,7932227,0
13110525576,131,1052557,6
67813026240,678,1302624,0
74379832042,743,7983204,2
63910505254,639,1050525,4
40284949661,402,8494966,1
20373723385,203,7372338,5
24730192855,247,3019285,5
81286681215,812,8668121,5
77704712620,777,0471262,0
94111542425,941,1154242,5
58461108026,584,6110802,6
44317575971,443,1757597,1
17502800905,175,0280090,5
14870340272,148,7034027,2
21932094191,219,3209419,1
29979279383,299,7927938,3
66352549012,663,5254901,2
12308464053,123,0846405,3
43278757220,432,7875722,0
13395028316,133,9502831,6
21637690621,216,3769062,1
42252622806,422,5262280,6
49323433745,493,2343374,5
57783352020,577,8335202,0
96068285994,960,6828599,4
77873181042,778,7318104,2
21059980083,210,5998008,3
91755594643,917,5559464,3
26149091141,261,4909114,1
81756767571,817,5676757,1
54095146471,540,9514647,1
56947749340,569,4774934,0
28007270370,280,0727037,0
36651572265,366,5157226,5
60361450160,603,6145016,0
57844053006,578,4405300,6
30083897164,300,8389716,4
66501948133,665,0194813,3
25897621926,258,9762192,6
68189327965,681,8932796,5
23084390725,230,8439072,5
37144286914,371,4428691,4
25607115061,256,0711506,1
39040845651,390,4084565,1
88638034023,886,3803402,3
67201174675,672,0117467,5
58246833640,582,4683364,0
36599941545,365,9994154,5
37973710216,379,7371021,6
68263430152,682,6343015,2
18532933036,185,3293303,6
37933743856,379,3374385,6
99268864271,992,6886427,1
29306329174,293,0632917,4
27367506551,273,6750655,1
75793823465,757,9382346,5
57887724342,578,8772434,2
14866874041,148,6687404,1
95877319466,958,7731946,6
62501136454,625,0113645,4
64845532162,648,4553216,2
36332347395,363,3234739,5
13711609761,137,1160976,1
37695005083,376,9500508,3
57917869516,579,1786951,6
54730580703,547,3058070,3
62056558265,620,5655826,5
28680229545,286,8022954,5
74172168171,741,7216817,1
60147108396,601,4710839,6
83119080992,831,1908099,2
18542657954,185,4265795,4
12127184320,121,2718432,0
78894762063,788,9476206,3
77139466335,771,3946633,5
97157512524,971,5751252,4
66285755601,662,8575560,1
17087126342,170,8712634,2
60714547652,607,1454765,2
75922538283,759,2253828,3
49568288280,495,6828828,0
73286283503,732,8628350,3
25827138620,258,2713862,0
13046675836,130,4667583,6
37697415810,376,9741581,0
36178751725,361,7875172,5
76848836331,768,4883633,1
22479267753,224,7926775,3
67974535110,679,7453511,0
86399644791,863,9964479,1
97780530182,977,8053018,2
68000264590,680,0026459,0
54331549415,543,3154941,5
44676782160,446,7678216,0
85835206323,858,3520632,3
34889762800,348,8976280,0
53484071154,534,8407115,4
94364347271,943,6434727,1
34219450783,342,1945078,3
63821688696,638,2168869,6
60337003783,603,3700378,3
10126560500,101,2656050,0
50541704735,505,4170473,5
66223900190,662,2390019,0
92449345011,924,4934501,1
62073287430,620,7328743,0
35942013513,359,4201351,3
31577370364,315,7737036,4
88324366704,883,2436670,4
90002753556,900,0275355,6
90956313336,909,5631333,6
29657882902,296,5788290,2
28999752372,289,9975237,2
16436824410,164,3682441,0
79636413834,796,3641383,4
71907608705,719,0760870,5
15488384336,154,8838433,6
73100435442,731,0043544,2
64208316080,642,0831608,0
86895873395,868,9587339,5
30634397322,306,3439732,2
64461650903,644,6165090,3
50819324442,508,1932444,2
77811895731,778,1189573,1
82166506100,821,6650610,0
45118512971,451,1851297,1
32142524004,321,4252400,4
54720639262,547,2063926,2
52375916280,523,7591628,0
59830301062,598,3030106,2
58755872341,587,5587234,1
16011399851,160,1139985,1
44174792033,441,7479203,3
28140506055,281,4050605,5
49476296704,494,7629670,4
25985455621,259,8545562,1
17352521264,173,5252126,4
61269015955,612,6901595,5
55277596701,552,7759670,1
11329521261,113,2952126,1
46195471714,461,9547171,4
45973755943,459,7375594,3
75876320240,758,7632024,0
21356507041,213,5650704,1
58329096390,583,2909639,0
31956292276,319,5629227,6
48458036544,484,5803654,4
42292736594,422,9273659,4
75012124780,750,1212478,0
69338959263,693,3895926,3
64229268114,642,2926811,4
81489891832,814,8989183,2
18480006455,184,8000645,5
89363920475,893,6392047,5
88587238062,885,8723806,2
21143469260,211,4346926,0
39229523166,392,2952316,6
58743878103,587,4387810,3
16119663805,161,1966380,5
99737557503,997,3755750,3
69921381481,699,2138148,1
85718217170,857,1821717,0
42752640183,427,5264018,3
62832991646,628,3299164,6
77299758193,772,9975819,3
30552137950,305,5213795,0
62933233964,629,3323396,4
45175035993,451,7503599,3
10868567893,108,6856789,3
96890533032,968,9053303,2
81229705821,812,2970582,1
73594818881,735,9481888,1
49760323261,497,6032326,1
34688726156,346,8872615,6
47510101021,475,1010102,1
41479971321,414,7997132,1
96346620862,963,4662086,2
42516642731,425,1664273,1
18695460712,186,9546071,2
30841056273,308,4105627,3
82930786894,829,3078689,4
63459313564,634,5931356,4
54296088472,542,9608847,2
99073246422,990,7324642,2
51064385103,510,6438510,3
83670265205,836,7026520,5
41588571554,415,8857155,4
21350164435,213,5016443,5
46002364191,460,0236419,1
41317463016,413,1746301,6
37467503644,374,6750364,4
79339121213,793,3912121,3
52898659476,528,9865947,6
74954708805,749,5470880,5
21134267785,211,3426778,5
32850148103,328,5014810,3
65396739791,653,9673979,1
46321275884,463,2127588,4
50908335306,509,0833530,6
32368850664,323,6885066,4
53663233665,536,6323366,5
55964204951,559,6420495,1
59313861615,593,1386161,5
53015906213,530,1590621,3
34570520552,345,7052055,2
94406972354,944,0697235,4
12753302504,127,5330250,4
12724189993,127,2418999,3
32958676925,329,5867692,5
37520602903,375,2060290,3
42633837140,426,3383714,0
48930804062,489,3080406,2
38733570933,387,3357093,3
33540285905,335,4028590,5
19197177502,191,9717750,2
92249039292,922,4903929,2
15879743311,158,7974331,1
85595750433,855,9575043,3
48867189340,488,6718934,0
17921619105,179,2161910,5
26048555805,260,4855580,5
24433710200,244,3371020,0
61475469160,614,7546916,0
48512035766,485,1203576,6
82188220374,821,8822037,4
65976535664,659,7653566,4
13250613350,132,5061335,0
65652928943,656,5292894,3
74609436890,746,0943689,0
20491077110,204,9107711,0
74650738574,746,5073857,4
20118691995,201,1869199,5
46421370491,464,2137049,1
41768194085,417,6819408,5
73717503953,737,1750395,3
64607327012,646,0732701,2
69229338215,692,2933821,5
15124835970,151,2483597,0
56763131984,567,6313198,4
25321503072,253,2150307,2
62752969910,627,5296991,0
10572167994,105,7216799,4
62068421146,620,6842114,6
83022807953,830,2280795,3
41102577983,411,0257798,3
97095349313,970,9534931,3
10070812523,100,7081252,3
93191015172,931,9101517,2
85566106423,855,6610642,3
50202991710,502,0299171,0
50425116966,504,2511696,6
47160996483,471,6099648,3
77236733640,772,3673364,0
76623192341,766,2319234,1
29516962585,295,1696258,5
29158569852,291,5856985,2
32233821925,322,3382192,5
70407286081,704,0728608,1
14328043491,143,2804349,1
13569043375,135,6904337,5
45714948942,457,1494894,2
50271081254,502,7108125,4
73768946541,737,6894654,1
92984603360,929,8460336,0
31470830173,314,7083017,3
44610946476,446,1094647,6
38473686026,384,7368602,6
97696608173,976,9660817,3
28983834600,289,8383460,0
48180758925,481,8075892,5
14122464971,141,2246497,1
50188879373,501,8887937,3
35814676250,358,1467625,0
56447579405,564,4757940,5
38445051602,384,4505160,2
65111675526,651,1167552,6
42005395620,420,0539562,0
44810776472,448,1077647,2
55726008814,557,2600881,4
25716407091,257,1640709,1
45047252566,450,4725256,6
38589866051,385,8986605,1
85026899722,850,2689972,2
70640801741,706,4080174,1
17421625046,174,2162504,6
74043694123,740,4369412,3
21067928733,210,6792873,3
25020584575,250,2058457,5
74296035014,742,9603501,4
60740568506,607,4056850,6
79352719630,793,5271963,0
84466030832,844,6603083,2
46577747196,465,7774719,6
93399280945,933,9928094,5
21805238641,218,0523864,1
54171650986,541,7165098,6
33995433546,339,9543354,6
55186325650,551,8632565,0
89951796654,899,5179665,4
70774865890,707,7486589,0
71458436593,714,5843659,3
44017604870,440,1760487,0
79397058140,793,9705814,0
91326008246,913,2600824,6
79012248942,790,1224894,2
57975856620,579,7585662,0
91422024314,914,2202431,4
66988570591,669,8857059,1
45110021543,451,1002154,3
35723402155,357,2340215,5
10764410736,107,6441073,6
91403089951,914,0308995,1
45727752595,457,2775259,5
18590201203,185,9020120,3
11866369922,118,6636992,2
11670368694,116,7036869,4
84804770765,848,0477076,5
45781688100,457,8168810,0
44416357105,444,1635710,5
31049495213,310,4949521,3
90750406915,907,5040691,5
28710563943,287,1056394,3
89283502496,892,8350249,6
54952804884,549,5280488,4
13706177570,137,0617757,0
12334832414,123,3483241,4
35381975672,353,8197567,2
11838401636,118,3840163,6
59272859613,592,7285961,3
38128655553,381,2865555,3
25588145660,255,8814566,0
16793693575,167,9369357,5
51647305492,516,4730549,2
51779836835,517,7983683,5
53245885396,532,4588539,6
53250153855,532,5015385,5
84681244012,846,8124401,2
60758035166,607,5803516,6
17865381830,178,6538183,0
79760799454,797,6079945,4
45255557220,452,5555722,0
94416897914,944,1689791,4
45449576652,454,4957665,2
73995436225,739,9543622,5
20491922472,204,9192247,2
68392242595,683,9224259,5
37146751204,371,4675120,4
46979797823,469,7979782,3
95732842573,957,3284257,3
81239642141,812,3964214,1
92043144100,920,4314410,0
19570485981,195,7048598,1
53906696410,539,0669641,0
40383485970,403,8348597,0
93827022234,938,2702223,4
49426420965,494,2642096,5
76188500140,761,8850014,0
61661977865,616,6197786,5
92402779730,924,0277973,0
34782361033,347,8236103,3
48224814560,482,2481456,0
47632913666,476,3291366,6
84635010356,846,3501035,6
48910702532,489,1070253,2
19922955756,199,2295575,6
92524743553,925,2474355,3
19908473001,199,0847300,1
28516988315,285,1698831,5
48842557665,488,4255766,5
76072283526,760,7228352,6
73446878890,734,4687889,0
90410679533,904,1067953,3
77486399590,774,8639959,0
84917407352,849,1740735,2
49834985631,498,3498563,1
71254453931,712,5445393,1
80251589776,802,5158977,6
83321909025,833,2190902,5
75671934874,756,7193487,4
37212279964,372,1227996,4
51655316106,516,5531610,6
82247334033,822,4733403,3
25250354464,252,5035446,4
41819262532,418,1926253,2
49365487480,493,6548748,0
46595677550,465,9567755,0
55452432761,554,5243276,1
44921148244,449,2114824,4
37568525533,375,6852553,3
87110258890,871,1025889,0
25068384694,250,6838469,4
80087883893,800,8788389,3
60252220872,602,5222087,2
50412870583,504,1287058,3
34272278652,342,7227865,2
33212287944,332,1228794,4
47739426473,477,3942647,3
32273975232,322,7397523,2
74114586642,741,1458664,2
24072098964,240,7209896,4
36537591456,365,3759145,6
94926689350,949,2668935,0
52594769631,525,9476963,1
27830910752,278,3091075,2
35667944655,356,6794465,5
81940839415,819,4083941,5
72771896101,727,7189610,1
25790845524,257,9084552,4
11419044391,114,1904439,1
48399323264,483,9932326,4
85461509503,854,6150950,3
18647831514,186,4783151,4
52853727452,528,5372745,2
16068399935,160,6839993,5
17819731690,178,1973169,0
24500304723,245,0030472,3
62182839122,621,8283912,2
59359903543,593,5990354,3
33205343320,332,0534332,0
16726948720,167,2694872,0
85905128536,859,0512853,6
34311907234,343,1190723,4
20432746130,204,3274613,0
15083233051,150,8323305,1
86139173446,861,3917344,6
75857427074,758,5742707,4
94149340964,941,4934096,4
79900440163,799,0044016,3
99369896273,993,6989627,3
22970060606,229,7006060,6
86604423033,866,0442303,3
33084308151,330,8430815,1
58543890383,585,4389038,3
11288391643,112,8839164,3
29597655905,295,9765590,5
20635467253,206,3546725,3
60100687246,601,0068724,6
80962834212,809,6283421,2
34919727870,349,1972787,0
85836889936,858,3688993,6
83522287813,835,2228781,3
99930263982,999,3026398,2
31066180545,310,6618054,5
68596018973,685,9601897,3
73395444301,733,9544430,1
45856174690,458,5617469,0
52983267725,529,8326772,5
57904448205,579,0444820,5
72152616190,721,5261619,0
80759148355,807,5914835,5
78779439420,787,7943942,0
98576103944,985,7610394,4
37594331666,375,9433166,6
14191049755,141,9104975,5
88438442184,884,3844218,4
86853728734,868,5372873,4
33665672481,336,6567248,1
38565816023,385,6581602,3
73843498981,738,4349898,1
73784138672,737,8413867,2
81855722573,818,5572257,3
68847586736,688,4758673,6
56574952811,565,7495281,1
50535436243,505,3543624,3
98131811716,981,3181171,6
53089292562,530,8929256,2
66650011832,666,5001183,2
15511566912,155,1156691,2
60630934932,606,3093493,2
94082987704,940,8298770,4
92279372092,922,7937209,2
97168823553,971,6882355,3
77407125332,774,0712533,2
43667963932,436,6796393,2
13231661902,132,3166190,2
86299800771,862,9980077,1
72299522675,722,9952267,5
30969222133,309,6922213,3
45524951145,455,2495114,5
13657882504,136,5788250,4
95932355020,959,3235502,0
13925543936,139,2554393,6
76648693205,766,4869320,5
35490690582,354,9069058,2
30399363491,303,9936349,1
22481484505,224,8148450,5
58775644731,587,7564473,1
82951857373,829,5185737,3
27433712681,274,3371268,1
90927103831,909,2710383,1
79143693632,791,4369363,2
26371138695,263,7113869,5
97918794126,979,1879412,6
36367000764,363,6700076,4
65701366726,657,0136672,6
11481786072,114,8178607,2
80451280514,804,5128051,4
67052364735,670,5236473,5
99908593296,999,0859329,6
78697584091,786,9758409,1
60692320362,606,9232036,2
80298149816,802,9814981,6
18366945096,183,6694509,6
56077948816,560,7794881,6
65740994513,657,4099451,3
13273875696,132,7387569,6
73803893451,738,0389345,1
13894263861,138,9426386,1
67569220803,675,6922080,3
77514848811,775,1484881,1
72530173000,725,3017300,0
50687453114,506,8745311,4
54979973140,549,7997314,0
93577953820,935,7795382,0
61733850486,617,3385048,6
80965770474,809,6577047,4
24862217441,248,6221744,1
59893377076,598,9337707,6
48298557121,482,9855712,1
63782124382,637,8212438,2
38160937871,381,6093787,1
89514906333,895,1490633,3
42428141285,424,2814128,5
89241314651,892,4131465,1
55605616635,556,0561663,5
20796549812,207,9654981,2
79444055650,794,4405565,0
77706572653,777,0657265,3
23759025571,237,5902557,1
93086708101,930,8670810,1
34234314712,342,3431471,2
86948391361,869,4839136,1
91440270271,914,4027027,1
87387937492,873,8793749,2
95835407433,958,3540743,3
10836022645,108,3602264,5
14605652620,146,0565262,0
10613277656,106,1327765,6
47047456480,470,4745648,0
59562641466,595,6264146,6
93579817194,935,7981719,4
71662385036,716,6238503,6
61954193233,619,5419323,3
88461389851,884,6138985,1
68263280676,682,6328067,6
73409607936,734,0960793,6
91938947065,919,3894706,5
28857829241,288,5782924,1
67379035405,673,7903540,5
24852738061,248,5273806,1
83880383891,838,8038389,1
69475912261,694,7591226,1
68742140851,687,4214085,1
73182402904,731,8240290,4
41458949020,414,5894902,0
53052737620,530,5273762,0
48786394296,487,8639429,6
57827032062,578,2703206,2
14426321951,144,2632195,1
85900138774,859,0013877,4
61437599230,614,3759923,0
24243565595,242,4356559,5
56195599493,561,9559949,3
82219449575,822,1944957,5
36980560763,369,8056076,3
84835830123,848,3583012,3
15858391242,158,5839124,2
77256008333,772,5600833,3
86970811083,869,7081108,3
67767664273,677,6766427,3
71428734991,714,2873499,1
31019858066,310,1985806,6
67302497661,673,0249766,1
59493546781,594,9354678,1
31686067351,316,8606735,1
53743091220,537,4309122,0
94422605930,944,2260593,0
56486696083,564,8669608,3
56680875570,566,8087557,0
75418332803,754,1833280,3
88651272062,886,5127206,2
19483671814,194,8367181,4
90162624763,901,6262476,3
92025536356,920,2553635,6
19669429131,196,6942913,1
54203994471,542,0399447,1
26470834055,264,7083405,5
32194672870,321,9467287,0
10412673326,104,1267332,6
36576831786,365,7683178,6
33028350653,330,2835065,3
94151045073,941,5104507,3
73103955150,731,0395515,0
16491892403,164,9189240,3
31675934476,316,7593447,6
33784338960,337,8433896,0
80395887205,803,9588720,5
40635720076,406,3572007,6
46333105675,463,3310567,5
64488075012,644,8807501,2
36630456184,366,3045618,4
25633199280,256,3319928,0
84381173142,843,8117314,2
48620878854,486,2087885,4
15120480015,151,2048001,5
51477239686,514,7723968,6
94225605213,942,2560521,3
69727890256,697,2789025,6
96970862532,969,7086253,2
35248040811,352,4804081,1
28772278532,287,7227853,2
58270045051,582,7004505,1
31748702904,317,4870290,4
94622403425,946,2240342,5
29860756184,298,6075618,4
79541167763,795,4116776,3
72978197213,729,7819721,3
78167816980,781,6781698,0
83485508480,834,8550848,0
51376188361,513,7618836,1
59268509386,592,6850938,6
41442099936,414,4209993,6
76951357975,769,5135797,5
89152913143,891,5291314,3
65274639310,652,7463931,0
47881824245,478,8182424,5
82565945676,825,6594567,6
51545886575,515,4588657,5
73423931113,734,2393111,3
10950155185,109,5015518,5
75180743080,751,8074308,0
49816897984,498,1689798,4
61613744640,616,1374464,0
84790443731,847,9044373,1
39297460935,392,9746093,5
39516056013,395,1605601,3
67055970085,670,5597008,5
85042586360,850,4258636,0
58471649804,584,7164980,4
44174975613,441,7497561,3
60420378334,604,2037833,4
93946340815,939,4634081,5
87283588552,872,8358855,2
75968955964,759,6895596,4
97514768422,975,1476842,2
38867784843,388,6778484,3
64876349870,648,7634987,0
91437488095,914,3748809,5
78707634086,787,0763408,6
25364166135,253,6416613,5
12712615102,127,1261510,2
63843501653,638,4350165,3
31109288302,311,0928830,2
18907368044,189,0736804,4
90028428485,900,2842848,5
78774992345,787,7499234,5
34546655361,345,4665536,1
87175959521,871,7595952,1
11964174815,119,6417481,5
77452936976,774,5293697,6
50579067055,505,7906705,5
17951929566,179,5192956,6
67459433144,674,5943314,4
11326659833,113,2665983,3
17708770024,177,0877002,4
75889795761,758,8979576,1
76642921863,766,4292186,3
12269348011,122,6934801,1
20762492980,207,6249298,0
12500660085,125,0066008,5
62478355736,624,7835573,6
48188801716,481,8880171,6
20732936950,207,3293695,0
22903191076,229,0319107,6
51246206382,512,4620638,2
95691790353,956,9179035,3
61677312123,616,7731212,3
37341480830,373,4148083,0
31231486211,312,3148621,1
64312573804,643,1257380,4
41626851254,416,2685125,4
43904170006,439,0417000,6
81564210060,815,6421006,0
79620596521,796,2059652,1
44358941210,443,5894121,0
53630270174,536,3027017,4
35445374401,354,4537440,1
77929372384,779,2937238,4
58027255840,580,2725584,0
30549305326,305,4930532,6
15810518370,158,1051837,0
37034057645,370,3405764,5
75909761565,759,0976156,5
52068979245,520,6897924,5
44259904950,442,5990495,0
41938584171,419,3858417,1
51250565476,512,5056547,6
34173361550,341,7336155,0
82147071200,821,4707120,0
19992592303,199,9259230,3
31861587860,318,6158786,0
70328457925,703,2845792,5
82683428721,826,8342872,1
25228282685,252,2828268,5
72079539472,720,7953947,2
70062815465,700,6281546,5
15694276430,156,9427643,0
21375661981,213,7566198,1
92973406951,929,7340695,1
17394620764,173,9462076,4
94746062724,947,4606272,4
55767141191,557,6714119,1
24691630261,246,9163026,1
74828874761,748,2887476,1
19186849595,191,8684959,5
57712213726,577,1221372,6
33080922135,330,8092213,5
35476270593,354,7627059,3
40088747832,400,8874783,2
10632528022,106,3252802,2
34327229716,343,2722971,6
51059220570,510,5922057,0
92775027020,927,7502702,0
61297511205,612,9751120,5
54442273736,544,4227373,6
24477195634,244,7719563,4
98877900046,988,7790004,6
45573568200,455,7356820,0
87463888501,874,6388850,1
86516926101,865,1692610,1
73975625466,739,7562546,6
59730594260,597,3059426,0
98162979986,981,6297998,6
29305435521,293,0543552,1
44238700351,442,3870035,1
61214008051,612,1400805,1
77486517862,774,8651786,2
27847299975,278,4729997,5
51466880152,514,6688015,2
33965030832,339,6503083,2
10967242086,109,6724208,6
77250233880,772,5023388,0
45420438351,454,2043835,1
13530749106,135,3074910,6
33478268364,334,7826836,4
94574226575,945,7422657,5
70810068686,708,1006868,6
45863762084,458,6376208,4
84821048614,848,2104861,4
94796767575,947,9676757,5
42588873382,425,8887338,2
17196749611,171,9674961,1
95803735314,958,0373531,4
82242400650,822,4240065,0
57066020573,570,6602057,3
60953501563,609,5350156,3
25097766264,250,9776626,4
28194711091,281,9471109,1
61928454273,619,2845427,3
42424257414,424,2425741,4
31856988552,318,5698855,2
10648143156,106,4814315,6
28904993275,289,0499327,5
16218710433,162,1871043,3
70078915345,700,7891534,5
28727783171,287,2778317,1
29027367385,290,2736738,5
42104087250,421,0408725,0
43404857123,434,0485712,3
14013485390,140,1348539,0
58463780220,584,6378022,0
27011456956,270,1145695,6
64275918981,642,7591898,1
20735670666,207,3567066,6
76650317115,766,5031711,5
93494450494,934,9445049,4
78270977710,782,7097771,0
53778056144,537,7805614,4
10012252091,100,1225209,1
79823541952,798,2354195,2
46470709821,464,7070982,1
34096765073,340,9676507,3
91703653732,917,0365373,2
29962905902,299,6290590,2
12166426531,121,6642653,1
72956045152,729,5604515,2
66205702833,662,0570283,3
10975152033,109,7515203,3
77367402231,773,6740223,1
14816363473,148,1636347,3
33725765694,337,2576569,4
46164297281,461,6429728,1
14984640543,149,8464054,3
57217513723,572,1751372,3
69127251531,691,2725153,1
82495662910,824,9566291,0
29521859292,295,2185929,2
90671314311,906,7131431,1
97974690534,979,7469053,4
97328160106,973,2816010,6
49900637880,499,0063788,0
80296354245,802,9635424,5
97544254730,975,4425473,0
74034299394,740,3429939,4
14779757091,147,7975709,1
60228407171,602,2840717,1
10184369795,101,8436979,5
26689028821,266,8902882,1
13633951954,136,3395195,4
11515169682,115,1516968,2
31730266416,317,3026641,6
54210171546,542,1017154,6
82623023375,826,2302337,5
37215190392,372,1519039,2
79944305633,799,4430563,3
67071555710,670,7155571,0
50366628115,503,6662811,5
97083922545,970,8392254,5
81778683244,817,7868324,4
76562975363,765,6297536,3
35832757144,358,3275714,4
67324134402,673,2413440,2
78000802890,780,0080289,0
72366745510,723,6674551,0
40991358832,409,9135883,2
58821734614,588,2173461,4
39406304421,394,0630442,1
39195883733,391,9588373,3
40497574553,404,9757455,3
14574593375,145,7459337,5
48319729552,483,1972955,2
51230415562,512,3041556,2
90098697992,900,9869799,2
92319883015,923,1988301,5
69303720902,693,0372090,2
21029705083,210,2970508,3
25228647482,252,2864748,2
30765881662,307,6588166,2
82434438306,824,3443830,6
33498685815,334,9868581,5
55520419261,555,2041926,1
58598539905,585,9853990,5
24737078185,247,3707818,5
99983338715,999,8333871,5
53534909362,535,3490936,2
34594459550,345,9445955,0
91110302764,911,1030276,4
68340243052,683,4024305,2
88302479745,883,0247974,5
33961003836,339,6100383,6
87716774955,877,1677495,5
58764189393,587,6418939,3
19362985481,193,6298548,1
71872912335,718,7291233,5
71483020932,714,8302093,2
50480490223,504,8049022,3
38056090804,380,5609080,4
69080883790,690,8088379,0
61400022546,614,0002254,6
97569624142,975,6962414,2
66958835364,669,5883536,4
82689929442,826,8992944,2
77763348184,777,6334818,4
53179754512,531,7975451,2
53352320142,533,5232014,2
56042249983,560,4224998,3
72517071722,725,1707172,2
81704613903,817,0461390,3
11951758992,119,5175899,2
14512949445,145,1294944,5
21613655830,216,1365583,0
71863867981,718,6386798,1
74700566566,747,0056656,6
44721534360,447,2153436,0
61097517892,610,9751789,2
62561822561,625,6182256,1
62120413514,621,2041351,4
74126287195,741,2628719,5
99983153105,999,8315310,5
74209800280,742,0980028,0
80248445204,802,4844520,4
59351823581,593,5182358,1
44885514744,448,8551474,4
19911132714,199,1113271,4
19740398845,197,4039884,5
19948910712,199,4891071,2
63259064760,632,5906476,0
14300770185,143,0077018,5
95300282215,953,0028221,5
89031153683,890,3115368,3
38849686656,388,4968665,6
77250595175,772,5059517,5
89016553602,890,1655360,2
17686397514,176,8639751,4
10266774013,102,6677401,3
64357233544,643,5723354,4
27245130074,272,4513007,4
25857910936,258,5791093,6
60034342964,600,3434296,4
86681600146,866,8160014,6
53799885991,537,9988599,1
37386326812,373,8632681,2
60123638531,601,2363853,1
40251266742,402,5126674,2
29017813785,290,1781378,5
83769078471,837,6907847,1
20896327585,208,9632758,5
42417365421,424,1736542,1
77383061281,773,8306128,1
39944281460,399,4428146,0
25478549822,254,7854982,2
19975800735,199,7580073,5
10398620395,103,9862039,5
55537831542,555,3783154,2
50374977456,503,7497745,6
72629061116,726,2906111,6
27332572826,273,3257282,6
49881635676,498,8163567,6
59900878972,599,0087897,2
27049384095,270,4938409,5
38035870714,380,3587071,4
31551546316,315,5154631,6
59709188265,597,0918826,5
63242733471,632,4273347,1
47415472183,474,1547218,3
29393330662,293,9333066,2
43906969713,439,0696971,3
74038135611,740,3813561,1
83641027115,836,4102711,5
23349910981,233,4991098,1
96723899614,967,2389961,4
50058333270,500,5833327,0
89926389010,899,2638901,0
51402982402,514,0298240,2
29593223406,295,9322340,6
83586661030,835,8666103,0
24919846134,249,1984613,4
35101841805,351,0184180,5
25072104850,250,7210485,0
71478479273,714,7847927,3
75192494164,751,9249416,4
81658733915,816,5873391,5
70768507104,707,6850710,4
41273500726,412,7350072,6
30938655070,309,3865507,0
28768927281,287,6892728,1
28253212122,282,5321212,2
15521302650,155,2130265,0
37263918565,372,6391856,5
94880435194,948,8043519,4
70826734171,708,2673417,1
78285134243,782,8513424,3
52325356603,523,2535660,3
18013712396,180,1371239,6
76277247824,762,7724782,4
90763641056,907,6364105,6
42002189324,420,0218932,4
89583807000,895,8380700,0
64379461271,643,7946127,1
56695606814,566,9560681,4
41986320186,419,8632018,6
38089245364,380,8924536,4
33210547805,332,1054780,5
83540383853,835,4038385,3
40730188642,407,3018864,2
29708938135,297,0893813,5
52971601883,529,7160188,3
63431995893,634,3199589,3
79422517084,794,2251708,4
15291530552,152,9153055,2
62118673012,621,1867301,2
47595163663,475,9516366,3
86406827201,864,0682720,1
52112220561,521,1222056,1
86697955521,866,9795552,1
16165815254,161,6581525,4
35942857724,359,4285772,4
78097915613,780,9791561,3
89565927844,895,6592784,4
21815296780,218,1529678,0
77597126911,775,9712691,1
81187711955,811,8771195,5
27865843201,278,6584320,1
99023792486,990,2379248,6
77144402406,771,4440240,6
92211705281,922,1170528,1
72049750514,720,4975051,4
62240527146,622,4052714,6
43056669930,430,5666993,0
93826197592,938,2619759,2
81457899560,814,5789956,0
41653076555,416,5307655,5
78566106965,785,6610696,5
27447328435,274,4732843,5
18356913975,183,5691397,5
24207335853,242,0733585,3
79687954113,796,8795411,3
65119000150,651,1900015,0
56950282702,569,5028270,2
27160352493,271,6035249,3
28737028135,287,3702813,5
28054400493,280,5440049,3
81998899564,819,9889956,4
33479147456,334,7914745,6
13791753944,137,9175394,4
87858577501,878,5857750,1
40119569690,401,1956969,0
96708107661,967,0810766,1
32415666463,324,1566646,3
62715343681,627,1534368,1
65591236894,655,9123689,4
55852790212,558,5279021,2
21475974190,214,7597419,0
92546726322,925,4672632,2
71140175784,711,4017578,4
27640799821,276,4079982,1
20291445653,202,9144565,3
16207173721,162,0717372,1
94906881042,949,0688104,2
66334933302,663,3493330,2
82047352922,820,4735292,2
10889309143,108,8930914,3
97704124021,977,0412402,1
72770611902,727,7061190,2
13861352821,138,6135282,1
86707998523,867,0799852,3
74926630800,749,2663080,0
84796188984,847,9618898,4
88784100686,887,8410068,6
28658490393,286,5849039,3
26098540392,260,9854039,2
90666686965,906,6668696,5
63006607200,630,0660720,0
49351427393,493,5142739,3
61643673586,616,4367358,6
14035675545,140,3567554,5
23560916950,235,6091695,0
32074946185,320,7494618,5
35687464440,356,8746444,0
62025707623,620,2570762,3
73829743354,738,2974335,4
73643375923,736,4337592,3
87470495564,874,7049556,4
36220116652,362,2011665,2
70707596912,707,0759691,2
36365018634,363,6501863,4
54112899551,541,1289955,1
57947621250,579,4762125,0
95338151202,953,3815120,2
61267485081,612,6748508,1
11414816725,114,1481672,5
26619702453,266,1970245,3
91362848970,913,6284897,0
99620546740,996,2054674,0
72907449612,729,0744961,2
52481405363,524,8140536,3
25017087541,250,1708754,1
32544309681,325,4430968,1
79196473056,791,9647305,6
31162470283,311,6247028,3
44635380813,446,3538081,3
46326862352,463,2686235,2
93256317554,932,5631755,4
99229816983,992,2981698,3
98902082570,989,0208257,0
47676082076,476,7608207,6
15360969885,153,6096988,5
58736879761,587,3687976,1
49467325101,494,6732510,1
76429853744,764,2985374,4
66806567580,668,0656758,0
81766600065,817,6660006,5
35472166750,354,7216675,0
36140650693,361,4065069,3
77808737406,778,0873740,6
81598932110,815,9893211,0
75507906332,755,0790633,2
39732709244,397,3270924,4
39522501390,395,2250139,0
59922976586,599,2297658,6
13592937766,135,9293776,6
24324563215,243,2456321,5
91022182041,910,2218204,1
90001586483,900,0158648,3
84544552194,845,4455219,4
69413898844,694,1389884,4
82044505581,820,4450558,1
57275760254,572,7576025,4
94263707872,942,6370787,2
41527892005,415,2789200,5
61854132251,618,5413225,1
58764766381,587,6476638,1
47215732624,472,1573262,4
43369303804,433,6930380,4
33804547675,338,0454767,5
63389717814,633,8971781,4
56464612752,564,6461275,2
93668687365,936,6868736,5
77834901643,778,3490164,3
64979075951,649,7907595,1
41258071556,412,5807155,6
71235578391,712,3557839,1
16262088013,162,6208801,3
64646242532,646,4624253,2
93577358631,935,7735863,1
61815393843,618,1539384,3
10905927320,109,0592732,0
97016688716,970,1668871,6
99235363331,992,3536333,1
43346045105,433,4604510,5
82266351774,822,6635177,4
48791726116,487,9172611,6
41208443115,412,0844311,5
15340148445,153,4014844,5
90484685486,904,8468548,6
59668521282,596,6852128,2
63420418206,634,2041820,6
29987340762,299,8734076,2
12411280575,124,1128057,5
62264492673,622,6449267,3
67070063645,670,7006364,5
65824201323,658,2420132,3
97300746374,973,0074637,4
85423639063,854,2363906,3
34993593130,349,9359313,0
33845089392,338,4508939,2
28950219465,289,5021946,5
33989692896,339,8969289,6
31017329122,310,1732912,2
13857878282,138,5787828,2
68353705580,683,5370558,0
23181682174,231,8168217,4
30296074613,302,9607461,3
37038691683,370,3869168,3
94822898186,948,2289818,6
52244279902,522,4427990,2
67985273352,679,8527335,2
44312526026,443,1252602,6
53933310063,539,3331006,3
12100103903,121,0010390,3
16303094324,163,0309432,4
31577377985,315,7737798,5
25246300411,252,4630041,1
16732846601,167,3284660,1
32367683152,323,6768315,2
94928143080,949,2814308,0
27666810586,276,6681058,6
93790505483,937,9050548,3
28721682014,287,2168201,4
24537087001,245,3708700,1
30941769120,309,4176912,0
27174212546,271,7421254,6
19494740191,194,9474019,1
22377128723,223,7712872,3
54782467160,547,8246716,0
63640015270,636,4001527,0
40092358616,400,9235861,6
16944624574,169,4462457,4
96357151341,963,5715134,1
78053972021,780,5397202,1
73263835444,732,6383544,4
19741998014,197,4199801,4
69707097943,697,0709794,3
19813434873,198,1343487,3
69051382701,690,5138270,1
47165830292,471,6583029,2
97602828620,976,0282862,0
67429152644,674,2915264,4
56439387593,564,3938759,3
15262240586,152,6224058,6
19076434416,190,7643441,6
28288994915,282,8899491,5
18504207780,185,0420778,0
60850049763,608,5004976,3
88466166984,884,6616698,4
32236508796,322,3650879,6
20581771221,205,8177122,1
81492493831,814,9249383,1
97360747113,973,6074711,3
38267877991,382,6787799,1
20654628946,206,5462894,6
66396466334,663,9646633,4
38629370155,386,2937015,5
28917243636,289,1724363,6
82059511585,820,5951158,5
54079228113,540,7922811,3
55868968972,558,6896897,2
66371480514,663,7148051,4
97419627382,974,1962738,2
93548361190,935,4836119,0
98784968125,987,8496812,5
56058890451,560,5889045,1
72640338131,726,4033813,1
13830728562,138,3072856,2
38190205793,381,9020579,3
17727426074,177,2742607,4
45009471070,450,0947107,0
35501270130,355,0127013,0
58676822744,586,7682274,4
85589154416,855,8915441,6
35787594596,357,8759459,6
18793016852,187,9301685,2
36195684296,361,9568429,6
69590060630,695,9006063,0
97401758332,974,0175833,2
22738322124,227,3832212,4
49348215656,493,4821565,6
21878892806,218,7889280,6
33057822941,330,5782294,1
14129595383,141,2959538,3
71438520701,714,3852070,1
90309603172,903,0960317,2
35132233844,351,3223384,4
55240009734,552,4000973,4
54507719102,545,0771910,2
40927009214,409,2700921,4
17826490730,178,2649073,0
16314611791,163,1461179,1
18823179295,188,2317929,5
97578655124,975,7865512,4
37292009483,372,9200948,3
38864802421,388,6480242,1
26025404700,260,2540470,0
21473950930,214,7395093,0
40544646331,405,4464633,1
61627648594,616,2764859,4
98265785591,982,6578559,1
13982988850,139,8298885,0
39788799010,397,8879901,0
53498089912,534,9808991,2
32694477540,326,9447754,0
33683868052,336,8386805,2
31601901014,316,0190101,4
86980620696,869,8062069,6
44438232310,444,3823231,0
92687825930,926,8782593,0
82037229353,820,3722935,3
33865053440,338,6505344,0
66637106382,666,3710638,2
58179190096,581,7919009,6
51614385242,516,1438524,2
61618689042,616,1868904,2
20958988576,209,5898857,6
60667691616,606,6769161,6
10968193814,109,6819381,4
91380631065,913,8063106,5
85735550623,857,3555062,3
41044031913,410,4403191,3
43207219194,432,0721919,4
26773366640,267,7336664,0
15516913465,155,1691346,5
47131996542,471,3199654,2
41874934941,418,7493494,1
67748516700,677,4851670,0
68461444202,684,6144420,2
79782139254,797,8213925,4
10061015636,100,6101563,6
45933518844,459,3351884,4
30414851970,304,1485197,0
50366236042,503,6623604,2
89116099415,891,1609941,5
12112229334,121,1222933,4
99572098530,995,7209853,0
12920450391,129,2045039,1
72779020720,727,7902072,0
41420646866,414,2064686,6
80196574524,801,9657452,4
10031993880,100,3199388,0
37015699263,370,1569926,3
80510517116,805,1051711,6
61523573930,615,2357393,0
53145639844,531,4563984,4
41487772515,414,8777251,5
88365056325,883,6505632,5
48856276210,488,5627621,0
78470689156,784,7068915,6
12073041164,120,7304116,4
96304835711,963,0483571,1
64535492111,645,3549211,1
66661408706,666,6140870,6
52231210172,522,3121017,2
89171228183,891,7122818,3
40396350471,403,9635047,1
59960913053,599,6091305,3
51475643204,514,7564320,4
90004724916,900,0472491,6
94412025020,944,1202502,0
93242666881,932,4266688,1
75181101956,751,8110195,6
39725051960,397,2505196,0
11754645625,117,5464562,5
75957775961,759,5777596,1
98574189842,985,7418984,2
73450446732,734,5044673,2
50636725394,506,3672539,4
26250967154,262,5096715,4
17205767254,172,0576725,4
39420271215,394,2027121,5
74807364771,748,0736477,1
52452257662,524,5225766,2
68825484775,688,2548477,5
44203402194,442,0340219,4
13767810430,137,6781043,0
56784418040,567,8441804,0
47914577260,479,1457726,0
45758724562,457,5872456,2
47593459176,475,9345917,6
29112840512,291,1284051,2
59024313391,590,2431339,1
86849263681,868,4926368,1
21426441730,214,2644173,0
54756278861,547,5627886,1
80398823110,803,9882311,0
96557895064,965,5789506,4
22144739006,221,4473900,6
70853030814,708,5303081,4
45769077594,457,6907759,4
61199239134,611,9923913,4
46029226565,460,2922656,5
84961366001,849,6136600,1
86076575145,860,7657514,5
59814552754,598,1455275,4
97075461796,970,7546179,6
55433193061,554,3319306,1
31270032014,312,7003201,4
44427817884,444,2781788,4
68253002946,682,5300294,6
16167642053,161,6764205,3
94999516643,949,9951664,3
91384232071,913,8423207,1
74647682290,746,4768229,0
96112974270,961,1297427,0
91369028383,913,6902838,3
90674466150,906,7446615,0
75890653734,758,9065373,4
21047015862,210,4701586,2
38018051060,380,1805106,0
35512459573,355,1245957,3
78116127152,781,1612715,2
21906909565,219,0690956,5
93550284823,935,5028482,3
75599877555,755,9987755,5
15953038893,159,5303889,3
99166122146,991,6612214,6
95272973521,952,7297352,1
94710310003,947,1031000,3
51563416612,515,6341661,2
94633438903,946,3343890,3
48294467492,482,9446749,2
70299318701,702,9931870,1
43880711483,438,8071148,3
53412545514,534,1254551,4
84986761384,849,8676138,4
13482590114,134,8259011,4
83958978885,839,5897888,5
68441203741,684,4120374,1
46452902683,464,5290268,3
69678807076,696,7880707,6
64128377366,641,2837736,6
31634712321,316,3471232,1
26397386223,263,9738622,3
72490510520,724,9051052,0
66627566966,666,2756696,6
30966205550,309,6620555,0
64315310533,643,1531053,3
17737081581,177,3708158,1
18495517966,184,9551796,6
29052483194,290,5248319,4
94098465980,940,9846598,0
41275433043,412,7543304,3
12369581574,123,6958157,4
84469745956,844,6974595,6
96504715985,965,0471598,5
66040176205,660,4017620,5
61569331013,615,6933101,3
15382621971,153,8262197,1
88887979935,888,8797993,5
81624243654,816,2424365,4
69328007122,693,2800712,2
15656230402,156,5623040,2
50079168130,500,7916813,0
59212231004,592,1223100,4
85510131813,855,1013181,3
52552419115,525,5241911,5
41820233620,418,2023362,0
39477532376,394,7753237,6
67215172821,672,1517282,1
77853022726,778,5302272,6
61004083226,610,0408322,6
80165139554,801,6513955,4
14933045912,149,3304591,2
47751171514,477,5117151,4
24325978956,243,2597895,6
62204805696,622,0480569,6
92728217046,927,2821704,6
71940636374,719,4063637,4
39993861281,399,9386128,1
57190765135,571,9076513,5
68071662352,680,7166235,2
29249577776,292,4957777,6
36151003310,361,5100331,0
98756629955,987,5662995,5
18875007923,188,7500792,3
97563871503,975,6387150,3
26570975376,265,7097537,6
93116824353,931,1682435,3
15716360343,157,1636034,3
79679793651,796,7979365,1
29277897971,292,7789797,1
42168162845,421,6816284,5
31580884566,315,8088456,6
37026095220,370,2609522,0
62803006835,628,0300683,5
75560505753,755,6050575,3
75734850064,757,3485006,4
14649629954,146,4962995,4
84808555080,848,0855508,0
30686780275,306,8678027,5
18134537114,181,3453711,4
49753252725,497,5325272,5
56894275814,568,9427581,4
87896877373,878,9687737,3
91682655154,916,8265515,4
70274403692,702,7440369,2
20352877016,203,5287701,6
82318631873,823,1863187,3
14714617024,147,1461702,4
54135842942,541,3584294,2
31985768691,319,8576869,1
70340069890,703,4006989,0
91967262120,919,6726212,0
50517057444,505,1705744,4
28363698094,283,6369809,4
58953927325,589,5392732,5
23441176280,234,4117628,0
67408818001,674,0881800,1
20350005431,203,5000543,1
67095875595,670,9587559,5
12919261274,129,1926127,4
58327453964,583,2745396,4
17955150282,179,5515028,2
66251343040,662,5134304,0
79478862151,794,7886215,1
73540403473,735,4040347,3
84307346052,843,0734605,2
30686531294,306,8653129,4
33392108204,333,9210820,4
57008641642,570,0864164,2
95098131843,950,9813184,3
76209828992,762,0982899,2
54746588001,547,4658800,1
93949823990,939,4982399,0
79482066752,794,8206675,2
17385457862,173,8545786,2
31517098186,315,1709818,6
99082142475,990,8214247,5
45598125773,455,9812577,3
31769935853,317,6993585,3
15234881091,152,3488109,1
91330454974,913,3045497,4
85703659205,857,0365920,5
67580397584,675,8039758,4
22429236182,224,2923618,2
42713209832,427,1320983,2
83304719735,833,0471973,5
36489327531,364,8932753,1
25514146453,255,1414645,3
34559419293,345,5941929,3
42748875180,427,4887518,0
89956299554,899,5629955,4
47140714402,471,4071440,2
88720685103,887,2068510,3
31542191483,315,4219148,3
62826673924,628,2667392,4
57922095630,579,2209563,0
40255439442,402,5543944,2
69726772574,697,2677257,4
32538112912,325,3811291,2
89948753491,899,4875349,1
19972361835,199,7236183,5
73672817244,736,7281724,4
88607813412,886,0781341,2
44310239874,443,1023987,4
81912595722,819,1259572,2
50437214174,504,3721417,4
95955608413,959,5560841,3
28783017615,287,8301761,5
96569523386,965,6952338,6
79103470296,791,0347029,6
57152606060,571,5260606,0
38625006626,386,2500662,6
46964943821,469,6494382,1
13808551044,138,0855104,4
69260488812,692,6048881,2
95360895604,953,6089560,4
95145333405,951,4533340,5
47084020393,470,8402039,3
68894686393,688,9468639,3
35743881842,357,4388184,2
81324575044,813,2457504,4
34981494014,349,8149401,4
20791885871,207,9188587,1
21678361790,216,7836179,0
85404479721,854,0447972,1
12329046232,123,2904623,2
68991661180,689,9166118,0
47030965561,470,3096556,1
55472217823,554,7221782,3
37103686971,371,0368697,1
74417985835,744,1798583,5
41772707293,417,7270729,3
40531808040,405,3180804,0
33244529466,332,4452946,6
43193013336,431,9301333,6
32815418395,328,1541839,5
11744836525,117,4483652,5
98812144162,988,1214416,2
81472820345,814,7282034,5
49675815715,496,7581571,5
28888194895,288,8819489,5
60679934200,606,7993420,0
56292353502,562,9235350,2
49685088401,496,8508840,1
83163677480,831,6367748,0
85967955103,859,6795510,3
64827302566,648,2730256,6
17805720305,178,0572030,5
13021824512,130,2182451,2
10470537984,104,7053798,4
43222598985,432,2259898,5
41496635466,414,9663546,6
84415903932,844,1590393,2
10476963523,104,7696352,3
18300726860,183,0072686,0
38705855304,387,0585530,4
67643770774,676,4377077,4
26383842691,263,8384269,1
19806087871,198,0608787,1
46661476813,466,6147681,3
56612074972,566,1207497,2
87245748595,872,4574859,5
85269465375,852,6946537,5
70861092181,708,6109218,1
24268252055,242,6825205,5
46865235335,468,6523533,5
48345153564,483,4515356,4
12113787325,121,1378732,5
95677693714,956,7769371,4
28346344110,283,4634411,0
11491603121,114,9160312,1
94582495752,945,8249575,2
51824106203,518,2410620,3
89634809164,896,3480916,4
38065366596,380,6536659,6
91189583740,911,8958374,0
90311780922,903,1178092,2
29823320333,298,2332033,3
57308095201,573,0809520,1
62082379023,620,8237902,3
63254323670,632,5432367,0
48131344150,481,3134415,0
66755233834,667,5523383,4
85782083551,857,8208355,1
50360335214,503,6033521,4
78266386654,782,6638665,4
18694346373,186,9434637,3
54621932002,546,2193200,2
62153556686,621,5355668,6
83203730025,832,0373002,5
58269770980,582,6977098,0
57627753050,576,2775305,0
73991219963,739,9121996,3
33692374294,336,9237429,4
95732367880,957,3236788,0
55124565705,551,2456570,5
29129531532,291,2953153,2
84716312045,847,1631204,5
69956599232,699,5659923,2
46107363505,461,0736350,5
55918170343,559,1817034,3
46112214512,461,1221451,2
45113815431,451,1381543,1
99733308625,997,3330862,5
89338682226,893,3868222,6
19996614996,199,9661499,6
84524613735,845,2461373,5
24525305113,245,2530511,3
20422879875,204,2287987,5
64969892242,649,6989224,2
23185906105,231,8590610,5
33917870012,339,1787001,2
60990597276,609,9059727,6
98754047215,987,5404721,5
80475219956,804,7521995,6
47644273144,476,4427314,4
17112613382,171,1261338,2
20420964546,204,2096454,6
60671208954,606,7120895,4
38106677385,381,0667738,5
39196647892,391,9664789,2
27213674716,272,1367471,6
21083468943,210,8346894,3
21298122631,212,9812263,1
80694494955,806,9449495,5
85893563903,858,9356390,3
11219376253,112,1937625,3
90480449496,904,8044949,6
66697694282,666,9769428,2
43519372160,435,1937216,0
71104838352,711,0483835,2
89629497054,896,2949705,4
86433414752,864,3341475,2
51217945932,512,1794593,2
64787387430,647,8738743,0
91658894201,916,5889420,1
14592719133,145,9271913,3
47496852155,474,9685215,5
75984900093,759,8490009,3
18180347551,181,8034755,1
30702724250,307,0272425,0
49077270813,490,7727081,3
10640989066,106,4098906,6
49826957654,498,2695765,4
89053964633,890,5396463,3
55276487891,552,7648789,1
21387940262,213,8794026,2
97151841964,971,5184196,4
73431525276,734,3152527,6
63475474626,634,7547462,6
38094303750,380,9430375,0
87646330225,876,4633022,5
49359292794,493,5929279,4
17351284351,173,5128435,1
53429016056,534,2901605,6
92246976341,922,4697634,1
22552052943,225,5205294,3
14878413582,148,7841358,2
66815792204,668,1579220,4
51041154055,510,4115405,5
91661424065,916,6142406,5
21019245232,210,1924523,2
59400861945,594,0086194,5
31703230143,317,0323014,3
97679314920,976,7931492,0
66598036934,665,9803693,4
76010988874,760,1098887,4
52015806243,520,1580624,3
50056726716,500,5672671,6
21993703844,219,9370384,4
46488451101,464,8845110,1
51515859883,515,1585988,3
17660505396,176,6050539,6
86041888063,860,4188806,3
10373408583,103,7340858,3
45259181172,452,5918117,2
77040609416,770,4060941,6
37754750544,377,5475054,4
60377102000,603,7710200,0
87595270782,875,9527078,2
32189971586,321,8997158,6
41120696201,411,2069620,1
73055099995,730,5509999,5
95468299596,954,6829959,6
32284181110,322,8418111,0
48821051703,488,2105170,3
97438107913,974,3810791,3
21498211635,214,9821163,5
30029476622,300,2947662,2
26437241203,264,3724120,3
23668235364,236,6823536,4
14095051960,140,9505196,0
18593616215,185,9361621,5
34776957623,347,7695762,3
60902164181,609,0216418,1
56677938176,566,7793817,6
54480146470,544,8014647,0
90497538055,904,9753805,5
78253494711,782,5349471,1
61175077712,611,7507771,2
61197959904,611,9795990,4
12313978550,123,1397855,0
23452196653,234,5219665,3
58867373596,588,6737359,6
72989262295,729,8926229,5
16761227264,167,6122726,4
91135502275,911,3550227,5
36770694934,367,7069493,4
84911330855,849,1133085,5
70254571915,702,5457191,5
99968613840,999,6861384,0
46822462845,468,2246284,5
88723520000,887,2352000,0
57426960585,574,2696058,5
25808354243,258,0835424,3
83086570015,830,8657001,5
61280843091,612,8084309,1
62991635703,629,9163570,3
48243900805,482,4390080,5
88978698766,889,7869876,6
57590985920,575,9098592,0
77240417382,772,4041738,2
13482677350,134,8267735,0
97548496313,975,4849631,3
89965588032,899,6558803,2
89207725192,892,0772519,2
97907189075,979,0718907,5
46856326030,468,5632603,0
38016571873,380,1657187,3
33859063300,338,5906330,0
53847563416,538,4756341,6
22961735690,229,6173569,0
75227040282,752,2704028,2
52179038034,521,7903803,4
66450724972,664,5072497,2
55572407351,555,7240735,1
17428063714,174,2806371,4
90396314735,903,9631473,5
90900207581,909,0020758,1
99563989401,995,6398940,1
29674943096,296,7494309,6
47221878382,472,2187838,2
41452934884,414,5293488,4
12171607941,121,7160794,1
20423041183,204,2304118,3
19574524343,195,7452434,3
74175601643,741,7560164,3
13825919603,138,2591960,3
25775593612,257,7559361,2
23989456534,239,8945653,4
75790034286,757,9003428,6
32381765892,323,8176589,2
38296308380,382,9630838,0
63305207564,633,0520756,4
81017889275,810,1788927,5
66833480944,668,3348094,4
69159190185,691,5919018,5
56488254916,564,8825491,6
64956013385,649,5601338,5
52240142003,522,4014200,3
86303039930,863,0303993,0
18726166263,187,2616626,3
85710455794,857,1045579,4
89521338443,895,2133844,3
25324506724,253,2450672,4
93641735472,936,4173547,2
81290885080,812,9088508,0
71648217331,716,4821733,1
68545163516,685,4516351,6
48216072585,482,1607258,5
37054604200,370,5460420,0
67793113750,677,9311375,0
59809709970,598,0970997,0
14517579004,145,1757900,4
94536508983,945,3650898,3
75284553684,752,8455368,4
28524373704,285,2437370,4
83663256791,836,6325679,1
34428962272,344,2896227,2
58777504484,587,7750448,4
71615121103,716,1512110,3
37202486414,372,0248641,4
73854724310,738,5472431,0
12671596596,126,7159659,6
21308694416,213,0869441,6
27676986905,276,7698690,5
70525062921,705,2506292,1
48942856756,489,4285675,6
70236543942,702,3654394,2
73353003363,733,5300336,3
78631299005,786,3129900,5
97983459930,979,8345993,0
14139884362,141,3988436,2
99784331106,997,8433110,6
84042653513,840,4265351,3
71151354771,711,5135477,1
92518371333,925,1837133,3
18612740981,186,1274098,1
86472173745,864,7217374,5
86866118156,868,6611815,6
12009568936,120,0956893,6
51226036006,512,2603600,6
47223540715,472,2354071,5
24126775406,241,2677540,6
91864496083,918,6449608,3
22805574256,228,0557425,6
32636869643,326,3686964,3
63324128526,633,2412852,6
96161221170,961,6122117,0
62407331606,624,0733160,6
74627194706,746,2719470,6
34993841050,349,9384105,0
59057156091,590,5715609,1
44648976341,446,4897634,1
44761461953,447,6146195,3
66182624410,661,8262441,0
68635294172,686,3529417,2
10266875630,102,6687563,0
32742697531,327,4269753,1
29377691411,293,7769141,1
26181554266,261,8155426,6
88116426085,881,1642608,5
61967905231,619,6790523,1
14018317893,140,1831789,3
43232712002,432,3271200,2
83130381875,831,3038187,5
67315343084,673,1534308,4
98327412630,983,2741263,0
13940863085,139,4086308,5
99857997905,998,5799790,5
26312480386,263,1248038,6
81941306124,819,4130612,4
74882890226,748,8289022,6
70647856401,706,4785640,1
99812792365,998,1279236,5
59517241726,595,1724172,6
28947111945,289,4711194,5
14399462282,143,9946228,2
73128098391,731,2809839,1
56616014385,566,1601438,5
82359578956,823,5957895,6
86829563323,868,2956332,3
38348004553,383,4800455,3
16770685660,167,7068566,0
12431056085,124,3105608,5
48728085615,487,2808561,5
12451477356,124,5147735,6
75690591232,756,9059123,2
81331534320,813,3153432,0
61690991173,616,9099117,3
59081391324,590,8139132,4
66390506782,663,9050678,2
83890161741,838,9016174,1
64627624303,646,2762430,3
53436211430,534,3621143,0
29538201991,295,3820199,1
79719529712,797,1952971,2
22186464440,221,8646444,0
94448919464,944,4891946,4
82498008395,824,9800839,5
33540330966,335,4033096,6
81635967363,816,3596736,3
28854072922,288,5407292,2
16198541185,161,9854118,5
76203240153,762,0324015,3
71657168380,716,5716838,0
50820467794,508,2046779,4
30422694361,304,2269436,1
28163061415,281,6306141,5
39135140200,391,3514020,0
88562919591,885,6291959,1
66725044790,667,2504479,0
42998169472,429,9816947,2
59203689396,592,0368939,6
31043885024,310,4388502,4
42721013552,427,2101355,2
91532673983,915,3267398,3
61510071485,615,1007148,5
61631619600,616,3161960,0
76053572634,760,5357263,4
62624516830,626,2451683,0
57248833810,572,4883381,0
51795990056,517,9599005,6
93409151803,934,0915180,3
11222077494,112,2207749,4
53252093246,532,5209324,6
92429512135,924,2951213,5
41749902061,417,4990206,1
61783759644,617,8375964,4
16726762506,167,2676250,6
74738939430,747,3893943,0
44896492834,448,9649283,4
89910918186,899,1091818,6
17924010571,179,2401057,1
67244272612,672,4427261,2
49404574112,494,0457411,2
77128223320,771,2822332,0
12725712224,127,2571222,4
83647564893,836,4756489,3
76266444744,762,6644474,4
40903910550,409,0391055,0
66786959613,667,8695961,3
15759620875,157,5962087,5
54792230680,547,9223068,0
68042619496,680,4261949,6
98036024663,980,3602466,3
11658344015,116,5834401,5
11428355304,114,2835530,4
77469788186,774,6978818,6
23552576835,235,5257683,5
97972069955,979,7206995,5
47556450022,475,5645002,2
90377859153,903,7785915,3
95575625255,955,7562525,5
28675515603,286,7551560,3
55165564336,551,6556433,6
36002539915,360,0253991,5
94957614946,949,5761494,6
77230174865,772,3017486,5
13300856433,133,0085643,3
87755678351,877,5567835,1
83668200381,836,6820038,1
19976501661,199,7650166,1
58300146526,583,0014652,6
49564269832,495,6426983,2
27256747791,272,5674779,1
52786852945,527,8685294,5
29151064465,291,5106446,5
70812930542,708,1293054,2
10432355214,104,3235521,4
94360317423,943,6031742,3
51270203624,512,7020362,4
59577148026,595,7714802,6
35855079644,358,5507964,4
47304514271,473,0451427,1
80497940975,804,9794097,5
97432960545,974,3296054,5
32799165772,327,9916577,2
65444585972,654,4458597,2
11309755176,113,0975517,6
85998248902,859,9824890,2
21299372185,212,9937218,5
45396801933,453,9680193,3
74640772722,746,4077272,2
46836070641,468,3607064,1
41648507486,416,4850748,6
21427295412,214,2729541,2
44441271512,444,4127151,2
12681167424,126,8116742,4
30234958225,302,3495822,5
61347069173,613,4706917,3
63462316290,634,6231629,0
33723883671,337,2388367,1
77423138603,774,2313860,3
73353848144,733,5384814,4
77072557814,770,7255781,4
84379382214,843,7938221,4
41802589315,418,0258931,5
58552200545,585,5220054,5
64277515093,642,7751509,3
49603262116,496,0326211,6
92837708976,928,3770897,6
95084709026,950,8470902,6
18177521966,181,7752196,6
22637298850,226,3729885,0
77548851261,775,4885126,1
57091904544,570,9190454,4
77987307420,779,8730742,0
94766131044,947,6613104,4
17850265704,178,5026570,4
98790123345,987,9012334,5
12272726251,122,7272625,1
63865358812,638,6535881,2
67195502660,671,9550266,0
72377585114,723,7758511,4
70678493290,706,7849329,0
20697459624,206,9745962,4
76319426135,763,1942613,5
21784016386,217,8401638,6
49536102430,495,3610243,0
89145511282,891,4551128,2
90836395283,908,3639528,3
12098113050,120,9811305,0
78008920200,780,0892020,0
74871848930,748,7184893,0
51367072314,513,6707231,4
60899378483,608,9937848,3
57919297105,579,1929710,5
69597981031,695,9798103,1
57398646643,573,9864664,3
20937930913,209,3793091,3
46921513844,469,2151384,4
98533801313,985,3380131,3
88450123365,884,5012336,5
88867427312,888,6742731,2
47519466805,475,1946680,5
76215683034,762,1568303,4
75463232172,754,6323217,2
85398412932,853,9841293,2
78253986153,782,5398615,3
89058401166,890,5840116,6
32580873485,325,8087348,5
32528958692,325,2895869,2
45304393552,453,0439355,2
31598335354,315,9833535,4
14550128704,145,5012870,4
63124591683,631,2459168,3
10620166131,106,2016613,1
95503986040,955,0398604,0
14846871434,148,4687143,4
34292779876,342,9277987,6
28827975325,288,2797532,5
12161256505,121,6125650,5
56610266021,566,1026602,1
91004109794,910,0410979,4
91157404864,911,5740486,4
59968590800,599,6859080,0
18733840162,187,3384016,2
72484917290,724,8491729,0
38064532893,380,6453289,3
49008483740,490,0848374,0
36456710483,364,5671048,3
86169883001,861,6988300,1
79619186186,796,1918618,6
52406705023,524,0670502,3
57891033605,578,9103360,5
13473235324,134,7323532,4
81375615262,813,7561526,2
43890552942,438,9055294,2
45695780621,456,9578062,1
60156002843,601,5600284,3
28802574613,288,0257461,3
60597999882,605,9799988,2
72553494553,725,5349455,3
47087642652,470,8764265,2
18195884435,181,9588443,5
64163949671,641,6394967,1
27418137162,274,1813716,2
94536217793,945,3621779,3
15425255516,154,2525551,6
42030868200,420,3086820,0
60479520684,604,7952068,4
48399653921,483,9965392,1
81683678313,816,8367831,3
65044229292,650,4422929,2
26230921560,262,3092156,0
10438896701,104,3889670,1
95670044320,956,7004432,0
57703476541,577,0347654,1
35790976020,357,9097602,0
92263129122,922,6312912,2
83672308116,836,7230811,6
61228061481,612,2806148,1
35326321292,353,2632129,2
25822169551,258,2216955,1
76130693871,761,3069387,1
97931677290,979,3167729,0
53630675550,536,3067555,0
27807883995,278,0788399,5
60012748141,600,1274814,1
62019805963,620,1980596,3
94309068620,943,0906862,0
61971277775,619,7127777,5
36924378653,369,2437865,3
61794761423,617,9476142,3
55224622712,552,2462271,2
94281311525,942,8131152,5
51532958532,515,3295853,2
84895496472,848,9549647,2
80191325742,801,9132574,2
18433855183,184,3385518,3
55523828900,555,2382890,0
45462448511,454,6244851,1
39412041091,394,1204109,1
92131873700,921,3187370,0
93241192161,932,4119216,1
49835311846,498,3531184,6
73428112856,734,2811285,6
76612900831,766,1290083,1
18686176202,186,8617620,2
82720385835,827,2038583,5
89788009362,897,8800936,2
53271329025,532,7132902,5
63763203913,637,6320391,3
72837936576,728,3793657,6
98088108496,980,8810849,6
99533790234,995,3379023,4
31771019052,317,7101905,2
19271775102,192,7177510,2
77346374744,773,4637474,4
79634268173,796,3426817,3
98967368676,989,6736867,6
71759224030,717,5922403,0
99923889542,999,2388954,2
35681733981,356,8173398,1
66301217984,663,0121798,4
86573577635,865,7357763,5
78382891211,783,8289121,1
66788563284,667,8856328,4
12930070260,129,3007026,0
41351635594,413,5163559,4
60139128031,601,3912803,1
70870246604,708,7024660,4
14524842953,145,2484295,3
83322828001,833,2282800,1
33346587323,333,4658732,3
67798921890,677,9892189,0
17662126683,176,6212668,3
28304574153,283,0457415,3
33607780245,336,0778024,5
39722967623,397,2296762,3
53385660261,533,8566026,1
19480541752,194,8054175,2
92297804785,922,9780478,5
91453001043,914,5300104,3
35461625084,354,6162508,4
73126137031,731,2613703,1
37938477251,379,3847725,1
95580091066,955,8009106,6
11942704234,119,4270423,4
87489745292,874,8974529,2
92086255122,920,8625512,2
99167358733,991,6735873,3
60754447856,607,5444785,6
41929207000,419,2920700,0
48066418733,480,6641873,3
60457893113,604,5789311,3
12609265802,126,0926580,2
68129341333,681,2934133,3
33816569491,338,1656949,1
81895702744,818,9570274,4
51461639755,514,6163975,5
93872341405,938,7234140,5
42213911356,422,1391135,6
34816409780,348,1640978,0
83571002572,835,7100257,2
62577656476,625,7765647,6
96486515360,964,8651536,0
50209503530,502,0950353,0
86190978695,861,9097869,5
53707756633,537,0775663,3
59664889750,596,6488975,0
40100210694,401,0021069,4
45993030694,459,9303069,4
42192429640,421,9242964,0
81535994711,815,3599471,1
60148577975,601,4857797,5
26341363610,263,4136361,0
81318727426,813,1872742,6
83356260945,833,5626094,5
62546929064,625,4692906,4
71192629372,711,9262937,2
96907117170,969,0711717,0
77640457256,776,4045725,6
46192805583,461,9280558,3
60839852976,608,3985297,6
49444552050,494,4455205,0
41361753804,413,6175380,4
82647781951,826,4778195,1
96906788201,969,0678820,1
14129199125,141,2919912,5
51755229144,517,5522914,4
73987800314,739,8780031,4
49978923802,499,7892380,2
58990200604,589,9020060,4
84702411370,847,0241137,0
53790469891,537,9046989,1
44545770232,445,4577023,2
56496432070,564,9643207,0
89980125805,899,8012580,5
54290348623,542,9034862,3
98459185373,984,5918537,3
89283468840,892,8346884,0
93258154255,932,5815425,5
76146535246,761,4653524,6
77484484165,774,8448416,5
75063438293,750,6343829,3
33487382165,334,8738216,5
63604346076,636,0434607,6
14379175933,143,7917593,3
13625671302,136,2567130,2
90592866126,905,9286612,6
63086219142,630,8621914,2
30892634690,308,9263469,0
83506296153,835,0629615,3
13255238071,132,5523807,1
35225877133,352,2587713,3
64089090575,640,8909057,5
95819865150,958,1986515,0
53740317524,537,4031752,4
86761528713,867,6152871,3
70444672445,704,4467244,5
59594203166,595,9420316,6
34525847036,345,2584703,6
79705326881,797,0532688,1
31216682622,312,1668262,2
30458099714,304,5809971,4
99960241115,999,6024111,5
35243415944,352,4341594,4
67691422060,676,9142206,0
87953896231,879,5389623,1
88377371742,883,7737174,2
87171869743,871,7186974,3
95184071183,951,8407118,3
15638656311,156,3865631,1
78880514516,788,8051451,6
80448598661,804,4859866,1
47859184882,478,5918488,2
24406774266,244,0677426,6
55885079755,558,8507975,5
76967952954,769,6795295,4
89769794973,897,6979497,3
28329599001,283,2959900,1
56625793202,566,2579320,2
92622778076,926,2277807,6
72111274886,721,1127488,6
56385303732,563,8530373,2
80362698935,803,6269893,5
77140881432,771,4088143,2
34742834594,347,4283459,4
58147430083,581,4743008,3
27983976846,279,8397684,6
45189918634,451,8991863,4
45238902851,452,3890285,1
93142498012,931,4249801,2
12321753683,123,2175368,3
60242398481,602,4239848,1
20026261093,200,2626109,3
13341710556,133,4171055,6
31665085015,316,6508501,5
94748787851,947,4878785,1
55259983342,552,5998334,2
20398031856,203,9803185,6
46988224086,469,8822408,6
29596021954,295,9602195,4
41872789196,418,7278919,6
24741068181,247,4106818,1
54954957360,549,5495736,0
37713508281,377,1350828,1
29948614204,299,4861420,4
19613738512,196,1373851,2
66596904834,665,9690483,4
61008044783,610,0804478,3
17297354005,172,9735400,5
80497559494,804,9755949,4
41392038856,413,9203885,6
65176001004,651,7600100,4
40141701406,401,4170140,6
77217887034,772,1788703,4
80447283751,804,4728375,1
69005554162,690,0555416,2
69706806436,697,0680643,6
88139835995,881,3983599,5
26588177264,265,8817726,4
54410091886,544,1009188,6
35870447134,358,7044713,4
55962488091,559,6248809,1
45257805574,452,5780557,4
12548977784,125,4897778,4
30065626081,300,6562608,1
33752078014,337,5207801,4
19526392612,195,2639261,2
12010929085,120,1092908,5
15569704771,155,6970477,1
20728801485,207,2880148,5
45439675732,454,3967573,2
56864942402,568,6494240,2
95403728144,954,0372814,4
16803414056,168,0341405,6
36667922121,366,6792212,1
32280953236,322,8095323,6
51975353416,519,7535341,6
34084542202,340,8454220,2
40795725920,407,9572592,0
11855566075,118,5556607,5
88399119211,883,9911921,1
77947481901,779,4748190,1
97662105625,976,6210562,5
63463775166,634,6377516,6
24258528144,242,5852814,4
43245496263,432,4549626,3
40197542750,401,9754275,0
77033766294,770,3376629,4
35122544195,351,2254419,5
34777701124,347,7770112,4
86012468346,860,1246834,6
28400761781,284,0076178,1
15536184304,155,3618430,4
94415548366,944,1554836,6
76183803672,761,8380367,2
72507351336,725,0735133,6
88405439370,884,0543937,0
37508399464,375,0839946,4
70636547870,706,3654787,0
44592527923,445,9252792,3
30961311022,309,6131102,2
85596462754,855,9646275,4
60297525040,602,9752504,0
26415673065,264,1567306,5
19995226632,199,9522663,2
88593821493,885,9382149,3
21161973482,211,6197348,2
18478155096,184,7815509,6
38165184022,381,6518402,2
73476692813,734,7669281,3
82589833421,825,8983342,1
62636838041,626,3683804,1
27346947936,273,4694793,6
74861564655,748,6156465,5
88240839233,882,4083923,3
66351277152,663,5127715,2
10543050083,105,4305008,3
77376643353,773,7664335,3
78886983714,788,8698371,4
56304609225,563,0460922,5
63325553946,633,2555394,6
18511600072,185,1160007,2
39704329804,397,0432980,4
73984238460,739,8423846,0
33832710025,338,3271002,5
76138266855,761,3826685,5
13610941151,136,1094115,1
77128185684,771,2818568,4
30288649350,302,8864935,0
92517834226,925,1783422,6
90667390462,906,6739046,2
45341136446,453,4113644,6
23293344276,232,9334427,6
82049667240,820,4966724,0
68691863344,686,9186334,4
45800092496,458,0009249,6
43233057434,432,3305743,4
17157297884,171,5729788,4
74000911803,740,0091180,3
90103270506,901,0327050,6
84900019126,849,0001912,6
39097597935,390,9759793,5
55033939785,550,3393978,5
48340680562,483,4068056,2
44256518515,442,5651851,5
28625143552,286,2514355,2
96984429116,969,8442911,6
79082994290,790,8299429,0
68278929175,682,7892917,5
97398930675,973,9893067,5
54952080255,549,5208025,5
28088893936,280,8889393,6
78232440051,782,3244005,1
51021353941,510,2135394,1
51979749000,519,7974900,0
64156179523,641,5617952,3
58235353954,582,3535395,4
11164229095,111,6422909,5
83066787004,830,6678700,4
54593535381,545,9353538,1
45429826223,454,2982622,3
43367959465,433,6795946,5
79550147641,795,5014764,1
35784480333,357,8448033,3
13769941621,137,6994162,1
73002369873,730,0236987,3
34321844400,343,2184440,0
90710241784,907,1024178,4
63136245980,631,3624598,0
49921579626,499,2157962,6
28317970500,283,1797050,0
94514641614,945,1464161,4
35213931642,352,1393164,2
89734764041,897,3476404,1
68165453215,681,6545321,5
22637391571,226,3739157,1
83857808821,838,5780882,1
45108313856,451,0831385,6
77073162424,770,7316242,4
99238460953,992,3846095,3
15163572146,151,6357214,6
94999955425,949,9995542,5
55131731025,551,3173102,5
74924319672,749,2431967,2
37685457543,376,8545754,3
59154010972,591,5401097,2
79639666043,796,3966604,3
57200182233,572,0018223,3
36392251066,363,9225106,6
70823222915,708,2322291,5
86389383253,863,8938325,3
28163473161,281,6347316,1
48730902784,487,3090278,4
98542891106,985,4289110,6
86779874481,867,7987448,1
12336262920,123,3626292,0
86091164444,860,9116444,4
12542981733,125,4298173,3
39060619210,390,6061921,0
68609715750,686,0971575,0
37559103180,375,5910318,0
76969164271,769,6916427,1
24607411005,246,0741100,5
97645824912,976,4582491,2
74733182701,747,3318270,1
83729929153,837,2992915,3
95826884742,958,2688474,2
34269234691,342,6923469,1
34291765694,342,9176569,4
34484332082,344,8433208,2
43631529623,436,3152962,3
85810165701,858,1016570,1
86800077281,868,0007728,1
80518012662,805,1801266,2
54224845263,542,2484526,3
77761744650,777,6174465,0
94421380306,944,2138030,6
65653667622,656,5366762,2
50905585536,509,0558553,6
78799123031,787,9912303,1
34916983515,349,1698351,5
90409093605,904,0909360,5
92759520972,927,5952097,2
46514465485,465,1446548,5
57735885690,577,3588569,0
54728247205,547,2824720,5
96696843324,966,9684332,4
60336420875,603,3642087,5
19150396390,191,5039639,0
24915833196,249,1583319,6
10562184655,105,6218465,5
85343298966,853,4329896,6
25860188422,258,6018842,2
82252090191,822,5209019,1
23477843790,234,7784379,0
68200902093,682,0090209,3
51153974341,511,5397434,1
82265268864,822,6526886,4
92893428631,928,9342863,1
58675679391,586,7567939,1
35616371134,356,1637113,4
87778958292,877,7895829,2
98239894621,982,3989462,1
55032509963,550,3250996,3
35732427412,357,3242741,2
83853734850,838,5373485,0
45487781773,454,8778177,3
44513171153,445,1317115,3
63823454381,638,2345438,1
20440630404,204,4063040,4
66097128821,660,9712882,1
28989496243,289,8949624,3
87188701962,871,8870196,2
62330585846,623,3058584,6
27869893644,278,6989364,4
29085911766,290,8591176,6
39230928282,392,3092828,2
91266603825,912,6660382,5
80703238111,807,0323811,1
90988943471,909,8894347,1
16458911535,164,5891153,5
47472299374,474,7229937,4
32789049965,327,8904996,5
33276531753,332,7653175,3
41874635150,418,7463515,0
88877586926,888,7758692,6
51403732374,514,0373237,4
17579754673,175,7975467,3
36954891323,369,5489132,3
71130302680,711,3030268,0
60134015240,601,3401524,0
57355919966,573,5591996,6
44198300541,441,9830054,1
83975350104,839,7535010,4
57735020040,577,3502004,0
47107322390,471,0732239,0
72779380333,727,7938033,3
92153791370,921,5379137,0
94693068754,946,9306875,4
27281943996,272,8194399,6
50024627793,500,2462779,3
47993409570,479,9340957,0
21273856656,212,7385665,6
23756795223,237,5679522,3
61723203221,617,2320322,1
74779199545,747,7919954,5
44912084886,449,1208488,6
93568393273,935,6839327,3
10305754035,103,0575403,5
92604257913,926,0425791,3
22297942094,222,9794209,4
29656669031,296,5666903,1
45917620950,459,1762095,0
18864876332,188,6487633,2
57145078282,571,4507828,2
54664247533,546,6424753,3
92831769661,928,3176966,1
94927759691,949,2775969,1
98628257575,986,2825757,5
82919288200,829,1928820,0
89241845452,892,4184545,2
78917728435,789,1772843,5
76923374083,769,2337408,3
86476986064,864,7698606,4
10276157085,102,7615708,5
78503905786,785,0390578,6
33053513806,330,5351380,6
19099243182,190,9924318,2
67623214206,676,2321420,6
27717281054,277,1728105,4
93455083236,934,5508323,6
76870759991,768,7075999,1
29274423961,292,7442396,1
33824388356,338,2438835,6
31355408221,313,5540822,1
48487614453,484,8761445,3
17612321825,176,1232182,5
84260288536,842,6028853,6
71073039726,710,7303972,6
83156494582,831,5649458,2
90739939943,907,3993994,3
15362521095,153,6252109,5
33050094181,330,5009418,1
11076537785,110,7653778,5
61559427141,615,5942714,1
19406982973,194,0698297,3
46849355956,468,4935595,6
32970503765,329,7050376,5
78898584973,788,9858497,3
73229597566,732,2959756,6
50520281760,505,2028176,0
52215927316,522,1592731,6
79984991445,799,8499144,5
72240758722,722,4075872,2
24078000513,240,7800051,3
83578815106,835,7881510,6
58409978391,584,0997839,1
35647204091,356,4720409,1
27651493400,276,5149340,0
33449240294,334,4924029,4
95539861013,955,3986101,3
48133317581,481,3331758,1
96878608945,968,7860894,5
14403850044,144,0385004,4
37132229216,371,3222921,6
57493177725,574,9317772,5
90270699195,902,7069919,5
13034646752,130,3464675,2
39321561636,393,2156163,6
90373183333,903,7318333,3
62564584294,625,6458429,4
19541811871,195,4181187,1
71456205772,714,5620577,2
84769663355,847,6966335,5
37293748394,372,9374839,4
61123119012,611,2311901,2
63637524123,636,3752412,3
89485571616,894,8557161,6
26646360943,266,4636094,3
26260294611,262,6029461,1
46241103663,462,4110366,3
31828260664,318,2826066,4
64851032595,648,5103259,5
49711243943,497,1124394,3
69733489842,697,3348984,2
72656486971,726,5648697,1
14348298014,143,4829801,4
87354415540,873,5441554,0
53787565973,537,8756597,3
86547774395,865,4777439,5
70014485025,700,1448502,5
19742785514,197,4278551,4
81499402656,814,9940265,6
31311182184,313,1118218,4
98444403250,984,4440325,0
21146939961,211,4693996,1
84224930605,842,2493060,5
11129453115,111,2945311,5
58247110514,582,4711051,4
79525660274,795,2566027,4
23134685771,231,3468577,1
67966574056,679,6657405,6
47938747863,479,3874786,3
90584022540,905,8402254,0
21865579714,218,6557971,4
13233852765,132,3385276,5
10087129256,100,8712925,6
95430552835,954,3055283,5
97371549971,973,7154997,1
68065238043,680,6523804,3
41596844400,415,9684440,0
85380035560,853,8003556,0
89350643806,893,5064380,6
87377545940,873,7754594,0
49785719475,497,8571947,5
84759642735,847,5964273,5
92014673890,920,1467389,0
89410927192,894,1092719,2
31732144375,317,3214437,5
20846566812,208,4656681,2
77070689384,770,7068938,4
24315172680,243,1517268,0
62324466996,623,2446699,6
42221227380,422,2122738,0
87219221474,872,1922147,4
82842126652,828,4212665,2
42660969803,426,6096980,3
97047048712,970,4704871,2
84859291334,848,5929133,4
13597791784,135,9779178,4
25413153072,254,1315307,2
38139249560,381,3924956,0
24178357320,241,7835732,0
46751060094,467,5106009,4
59761996401,597,6199640,1
53855310240,538,5531024,0
90895514273,908,9551427,3
29680096480,296,8009648,0
81986276350,819,8627635,0
40360619855,403,6061985,5
47374672321,473,7467232,1
71147157281,711,4715728,1
49289406343,492,8940634,3
13626886122,136,2688612,2
68526683802,685,2668380,2
18141790451,181,4179045,1
35468028301,354,6802830,1
30107900370,301,0790037,0
34843584234,348,4358423,4
94548958943,945,4895894,3
58216466606,582,1646660,6
52345258351,523,4525835,1
33111342991,331,1134299,1
72419712674,724,1971267,4
75709490143,757,0949014,3
71849290775,718,4929077,5
91189916053,911,8991605,3
15979374661,159,7937466,1
21605678792,216,0567879,2
85646479821,856,4647982,1
38534953495,385,3495349,5
33391813256,333,9181325,6
73624425041,736,2442504,1
25546798455,255,4679845,5
71065024074,710,6502407,4
13856985583,138,5698558,3
25022964460,250,2296446,0
75389158030,753,8915803,0
82216174043,822,1617404,3
82593468100,825,9346810,0
97965798366,979,6579836,6
32640675335,326,4067533,5
31172353421,311,7235342,1
69263080074,692,6308007,4
45156360915,451,5636091,5
65246163351,652,4616335,1
35236506833,352,3650683,3
34112518684,341,1251868,4
84658617484,846,5861748,4
67153752574,671,5375257,4
97134920956,971,3492095,6
39746485870,397,4648587,0
98650642843,986,5064284,3
33043146705,330,4314670,5
74955930484,749,5593048,4
89063725095,890,6372509,5
72234518844,722,3451884,4
59881283043,598,8128304,3
12696793015,126,9679301,5
22327560275,223,2756027,5
60015908380,600,1590838,0
38575357200,385,7535720,0
68539990671,685,3999067,1
40916789890,409,1678989,0
51006086970,510,0608697,0
99714344980,997,1434498,0
69247266053,692,4726605,3
42010632335,420,1063233,5
75680750506,756,8075050,6
62408216855,624,0821685,5
27040309465,270,4030946,5
42231940235,422,3194023,5
68717753032,687,1775303,2
92132693751,921,3269375,1
34831771314,348,3177131,4
10861709240,108,6170924,0
25938780994,259,3878099,4
49442409390,494,4240939,0
14450272170,144,5027217,0
96178917612,961,7891761,2
32942484501,329,4248450,1
57291490766,572,9149076,6
19179255886,191,7925588,6
95737986151,957,3798615,1
90374199255,903,7419925,5
17553907495,175,5390749,5
41828325680,418,2832568,0
48844441442,488,4444144,2
95673305334,956,7330533,4
46040256784,460,4025678,4
33478515872,334,7851587,2
86965739514,869,6573951,4
74323212896,743,2321289,6
28435648434,284,3564843,4
78439288984,784,3928898,4
31222942492,312,2294249,2
39972432195,399,7243219,5
78708663282,787,0866328,2
22059555682,220,5955568,2
97131997306,971,3199730,6
40342336511,403,4233651,1
81624743491,816,2474349,1
26489092432,264,8909243,2
91395225676,913,9522567,6
94741467983,947,4146798,3
30259462865,302,5946286,5
56127676330,561,2767633,0
93172700753,931,7270075,3
38430325350,384,3032535,0
33724239470,337,2423947,0
15923337211,159,2333721,1
97893662855,978,9366285,5
48850070660,488,5007066,0
13682978972,136,8297897,2
76941953460,769,4195346,0
25570296431,255,7029643,1
95367619855,953,6761985,5
86869804012,868,6980401,2
27056437362,270,5643736,2
22337679245,223,3767924,5
60200115914,602,0011591,4
32205615233,322,0561523,3
13381506486,133,8150648,6
85363568604,853,6356860,4
23142706053,231,4270605,3
46993594400,469,9359440,0
41444246086,414,4424608,6
31095046580,310,9504658,0
45631003200,456,3100320,0
18173305665,181,7330566,5
14149983763,141,4998376,3
40536840651,405,3684065,1
80374181224,803,7418122,4
42945188063,429,4518806,3
21666807813,216,6680781,3
75462459082,754,6245908,2
43885469041,438,8546904,1
16970246240,169,7024624,0
52515792535,525,1579253,5
70466107986,704,6610798,6
31545388015,315,4538801,5
59254057805,592,5405780,5
22969140086,229,6914008,6
32602786481,326,0278648,1
77215841516,772,1584151,6
42689519652,426,8951965,2
93823633192,938,2363319,2
83682630612,836,8263061,2
74364318286,743,6431828,6
94408126593,944,0812659,3
14705139236,147,0513923,6
34142055861,341,4205586,1
47056925312,470,5692531,2
43431331394,434,3133139,4
86420940570,864,2094057,0
98178553745,981,7855374,5
71724472685,717,2447268,5
19589550206,195,8955020,6
85540971776,855,4097177,6
21424338695,214,2433869,5
31482626095,314,8262609,5
87360909075,873,6090907,5
42931436533,429,3143653,3
12663190116,126,6319011,6
26746440462,267,4644046,2
56011701991,560,1170199,1
77339447420,773,3944742,0
70976111584,709,7611158,4
62881934913,628,8193491,3
17413731620,174,1373162,0
52277251184,522,7725118,4
61402040184,614,0204018,4
58859285645,588,5928564,5
30427951191,304,2795119,1
73683304885,736,8330488,5
94266320354,942,6632035,4
94850434153,948,5043415,3
72947230756,729,4723075,6
14098996740,140,9899674,0
84994555355,849,9455535,5
16108086054,161,0808605,4
85056675034,850,5667503,4
30947264706,309,4726470,6
40834124053,408,3412405,3
84057792295,840,5779229,5
73618605531,736,1860553,1
64755981113,647,5598111,3
84725967731,847,2596773,1
17107468681,171,0746868,1
53159516066,531,5951606,6
36063882836,360,6388283,6
38461933152,384,6193315,2
89084547851,890,8454785,1
25407000446,254,0700044,6
26994156191,269,9415619,1
15988436610,159,8843661,0
72688733724,726,8873372,4
58874383616,588,7438361,6
58368517052,583,6851705,2
62312608711,623,1260871,1
30009186753,300,0918675,3
64029059161,640,2905916,1
82111480146,821,1148014,6
79346075425,793,4607542,5
52621031185,526,2103118,5
25334381925,253,3438192,5
20211989705,202,1198970,5
83130765716,831,3076571,6
18891436714,188,9143671,4
98074304064,980,7430406,4
10387718972,103,8771897,2
55666586283,556,6658628,3
64967910031,649,6791003,1
45645397381,456,4539738,1
95900603524,959,0060352,4
18810425896,188,1042589,6
37680136522,376,8013652,2
16483312932,164,8331293,2
54105455802,541,0545580,2
64125345853,641,2534585,3
15487546696,154,8754669,6
29093464892,290,9346489,2
12534533575,125,3453357,5
25819429622,258,1942962,2
71867298182,718,6729818,2
35046821392,350,4682139,2
41689240842,416,8924084,2
82140249731,821,4024973,1
10848513146,108,4851314,6
80295722040,802,9572204,0
23308125783,233,0812578,3
45547761346,455,4776134,6
16162732936,161,6273293,6
54138748462,541,3874846,2
15504040330,155,0404033,0
29371766286,293,7176628,6
81591126964,815,9112696,4
83501322030,835,0132203,0
33066683562,330,6668356,2
69404085393,694,0408539,3
26983429212,269,8342921,2
71842714671,718,4271467,1
16077559410,160,7755941,0
72608752382,726,0875238,2
43840410365,438,4041036,5
85196812530,851,9681253,0
24091582586,240,9158258,6
16450203186,164,5020318,6
31197748986,311,9774898,6
39035813394,390,3581339,4
90451642536,904,5164253,6
19452388750,194,5238875,0
24601510583,246,0151058,3
92972203152,929,7220315,2
12470378514,124,7037851,4
38657743072,386,5774307,2
60187147126,601,8714712,6
83772581285,837,7258128,5
53536102840,535,3610284,0
69155162662,691,5516266,2
80668273201,806,6827320,1
13121052120,131,2105212,0
56541874394,565,4187439,4
52072189734,520,7218973,4
36348235134,363,4823513,4
30450974511,304,5097451,1
30585451063,305,8545106,3
57448432966,574,4843296,6
18548972334,185,4897233,4
79461498925,794,6149892,5
42587471936,425,8747193,6
37221092565,372,2109256,5
78752903186,787,5290318,6
16385360384,163,8536038,4
34428384685,344,2838468,5
10958245862,109,5824586,2
40177884433,401,7788443,3
16953032235,169,5303223,5
38628091304,386,2809130,4
45136561932,451,3656193,2
77607977353,776,0797735,3
17620349992,176,2034999,2
65118539245,651,1853924,5
72655640854,726,5564085,4
55038638304,550,3863830,4
12863680233,128,6368023,3
59343573045,593,4357304,5
36293852843,362,9385284,3
38628315430,386,2831543,0
82488644135,824,8864413,5
14418567432,144,1856743,2
71262361954,712,6236195,4
53158757913,531,5875791,3
51741880265,517,4188026,5
94729616261,947,2961626,1
36642878633,366,4287863,3
73121813426,731,2181342,6
26541762331,265,4176233,1
86915949922,869,1594992,2
98051883451,980,5188345,1
31208911976,312,0891197,6
91394610850,913,9461085,0
82124569276,821,2456927,6
68866064806,688,6606480,6
45281662974,452,8166297,4
50281432661,502,8143266,1
86601645723,866,0164572,3
66334310051,663,3431005,1
33722922091,337,2292209,1
98827189405,988,2718940,5
97669080592,976,6908059,2
42173458745,421,7345874,5
12705566103,127,0556610,3
73789430722,737,8943072,2
92033822263,920,3382226,3
52549541201,525,4954120,1
20301414226,203,0141422,6
49989791385,499,8979138,5
54745266463,547,4526646,3
28375235904,283,7523590,4
87040330060,870,4033006,0
84153310911,841,5331091,1
93133899205,931,3389920,5
19109369161,191,0936916,1
74008965690,740,0896569,0
74350101874,743,5010187,4
26451055315,264,5105531,5
25202306185,252,0230618,5
22370910193,223,7091019,3
94481491273,944,8149127,3
46728609704,467,2860970,4
73495312245,734,9531224,5
88259113190,882,5911319,0
48866297185,488,6629718,5
84362351165,843,6235116,5
70203642390,702,0364239,0
12535702630,125,3570263,0
28194867773,281,9486777,3
24841122770,248,4112277,0
56669397354,566,6939735,4
92700833394,927,0083339,4
75299779756,752,9977975,6
17871321460,178,7132146,0
88487127334,884,8712733,4
29661951221,296,6195122,1
80344140084,803,4414008,4
67199920401,671,9992040,1
94766446865,947,6644686,5
34995577853,349,9557785,3
63467806953,634,6780695,3
42530540534,425,3054053,4
35418990863,354,1899086,3
64878687570,648,7868757,0
48855996271,488,5599627,1
64558876525,645,5887652,5
76596470535,765,9647053,5
40218329295,402,1832929,5
17286040036,172,8604003,6
31322985285,313,2298528,5
16807110800,168,0711080,0
80021958315,800,2195831,5
28917743734,289,1774373,4
28945442103,289,4544210,3
31105212194,311,0521219,4
85354345906,853,5434590,6
29863797271,298,6379727,1
13162515986,131,6251598,6
39658495214,396,5849521,4
14869330762,148,6933076,2
37961585420,379,6158542,0
51540997722,515,4099772,2
67609424236,676,0942423,6
46860687456,468,6068745,6
46475550673,464,7555067,3
14292076626,142,9207662,6
73118296895,731,1829689,5
99015726736,990,1572673,6
23866684662,238,6668466,2
36359964276,363,5996427,6
76312812673,763,1281267,3
19166945213,191,6694521,3
77563539715,775,6353971,5
24122326945,241,2232694,5
39128732100,391,2873210,0
93510379896,935,1037989,6
10775610205,107,7561020,5
30888290640,308,8829064,0
14405082706,144,0508270,6
34685505681,346,8550568,1
52004805780,520,0480578,0
60397819770,603,9781977,0
48394645584,483,9464558,4
64741890603,647,4189060,3
17884622764,178,8462276,4
45717604505,457,1760450,5
95152007602,951,5200760,2
27926432861,279,2643286,1
68716369725,687,1636972,5
38279841374,382,7984137,4
16905145613,169,0514561,3
69031707703,690,3170770,3
98179384882,981,7938488,2
67804574426,678,0457442,6
19332141101,193,3214110,1
57843008766,578,4300876,6
57524987751,575,2498775,1
91745121425,917,4512142,5
35670704374,356,7070437,4
20508885732,205,0888573,2
58857487752,588,5748775,2
86023579291,860,2357929,1
24912620643,249,1262064,3
22226159160,222,2615916,0
87970402654,879,7040265,4
99594728520,995,9472852,0
79695351820,796,9535182,0
46218151236,462,1815123,6
96009518045,960,0951804,5
43792532301,437,9253230,1
51448429285,514,4842928,5
33664918620,336,6491862,0
85820164080,858,2016408,0
95774149035,957,7414903,5
36269607923,362,6960792,3
86969847426,869,6984742,6
46340322022,463,4032202,2
44406714024,444,0671402,4
17821449871,178,2144987,1
69225474691,692,2547469,1
17252525096,172,5252509,6
74921290641,749,2129064,1
52317044175,523,1704417,5
38265178110,382,6517811,0
84541158894,845,4115889,4
38421328246,384,2132824,6
97137483590,971,3748359,0
22322716574,223,2271657,4
10887331641,108,8733164,1
81333824475,813,3382447,5
29197108775,291,9710877,5
41883747000,418,8374700,0
36479734334,364,7973433,4
77469231096,774,6923109,6
68687263383,686,8726338,3
68542919891,685,4291989,1
42202798475,422,0279847,5
32374956626,323,7495662,6
35686430370,356,8643037,0
48014251314,480,1425131,4
53667739315,536,6773931,5
83656461712,836,5646171,2
81039663273,810,3966327,3
62502328716,625,0232871,6
77914784701,779,1478470,1
40736800084,407,3680008,4
53511001991,535,1100199,1
45699352232,456,9935223,2
31618876835,316,1887683,5
52301183942,523,0118394,2
60531518911,605,3151891,1
33164082204,331,6408220,4
10730199980,107,3019998,0
14413575213,144,1357521,3
50306676220,503,0667622,0
38388383816,383,8838381,6
34052901861,340,5290186,1
61816173933,618,1617393,3
72103558761,721,0355876,1
85640447474,856,4044747,4
26036951465,260,3695146,5
50537880036,505,3788003,6
79677966504,796,7796650,4
59218098502,592,1809850,2
92108000314,921,0800031,4
80665865210,806,6586521,0
91252049262,912,5204926,2
90403972922,904,0397292,2
25568338862,255,6833886,2
76551414982,765,5141498,2
41100281360,411,0028136,0
29800077103,298,0007710,3
69018678594,690,1867859,4
13869806725,138,6980672,5
61704425871,617,0442587,1
98139137310,981,3913731,0
95201544085,952,0154408,5
66164781121,661,6478112,1
48670102650,486,7010265,0
51977957503,519,7795750,3
12861412833,128,6141283,3
14805510976,148,0551097,6
96499178204,964,9917820,4
56247502770,562,4750277,0
59395704136,593,9570413,6
87813077174,878,1307717,4
97521815895,975,2181589,5
35765775593,357,6577559,3
98121178394,981,2117839,4
61428972994,614,2897299,4
52545636096,525,4563609,6
16596920044,165,9692004,4
87265147534,872,6514753,4
43672904252,436,7290425,2
10066736756,100,6673675,6
63523914372,635,2391437,2
72219872730,722,1987273,0
35249386283,352,4938628,3
18167009065,181,6700906,5
13830826042,138,3082604,2
18610772295,186,1077229,5
24121236944,241,2123694,4
11770569166,117,7056916,6
59020536605,590,2053660,5
92066743392,920,6674339,2
23293801113,232,9380111,3
90440747720,904,4074772,0
78511598996,785,1159899,6
51247060980,512,4706098,0
88768026883,887,6802688,3
35015560564,350,1556056,4
28100449181,281,0044918,1
96114109725,961,1410972,5
32855897765,328,5589776,5
22226783216,222,2678321,6
66557601193,665,5760119,3
13742544115,137,4254411,5
53230276505,532,3027650,5
42673341235,426,7334123,5
69983963690,699,8396369,0
15012672495,150,1267249,5
85124621840,851,2462184,0
70334191726,703,3419172,6
96007121896,960,0712189,6
59230980656,592,3098065,6
97081725914,970,8172591,4
86024631622,860,2463162,2
94384394840,943,8439484,0
55008008894,550,0800889,4
28708085074,287,0808507,4
28121507165,281,2150716,5
27213636541,272,1363654,1
26942018155,269,4201815,5
51305809000,513,0580900,0
12765641533,127,6564153,3
30809632272,308,0963227,2
53842278126,538,4227812,6
93369842552,933,6984255,2
13768945122,137,6894512,2
67454416453,674,5441645,3
54064306491,540,6430649,1
65268202046,652,6820204,6
38191402793,381,9140279,3
20098800390,200,9880039,0
58449211575,584,4921157,5
37104393204,371,0439320,4
37480003131,374,8000313,1
44822509204,448,2250920,4
19822652191,198,2265219,1
44278343675,442,7834367,5
83170373503,831,7037350,3
15540478033,155,4047803,3
77383392901,773,8339290,1
32352418881,323,5241888,1
58547619021,585,4761902,1
74717986542,747,1798654,2
50113466110,501,1346611,0
21845087606,218,4508760,6
19921541132,199,2154113,2
63570099165,635,7009916,5
97671983493,976,7198349,3
87752988986,877,5298898,6
22737511276,227,3751127,6
24584153585,245,8415358,5
42179077475,421,7907747,5
77838939015,778,3893901,5
59718573584,597,1857358,4
23369349545,233,6934954,5
83226637426,832,2663742,6
41373916330,413,7391633,0
29582185750,295,8218575,0
38430939176,384,3093917,6
54700553182,547,0055318,2
37724495662,377,2449566,2
57500160634,575,0016063,4
21962154033,219,6215403,3
68679234651,686,7923465,1
97611803655,976,1180365,5
36979076761,369,7907676,1
24030586644,240,3058664,4
77331537342,773,3153734,2
88297063901,882,9706390,1
51435738411,514,3573841,1
41278403390,412,7840339,0
27237711183,272,3771118,3
92279114404,922,7911440,4
78846060313,788,4606031,3
71643683013,716,4368301,3
57253945390,572,5394539,0
60516694281,605,1669428,1
23152180755,231,5218075,5
97132744414,971,3274441,4
30461674400,304,6167440,0
84650307096,846,5030709,6
54395077096,543,9507709,6
62063363756,620,6336375,6
88270968956,882,7096895,6
26147709286,261,4770928,6
48739191913,487,3919191,3
81058492461,810,5849246,1
24319781164,243,1978116,4
40573079924,405,7307992,4
65114314895,651,1431489,5
56941696203,569,4169620,3
65650343764,656,5034376,4
76687272530,766,8727253,0
65284263325,652,8426332,5
92066792380,920,6679238,0
30944293682,309,4429368,2
35677524053,356,7752405,3
13371387400,133,7138740,0
58560980441,585,6098044,1
84300055785,843,0005578,5
67272012035,672,7201203,5
33070230246,330,7023024,6
29668834766,296,6883476,6
97191170651,971,9117065,1
75170374404,751,7037440,4
25615941321,256,1594132,1
57450419691,574,5041969,1
57981048932,579,8104893,2
96353566022,963,5356602,2
63840663415,638,4066341,5
40680518813,406,8051881,3
21777202222,217,7720222,2
80043334311,800,4333431,1
18202361835,182,0236183,5
93199770122,931,9977012,2
67322824980,673,2282498,0
26185120641,261,8512064,1
31526633760,315,2663376,0
44352558200,443,5255820,0
19920786996,199,2078699,6
83958169736,839,5816973,6
45982905312,459,8290531,2
11149575370,111,4957537,0
22569493955,225,6949395,5
96405850931,964,0585093,1
50668759244,506,6875924,4
52076525505,520,7652550,5
63561397910,635,6139791,0
19085110274,190,8511027,4
37539612090,375,3961209,0
14601716634,146,0171663,4
33084156856,330,8415685,6
30897892722,308,9789272,2
22007514072,220,0751407,2
88877820271,888,7782027,1
82997993555,829,9799355,5
10900428296,109,0042829,6
58908266926,589,0826692,6
51683656942,516,8365694,2
21375672834,213,7567283,4
13850360841,138,5036084,1
27651449476,276,5144947,6
79902281753,799,0228175,3
10743365875,107,4336587,5
44966346895,449,6634689,5
55238293611,552,3829361,1
30592824184,305,9282418,4
14704625044,147,0462504,4
85276149644,852,7614964,4
59345617756,593,4561775,6
15532624995,155,3262499,5
49194220243,491,9422024,3
27574933580,275,7493358,0
87787471953,877,8747195,3
56136756015,561,3675601,5
56869248446,568,6924844,6
72763244092,727,6324409,2
77865118211,778,6511821,1
50794320333,507,9432033,3
89071847370,890,7184737,0
35643375343,356,4337534,3
31356436511,313,5643651,1
99603190544,996,0319054,4
66076243863,660,7624386,3
88535684944,885,3568494,4
28913998524,289,1399852,4
97646880742,976,4688074,2
48856149630,488,5614963,0
63975846725,639,7584672,5
39785710301,397,8571030,1
84552656246,845,5265624,6
45078844264,450,7884426,4
60964094484,609,6409448,4
72531118352,725,3111835,2
96409950851,964,0995085,1
20206254704,202,0625470,4
24199866975,241,9986697,5
13999567524,139,9956752,4
67850006025,678,5000602,5
52018901392,520,1890139,2
80583254974,805,8325497,4
69491314035,694,9131403,5
75196082054,751,9608205,4
51847554511,518,4755451,1
24869074680,248,6907468,0
17787454600,177,8745460,0
76545837311,765,4583731,1
27133551006,271,3355100,6
65117516290,651,1751629,0
65854101900,658,5410190,0
78505353395,785,0535339,5
82998409035,829,9840903,5
49160879280,491,6087928,0
95669247955,956,6924795,5
63388132014,633,8813201,4
87656924572,876,5692457,2
34089694190,340,8969419,0
55241656581,552,4165658,1
55778390041,557,7839004,1
59091193714,590,9119371,4
27932104704,279,3210470,4
96097695461,960,9769546,1
13891466636,138,9146663,6
61029481120,610,2948112,0
46390965924,463,9096592,4
78607056331,786,0705633,1
59510597910,595,1059791,0
86506181713,865,0618171,3
31093000345,310,9300034,5
41153546606,411,5354660,6
62352702594,623,5270259,4
81743891533,817,4389153,3
41733866595,417,3386659,5
53872909366,538,7290936,6
51546474441,515,4647444,1
51386737875,513,8673787,5
95629307172,956,2930717,2
53715589875,537,1558987,5
87943236313,879,4323631,3
34545607780,345,4560778,0
64232962402,642,3296240,2
79380916530,793,8091653,0
23918224932,239,1822493,2
66510708751,665,1070875,1
85646107943,856,4610794,3
45472771364,454,7277136,4
62570515093,625,7051509,3
94899822204,948,9982220,4
79971932911,799,7193291,1
64004496532,640,0449653,2
42474314671,424,7431467,1
28712396956,287,1239695,6
98771044212,987,7104421,2
81572264175,815,7226417,5
83354108095,833,5410809,5
46245734952,462,4573495,2
14576646720,145,7664672,0
23569978071,235,6997807,1
95752384134,957,5238413,4
85556533040,855,5653304,0
47644204546,476,4420454,6
82558817676,825,5881767,6
60270585632,602,7058563,2
21311740235,213,1174023,5
68662419212,686,6241921,2
10582481234,105,8248123,4
95296009943,952,9600994,3
29090216874,290,9021687,4
48931027565,489,3102756,5
98383441041,983,8344104,1
24706550975,247,0655097,5
99144250052,991,4425005,2
16073943913,160,7394391,3
91698599850,916,9859985,0
20503322531,205,0332253,1
32595576890,325,9557689,0
26776684850,267,7668485,0
23203083790,232,0308379,0
74374389425,743,7438942,5
57193443983,571,9344398,3
85085807070,850,8580707,0
72750104462,727,5010446,2
57091318891,570,9131889,1
66914229624,669,1422962,4
83829287576,838,2928757,6
72630545811,726,3054581,1
99939109305,999,3910930,5
43428234015,434,2823401,5
49609768512,496,0976851,2
23030915722,230,3091572,2
70480216861,704,8021686,1
26666475651,266,6647565,1
24665286382,246,6528638,2
33009889705,330,0988970,5
19150304443,191,5030444,3
49879343821,498,7934382,1
59681956910,596,8195691,0
27073568622,270,7356862,2
72816903455,728,1690345,5
30883124142,308,8312414,2
42714836563,427,1483656,3
22638307815,226,3830781,5
72117087421,721,1708742,1
67172898752,671,7289875,2
63771644515,637,7164451,5
92914902554,929,1490255,4
16617526122,166,1752612,2
37317597251,373,1759725,1
25457949003,254,5794900,3
12116680753,121,1668075,3
55094039601,550,9403960,1
52910161445,529,1016144,5
85147402001,851,4740200,1
57406194666,574,0619466,6
54307780420,543,0778042,0
61548103941,615,4810394,1
67906589224,679,0658922,4
33254633046,332,5463304,6
37359621565,373,5962156,5
60386867055,603,8686705,5
68024681444,680,2468144,4
41985692764,419,8569276,4
31228029383,312,2802938,3
94233154476,942,3315447,6
59869993576,598,6999357,6
83814773843,838,1477384,3
10926260424,109,2626042,4
37064717220,370,6471722,0
49162459911,491,6245991,1
31684734716,316,8473471,6
54316827111,543,1682711,1
53766011200,537,6601120,0
69065744024,690,6574402,4
26978471890,269,7847189,0
42217868275,422,1786827,5
77383010006,773,8301000,6
58882872083,588,8287208,3
24658612415,246,5861241,5
47266127116,472,6612711,6
68400429571,684,0042957,1
14376767391,143,7676739,1
21816787632,218,1678763,2
92245155126,922,4515512,6
83551171742,835,5117174,2
83411783745,834,1178374,5
35244309635,352,4430963,5
34106876755,341,0687675,5
83832262882,838,3226288,2
82679489060,826,7948906,0
46728267760,467,2826776,0
81932027301,819,3202730,1
21268318576,212,6831857,6
78429979104,784,2997910,4
84297603042,842,9760304,2
31456051205,314,5605120,5
32745503393,327,4550339,3
42941435981,429,4143598,1
78606141623,786,0614162,3
52989867386,529,8986738,6
24543720235,245,4372023,5
84737437724,847,3743772,4
53218292682,532,1829268,2
20042000045,200,4200004,5
20670502003,206,7050200,3
66443298846,664,4329884,6
78333906443,783,3390644,3
79431476846,794,3147684,6
15424301471,154,2430147,1
93869359862,938,6935986,2
10167301036,101,6730103,6
21679053726,216,7905372,6
11966398334,119,6639833,4
49040626016,490,4062601,6
90240201040,902,4020104,0
60789963951,607,8996395,1
85989706654,859,8970665,4
51395773911,513,9577391,1
62377402455,623,7740245,5
29519135024,295,1913502,4
86554447621,865,5444762,1
61651029213,616,5102921,3
91226950920,912,2695092,0
70297518280,702,9751828,0
35861550763,358,6155076,3
93355187834,933,5518783,4
57987005115,579,8700511,5
51882136153,518,8213615,3
43863669090,438,6366909,0
90512192812,905,1219281,2
58590790602,585,9079060,2
32103920265,321,0392026,5
95591912661,955,9191266,1
59271745763,592,7174576,3
53335668806,533,3566880,6
94300055495,943,0005549,5
89397382655,893,9738265,5
28782230741,287,8223074,1
98383233696,983,8323369,6
46464803363,464,6480336,3
23510394140,235,1039414,0
71700013483,717,0001348,3
95306189581,953,0618958,1
53199941773,531,9994177,3
16007508143,160,0750814,3
52238215813,522,3821581,3
60899759396,608,9975939,6
81956064386,819,5606438,6
57893282433,578,9328243,3
50410725902,504,1072590,2
92401631855,924,0163185,5
92062770776,920,6277077,6
51753402482,517,5340248,2
23116456745,231,1645674,5
10241267244,102,4126724,4
19100236714,191,0023671,4
11726583070,117,2658307,0
68060756615,680,6075661,5
98696009243,986,9600924,3
65621474276,656,2147427,6
19970831865,199,7083186,5
75276919364,752,7691936,4
76152816080,761,5281608,0
83979469081,839,7946908,1
64544440582,645,4444058,2
94180231194,941,8023119,4
14558154181,145,5815418,1
96276214614,962,7621461,4
22710564595,227,1056459,5
80494886362,804,9488636,2
14075801996,140,7580199,6
66494066765,664,9406676,5
69796534794,697,9653479,4
64566587076,645,6658707,6
78537466484,785,3746648,4
81464406540,814,6440654,0
47810470311,478,1047031,1
79162264692,791,6226469,2
27855146781,278,5514678,1
11160131744,111,6013174,4
17060369706,170,6036970,6
42281459784,422,8145978,4
51337052356,513,3705235,6
13407258922,134,0725892,2
18322574342,183,2257434,2
64473052092,644,7305209,2
57981475665,579,8147566,5
13213860760,132,1386076,0
58712712326,587,1271232,6
14788268010,147,8826801,0
63375155880,633,7515588,0
27689997084,276,8999708,4
27455721746,274,5572174,6
47342276113,473,4227611,3
68556685840,685,5668584,0
32010253452,320,1025345,2
98073093862,980,7309386,2
90209627484,902,0962748,4
78966103111,789,6610311,1
14218554556,142,1855455,6
90096183630,900,9618363,0
94344856471,943,4485647,1
85407545206,854,0754520,6
35044635216,350,4463521,6
15622319130,156,2231913,0
53217428232,532,1742823,2
49792788865,497,9278886,5
65442605496,654,4260549,6
40450195280,404,5019528,0
33022663322,330,2266332,2
49220114025,492,2011402,5
52031018245,520,3101824,5
85876091065,858,7609106,5
52002125320,520,0212532,0
14509391613,145,0939161,3
96815939874,968,1593987,4
87672569866,876,7256986,6
87010707253,870,1070725,3
58517781682,585,1778168,2
91585543674,915,8554367,4
56436903793,564,3690379,3
29217948640,292,1794864,0
31015276676,310,1527667,6
86603359192,866,0335919,2
19602801591,196,0280159,1
77513701154,775,1370115,4
87534248256,875,3424825,6
19428922136,194,2892213,6
45100566161,451,0056616,1
90198333684,901,9833368,4
67987778775,679,8777877,5
95671559132,956,7155913,2
97254803014,972,5480301,4
77724125694,777,2412569,4
72366595032,723,6659503,2
43822205644,438,2220564,4
87420315483,874,2031548,3
99695133240,996,9513324,0
14204876163,142,0487616,3
85532293122,855,3229312,2
26061944312,260,6194431,2
86712852535,867,1285253,5
40471972776,404,7197277,6
79239355574,792,3935557,4
76047123580,760,4712358,0
43262023355,432,6202335,5
31209441735,312,0944173,5
80880043866,808,8004386,6
82970588671,829,7058867,1
15791174401,157,9117440,1
83830321501,838,3032150,1
20948387035,209,4838703,5
75830840982,758,3084098,2
78381587651,783,8158765,1
45162663480,451,6266348,0
65943965591,659,4396559,1
18958995312,189,5899531,2
15666041913,156,6604191,3
49724351906,497,2435190,6
89429556340,894,2955634,0
30134534361,301,3453436,1
23199213893,231,9921389,3
33419828480,334,1982848,0
26612294426,266,1229442,6
60524814730,605,2481473,0
50492994473,504,9299447,3
87289744436,872,8974443,6
92949470276,929,4947027,6
25132818812,251,3281881,2
14496987511,144,9698751,1
36881067996,368,8106799,6
83969612330,839,6961233,0
61070533845,610,7053384,5
17508935204,175,0893520,4
55714352550,557,1435255,0
21025857710,210,2585771,0
92553513806,925,5351380,6
42405705500,424,0570550,0
14013962134,140,1396213,4
91689710474,916,8971047,4
36739291071,367,3929107,1
58363967246,583,6396724,6
27328593113,273,2859311,3
28976508740,289,7650874,0
73651101701,736,5110170,1
28983287580,289,8328758,0
11918570284,119,1857028,4
86707020310,867,0702031,0
56001582481,560,0158248,1
79892423064,798,9242306,4
39328926354,393,2892635,4
58931431220,589,3143122,0
84053472515,840,5347251,5
63067497051,630,6749705,1
36445964114,364,4596411,4
66980992682,669,8099268,2
45414954540,454,1495454,0
83751020344,837,5102034,4
91623177560,916,2317756,0
46056859892,460,5685989,2
61150361970,611,5036197,0
59575720255,595,7572025,5
35746029982,357,4602998,2
77508566803,775,0856680,3
30577372075,305,7737207,5
53505039520,535,0503952,0
55207292726,552,0729272,6
81151252186,811,5125218,6
67736028591,677,3602859,1
40205984602,402,0598460,2
60609969452,606,0996945,2
72665728023,726,6572802,3
84583831142,845,8383114,2
66759673671,667,5967367,1
13876071091,138,7607109,1
40111835923,401,1183592,3
54663883150,546,6388315,0
90244825183,902,4482518,3
29601150392,296,0115039,2
47634960670,476,3496067,0
88423407871,884,2340787,1
60913551141,609,1355114,1
90713023391,907,1302339,1
98866544321,988,6654432,1
93996795920,939,9679592,0
87669982044,876,6998204,4
89579657341,895,7965734,1
96139189373,961,3918937,3
49174629614,491,7462961,4
47868892441,478,6889244,1
65716548632,657,1654863,2
31667275346,316,6727534,6
12917882342,129,1788234,2
63143263640,631,4326364,0
67027018364,670,2701836,4
88486444722,884,8644472,2
95142599272,951,4259927,2
59727002864,597,2700286,4
33266366713,332,6636671,3
67171840904,671,7184090,4
29712922720,297,1292272,0
13436911744,134,3691174,4
23887775492,238,8777549,2
37483620933,374,8362093,3
77554585704,775,5458570,4
41190856150,411,9085615,0
60676943362,606,7694336,2
33998073981,339,9807398,1
43654490062,436,5449006,2
54455344761,544,5534476,1
57276626446,572,7662644,6
20016605970,200,1660597,0
58926511764,589,2651176,4
34071432216,340,7143221,6
55342043025,553,4204302,5
23178647434,231,7864743,4
23459113475,234,5911347,5
25495895123,254,9589512,3
84544794122,845,4479412,2
95600847710,956,0084771,0
42352145295,423,5214529,5
20751735921,207,5173592,1
60037884350,600,3788435,0
17135658535,171,3565853,5
93550618713,935,5061871,3
51569809093,515,6980909,3
96415292744,964,1529274,4
40236383586,402,3638358,6
92327568785,923,2756878,5
99932418186,999,3241818,6
67760559102,677,6055910,2
38484846925,384,8484692,5
69881055352,698,8105535,2
25943320261,259,4332026,1
21709964913,217,0996491,3
90611412682,906,1141268,2
27281170103,272,8117010,3
78997569396,789,9756939,6
63002149536,630,0214953,6
56704899375,567,0489937,5
72400660744,724,0066074,4
13819268250,138,1926825,0
55943752901,559,4375290,1
51599045120,515,9904512,0
83638849254,836,3884925,4
22590851851,225,9085185,1
37919829203,379,1982920,3
98629104226,986,2910422,6
63350124573,633,5012457,3
80417485936,804,1748593,6
75397271716,753,9727171,6
63045120685,630,4512068,5
36143319633,361,4331963,3
43417115091,434,1711509,1
99627094940,996,2709494,0
70238905844,702,3890584,4
50749739184,507,4973918,4
10994834484,109,9483448,4
61739936130,617,3993613,0
28466660590,284,6666059,0
88558636550,885,5863655,0
55661672200,556,6167220,0
11781331214,117,8133121,4
17723505955,177,2350595,5
91498965186,914,9896518,6
21892040936,218,9204093,6
91310801882,913,1080188,2
62622245631,626,2224563,1
38648027604,386,4802760,4
35025567735,350,2556773,5
17071304155,170,7130415,5
26087417453,260,8741745,3
40243370804,402,4337080,4
84629119405,846,2911940,5
21829534302,218,2953430,2
14377067192,143,7706719,2
57044942146,570,4494214,6
50351313291,503,5131329,1
91120841443,911,2084144,3
50759930642,507,5993064,2
49512452453,495,1245245,3
58250050055,582,5005005,5
91314350333,913,1435033,3
41755678351,417,5567835,1
22942762115,229,4276211,5
24208110393,242,0811039,3
53110543492,531,1054349,2
15680879692,156,8087969,2
44920709322,449,2070932,2
81749226766,817,4922676,6
44528240673,445,2824067,3
30252575011,302,5257501,1
16990048216,169,9004821,6
34136183904,341,3618390,4
96874866546,968,7486654,6
48659069493,486,5906949,3
28102675326,281,0267532,6
60449513590,604,4951359,0
96604678166,966,0467816,6
51295317750,512,9531775,0
93522383760,935,2238376,0
79733980723,797,3398072,3
67026958845,670,2695884,5
39420812621,394,2081262,1
75484991814,754,8499181,4
66032478670,660,3247867,0
16697547296,166,9754729,6
46471361823,464,7136182,3
41735068242,417,3506824,2
89544027571,895,4402757,1
77320919872,773,2091987,2
63360876622,633,6087662,2
64878015745,648,7801574,5
54168462286,541,6846228,6
28683370300,286,8337030,0
72882555023,728,8255502,3
48075722630,480,7572263,0
59623900264,596,2390026,4
25256570065,252,5657006,5
20335673304,203,3567330,4
76303874605,763,0387460,5
51559379425,515,5937942,5
62254012716,622,5401271,6
53622087832,536,2208783,2
73289618625,732,8961862,5
82227464031,822,2746403,1
43492171130,434,9217113,0
89839869763,898,3986976,3
28180722775,281,8072277,5
46016655792,460,1665579,2
64225322056,642,2532205,6
47687318024,476,8731802,4
38422789936,384,2278993,6
20377945641,203,7794564,1
85676632363,856,7663236,3
47620803040,476,2080304,0
16505432933,165,0543293,3
40473468242,404,7346824,2
46396603692,463,9660369,2
60718366955,607,1836695,5
37451558054,374,5155805,4
69603327741,696,0332774,1
80799802652,807,9980265,2
20581286525,205,8128652,5
59367384152,593,6738415,2
39452762174,394,5276217,4
40722124860,407,2212486,0
90368718411,903,6871841,1
37617656026,376,1765602,6
89572748761,895,7274876,1
31069317886,310,6931788,6
26960668752,269,6066875,2
17607092472,176,0709247,2
47489658545,474,8965854,5
42600565931,426,0056593,1
53768279092,537,6827909,2
27832621575,278,3262157,5
33566908095,335,6690809,5
40820752000,408,2075200,0
54198862182,541,9886218,2
29192173565,291,9217356,5
83829341892,838,2934189,2
66892042606,668,9204260,6
13698614881,136,9861488,1
90708111423,907,0811142,3
70823445310,708,2344531,0
85417343590,854,1734359,0
47190802424,471,9080242,4
46629163373,466,2916337,3
74981472991,749,8147299,1
21233235886,212,3323588,6
63212776841,632,1277684,1
10370896005,103,7089600,5
24564799955,245,6479995,5
95597762801,955,9776280,1
13603815322,136,0381532,2
78350506586,783,5050658,6
75861637874,758,6163787,4
62535400234,625,3540023,4
66472630954,664,7263095,4
59265756980,592,6575698,0
53870177512,538,7017751,2
80089771046,800,8977104,6
83587635544,835,8763554,4
95146610641,951,4661064,1
22840595121,228,4059512,1
69809957913,698,0995791,3
91698052935,916,9805293,5
17628739534,176,2873953,4
43186534793,431,8653479,3
69518280625,695,1828062,5
80243767371,802,4376737,1
50791785114,507,9178511,4
88804848295,888,0484829,5
54133273975,541,3327397,5
20379666735,203,7966673,5
52479986922,524,7998692,2
80517265463,805,1726546,3
15876891975,158,7689197,5
41836042562,418,3604256,2
34916013630,349,1601363,0
34980282780,349,8028278,0
19713125242,197,1312524,2
60792372923,607,9237292,3
21866978596,218,6697859,6
14368278572,143,6827857,2
23232331051,232,3233105,1
38944925733,389,4492573,3
91377869436,913,7786943,6
28835247036,288,3524703,6
66618311240,666,1831124,0
33737597054,337,3759705,4
48684664491,486,8466449,1
32924930555,329,2493055,5
52433043475,524,3304347,5
42193328843,421,9332884,3
22298968035,222,9896803,5
26704430455,267,0443045,5
84440459490,844,4045949,0
24703930093,247,0393009,3
87901902172,879,0190217,2
27894667420,278,9466742,0
90984244906,909,8424490,6
92994013705,929,9401370,5
80321186834,803,2118683,4
12500700360,125,0070036,0
68643602421,686,4360242,1
48665417281,486,6541728,1
60365203784,603,6520378,4
54858647830,548,5864783,0
70582530841,705,8253084,1
88063178002,880,6317800,2
79393958584,793,9395858,4
24908283162,249,0828316,2
47755989942,477,5598994,2
52024683251,520,2468325,1
81897890625,818,9789062,5
94604858185,946,0485818,5
92500272831,925,0027283,1
25098836171,250,9883617,1
70171040594,701,7104059,4
85908649804,859,0864980,4
16701924061,167,0192406,1
71570414902,715,7041490,2
90255323380,902,5532338,0
67735011286,677,3501128,6
34762031824,347,6203182,4
37570085791,375,7008579,1
12728025455,127,2802545,5
93819458221,938,1945822,1
48379028993,483,7902899,3
65497053575,654,9705357,5
42621070362,426,2107036,2
15404661211,154,0466121,1
22932642496,229,3264249,6
84005341065,840,0534106,5
51684300490,516,8430049,0
82909471235,829,0947123,5
82972005536,829,7200553,6
42584309404,425,8430940,4
29983936653,299,8393665,3
76760636654,767,6063665,4
91555730040,915,5573004,0
99434031862,994,3403186,2
14205453883,142,0545388,3
34825252010,348,2525201,0
44477648220,444,7764822,0
39714490691,397,1449069,1
94282794491,942,8279449,1
52219223650,522,1922365,0
39920729723,399,2072972,3
58480398792,584,8039879,2
95540608561,955,4060856,1
13672951035,136,7295103,5
46212469890,462,1246989,0
76336134581,763,3613458,1
27808329821,278,0832982,1
62059929041,620,5992904,1
77826431636,778,2643163,6
31254547445,312,5454744,5
80555038591,805,5503859,1
29728128303,297,2812830,3
61810956826,618,1095682,6
35155688900,351,5568890,0
95682673360,956,8267336,0
31985304856,319,8530485,6
31604930383,316,0493038,3
59201498375,592,0149837,5
24241352644,242,4135264,4
60481885592,604,8188559,2
51265963364,512,6596336,4
82718569553,827,1856955,3
58114353475,581,1435347,5
61185072971,611,8507297,1
99331580454,993,3158045,4
90862176970,908,6217697,0
95736047851,957,3604785,1
96514420770,965,1442077,0
96738981984,967,3898198,4
62130872670,621,3087267,0
26305741703,263,0574170,3
27616793515,276,1679351,5
90677364411,906,7736441,1
74632627803,746,3262780,3
28056461782,280,5646178,2
84027209095,840,2720909,5
16360231954,163,6023195,4
66623041394,666,2304139,4
14276225331,142,7622533,1
64682964106,646,8296410,6
65004828524,650,0482852,4
25206034955,252,0603495,5
85869155771,858,6915577,1
23104848954,231,0484895,4
90527345762,905,2734576,2
21202392224,212,0239222,4
20987107981,209,8710798,1
66404455735,664,0445573,5
45066936083,450,6693608,3
28079529184,280,7952918,4
60598305046,605,9830504,6
22402426060,224,0242606,0
95869564535,958,6956453,5
49903896051,499,0389605,1
49289374082,492,8937408,2
96595676143,965,9567614,3
57385065796,573,8506579,6
72234388901,722,3438890,1
67301768685,673,0176868,5
50984247780,509,8424778,0
61038664212,610,3866421,2
11692251663,116,9225166,3
57502109844,575,0210984,4
39409308481,394,0930848,1
61723140856,617,2314085,6
93936849213,939,3684921,3
11927367941,119,2736794,1
61221583923,612,2158392,3
13847947970,138,4794797,0
39810176243,398,1017624,3
81847979015,818,4797901,5
67971845364,679,7184536,4
53624160533,536,2416053,3
22418961034,224,1896103,4
21242852464,212,4285246,4
68884665955,688,8466595,5
21155318045,211,5531804,5
45984856434,459,8485643,4
65412336810,654,1233681,0
83761094666,837,6109466,6
17394121816,173,9412181,6
87994663322,879,9466332,2
43294320652,432,9432065,2
86382978140,863,8297814,0
47472540514,474,7254051,4
26615370883,266,1537088,3
30473792290,304,7379229,0
88705122931,887,0512293,1
91150873995,911,5087399,5
82912037892,829,1203789,2
87741809944,877,4180994,4
82061325564,820,6132556,4
42953390204,429,5339020,4
93602454374,936,0245437,4
67270053230,672,7005323,0
62883750300,628,8375030,0
51764278481,517,6427848,1
92882813334,928,8281333,4
90718476700,907,1847670,0
50046461275,500,4646127,5
91101971942,911,0197194,2
27240923665,272,4092366,5
77201356170,772,0135617,0
69837604366,698,3760436,6
28439908403,284,3990840,3
66074300311,660,7430031,1
93478205961,934,7820596,1
23160846446,231,6084644,6
39610607901,396,1060790,1
10473110563,104,7311056,3
86078471542,860,7847154,2
68435845993,684,3584599,3
17113341332,171,1334133,2
50323922306,503,2392230,6
78495137880,784,9513788,0
15529384776,155,2938477,6
48282024040,482,8202404,0
43182936363,431,8293636,3
75483222401,754,8322240,1
60330404742,603,3040474,2
33742916495,337,4291649,5
72513633970,725,1363397,0
99472791144,994,7279114,4
32089743245,320,8974324,5
99487003246,994,8700324,6
20231541294,202,3154129,4
52372284154,523,7228415,4
42431634276,424,3163427,6
11268823752,112,6882375,2
17022521903,170,2252190,3
43915861251,439,1586125,1
28584102663,285,8410266,3
27142745520,271,4274552,0
66405297891,664,0529789,1
82803429173,828,0342917,3
54877834983,548,7783498,3
37476271295,374,7627129,5
92840208980,928,4020898,0
76310795003,763,1079500,3
33694886482,336,9488648,2
45744420545,457,4442054,5
80834440461,808,3444046,1
39525591340,395,2559134,0
58088136853,580,8813685,3
36166556030,361,6655603,0
11222647590,112,2264759,0
56142609102,561,4260910,2
45169303476,451,6930347,6
62086658056,620,8665805,6
79998167744,799,9816774,4
55114580953,551,1458095,3
99932513936,999,3251393,6
29338885006,293,3888500,6
27337144902,273,3714490,2
64315415174,643,1541517,4
98601927850,986,0192785,0
62322746716,623,2274671,6
38581058942,385,8105894,2
18912643052,189,1264305,2
83182003980,831,8200398,0
55324140252,553,2414025,2
18772159112,187,7215911,2
43638600323,436,3860032,3
23051314242,230,5131424,2
49331385136,493,3138513,6
19355732554,193,5573255,4
50431593975,504,3159397,5
13585546825,135,8554682,5
45215217496,452,1521749,6
33433281682,334,3328168,2
49529421540,495,2942154,0
86660989756,866,6098975,6
66982750655,669,8275065,5
33244609711,332,4460971,1
68186710620,681,8671062,0
80942475462,809,4247546,2
27002069272,270,0206927,2
70468293734,704,6829373,4
58130147116,581,3014711,6
79951138880,799,5113888,0
83205928780,832,0592878,0
51018937036,510,1893703,6
72490874085,724,9087408,5
25856591604,258,5659160,4
91592492350,915,9249235,0
55315026674,553,1502667,4
20904852016,209,0485201,6
41394346116,413,9434611,6
26783275300,267,8327530,0
44802462342,448,0246234,2
88038482142,880,3848214,2
64394093612,643,9409361,2
54400043290,544,0004329,0
80486242155,804,8624215,5
66240022692,662,4002269,2
16892740385,168,9274038,5
16612854131,166,1285413,1
12781201483,127,8120148,3
26560748424,265,6074842,4
42880488884,428,8048888,4
42935561894,429,3556189,4
66488520826,664,8852082,6
98968191883,989,6819188,3
99247447205,992,4744720,5
90073958160,900,7395816,0
63570930922,635,7093092,2
65678739151,656,7873915,1
89529338750,895,2933875,0
92490199490,924,9019949,0
67906837571,679,0683757,1
68785302910,687,8530291,0
79777127163,797,7712716,3
61411415970,614,1141597,0
70646669610,706,4666961,0
54082346513,540,8234651,3
34735727632,347,3572763,2
99391890100,993,9189010,0
46202618504,462,0261850,4
21703624922,217,0362492,2
39145039802,391,4503980,2
79760960685,797,6096068,5
71170161660,711,7016166,0
60880391382,608,8039138,2
45396909771,453,9690977,1
54704058924,547,0405892,4
43519389016,435,1938901,6
99971412755,999,7141275,5
30215639323,302,1563932,3
12128719145,121,2871914,5
96815497981,968,1549798,1
95679626446,956,7962644,6
76636033175,766,3603317,5
89770300882,897,7030088,2
70073398791,700,7339879,1
47181774351,471,8177435,1
48838083776,488,3808377,6
19109706545,191,0970654,5
74095039460,740,9503946,0
75033577262,750,3357726,2
25446934626,254,4693462,6
12955262093,129,5526209,3
58825124313,588,2512431,3
51994632722,519,9463272,2
47978887882,479,7888788,2
99499832840,994,9983284,0
80617695894,806,1769589,4
46497014465,464,9701446,5
98339356053,983,3935605,3
34838117935,348,3811793,5
39619832805,396,1983280,5
11211893675,112,1189367,5
21624841575,216,2484157,5
82011595830,820,1159583,0
84778291593,847,7829159,3
90372994811,903,7299481,1
59049113860,590,4911386,0
80734274806,807,3427480,6
29300686681,293,0068668,1
80600674032,806,0067403,2
37755835484,377,5583548,4
69057715652,690,5771565,2
20612188283,206,1218828,3
96252573353,962,5257335,3
49978414591,499,7841459,1
48351703516,483,5170351,6
48173719860,481,7371986,0
22271671660,222,7167166,0
61874158820,618,7415882,0
80213674290,802,1367429,0
39863742620,398,6374262,0
87708054064,877,0805406,4
59334219911,593,3421991,1
20944747231,209,4474723,1
90267380766,902,6738076,6
33328324575,333,2832457,5
15876653562,158,7665356,2
42991746100,429,9174610,0
27882220424,278,8222042,4
79601334082,796,0133408,2
72459072896,724,5907289,6
31295978800,312,9597880,0
53602348405,536,0234840,5
63165535083,631,6553508,3
39918464361,399,1846436,1
80909946082,809,0994608,2
32273980562,322,7398056,2
83308007446,833,0800744,6
59291418803,592,9141880,3
41359919834,413,5991983,4
64861936452,648,6193645,2
93139589273,931,3958927,3
54375637201,543,7563720,1
53047513880,530,4751388,0
28353064391,283,5306439,1
30970256034,309,7025603,4
90856248500,908,5624850,0
99527244994,995,2724499,4
53467096535,534,6709653,5
55030450893,550,3045089,3
84945868254,849,4586825,4
45695033816,456,9503381,6
35488121554,354,8812155,4
71340626045,713,4062604,5
42979620381,429,7962038,1
45876708426,458,7670842,6
54136067420,541,3606742,0
59026745360,590,2674536,0
72255573010,722,5557301,0
29665578631,296,6557863,1
20960581761,209,6058176,1
92545227490,925,4522749,0
20445813126,204,4581312,6
15813001154,158,1300115,4
88969986904,889,6998690,4
16880433574,168,8043357,4
40063117914,400,6311791,4
72012299061,720,1229906,1
86205257606,862,0525760,6
28483720074,284,8372007,4
96469294913,964,6929491,3
47810763406,478,1076340,6
65041899964,650,4189996,4
92597984355,925,9798435,5
39047537815,390,4753781,5
90374395855,903,7439585,5
11341763340,113,4176334,0
55732885603,557,3288560,3
55982798941,559,8279894,1
79359188462,793,5918846,2
31221277525,312,2127752,5
96207281571,962,0728157,1
31738359775,317,3835977,5
36072121093,360,7212109,3
32334626653,323,3462665,3
88266770896,882,6677089,6
57330639740,573,3063974,0
70876810004,708,7681000,4
23856485830,238,5648583,0
48306504484,483,0650448,4
55441471534,554,4147153,4
42036176485,420,3617648,5
14838387461,148,3838746,1
57818939982,578,1893998,2
12891372434,128,9137243,4
20628082634,206,2808263,4
73897326854,738,9732685,4
35319712662,353,1971266,2
22117164944,221,1716494,4
52098693750,520,9869375,0
95469389590,954,6938959,0
91627117035,916,2711703,5
97929183580,979,2918358,0
49794405961,497,9440596,1
13859847106,138,5984710,6
26521105264,265,2110526,4
69128881375,691,2888137,5
72881308755,728,8130875,5
82638720690,826,3872069,0
59428941176,594,2894117,6
35721221691,357,2122169,1
13697160811,136,9716081,1
23273989745,232,7398974,5
49434766850,494,3476685,0
97514971310,975,1497131,0
95034323042,950,3432304,2
99069257030,990,6925703,0
25625879110,256,2587911,0
61165855821,611,6585582,1
11037142271,110,3714227,1
57117515331,571,1751533,1
33747063256,337,4706325,6
63776767151,637,7676715,1
96401446051,964,0144605,1
49716331955,497,1633195,5
16183014390,161,8301439,0
25486556653,254,8655665,3
79362986696,793,6298669,6
61912384010,619,1238401,0
19243829554,192,4382955,4
28019021924,280,1902192,4
67978625346,679,7862534,6
28899696503,288,9969650,3
32489294915,324,8929491,5
44939781171,449,3978117,1
68784863501,687,8486350,1
42375176913,423,7517691,3
82362929622,823,6292962,2
62744274580,627,4427458,0
73572732954,735,7273295,4
61077032470,610,7703247,0
53587198691,535,8719869,1
88650511283,886,5051128,3
47793028002,477,9302800,2
37987884645,379,8788464,5
21810165356,218,1016535,6
95987533834,959,8753383,4
82352151933,823,5215193,3
69374728372,693,7472837,2
61500932132,615,0093213,2
82923419323,829,2341932,3
44127856066,441,2785606,6
27004130384,270,0413038,4
48062729090,480,6272909,0
84164090482,841,6409048,2
29466609452,294,6660945,2
89076946190,890,7694619,0
18047549781,180,4754978,1
21679659855,216,7965985,5
67446564260,674,4656426,0
58483117286,584,8311728,6
89393993121,893,9399312,1
86381034932,863,8103493,2
61883117962,618,8311796,2
92109736575,921,0973657,5
80670230620,806,7023062,0
28090071793,280,9007179,3
53441507922,534,4150792,2
58897259684,588,9725968,4
62410999061,624,1099906,1
64513298035,645,1329803,5
85985333472,859,8533347,2
67216056315,672,1605631,5
75118867146,751,1886714,6
77121698591,771,2169859,1
61904659644,619,0465964,4
70051901923,700,5190192,3
39991206773,399,9120677,3
59695346361,596,9534636,1
92934816732,929,3481673,2
91637067813,916,3706781,3
68652829795,686,5282979,5
93787550070,937,8755007,0
64970445464,649,7044546,4
28793985920,287,9398592,0
77973306782,779,7330678,2
30495379331,304,9537933,1
91374898462,913,7489846,2
81444646314,814,4464631,4
67573566190,675,7356619,0
52916553250,529,1655325,0
56297267002,562,9726700,2
48757884961,487,5788496,1
64449919332,644,4991933,2
37366926015,373,6692601,5
34213169401,342,1316940,1
34146921254,341,4692125,4
22007963581,220,0796358,1
17530332180,175,3033218,0
61521896741,615,2189674,1
62161500013,621,6150001,3
98251368435,982,5136843,5
61452624393,614,5262439,3
92524216596,925,2421659,6
92786651193,927,8665119,3
71898768332,718,9876833,2
95526748312,955,2674831,2
15007564102,150,0756410,2
77516975540,775,1697554,0
83061615961,830,6161596,1
77693290806,776,9329080,6
12449743754,124,4974375,4
28359970363,283,5997036,3
17167366030,171,6736603,0
57278607651,572,7860765,1
30857633420,308,5763342,0
13161458823,131,6145882,3
10937310125,109,3731012,5
46863207256,468,6320725,6
59350885241,593,5088524,1
45230240525,452,3024052,5
99133251213,991,3325121,3
96172663900,961,7266390,0
62874088556,628,7408855,6
87232581065,872,3258106,5
79355452905,793,5545290,5
40116045325,401,1604532,5
21017173904,210,1717390,4
80491806074,804,9180607,4
79017340812,790,1734081,2
13992258315,139,9225831,5
22691940354,226,9194035,4
73614641051,736,1464105,1
78113753504,781,1375350,4
73626031422,736,2603142,2
80554823183,805,5482318,3
71018628556,710,1862855,6
82348874456,823,4887445,6
19140995841,191,4099584,1
59169897236,591,6989723,6
28594122991,285,9412299,1
68434527605,684,3452760,5
24281598164,242,8159816,4
15680485531,156,8048553,1
45074396790,450,7439679,0
40243872112,402,4387211,2
47255145225,472,5514522,5
26798465006,267,9846500,6
94946768152,949,4676815,2
39690891236,396,9089123,6
26730487393,267,3048739,3
33877958826,338,7795882,6
99066460165,990,6646016,5
30898748916,308,9874891,6
69184778722,691,8477872,2
64068648914,640,6864891,4
79613167026,796,1316702,6
81688092614,816,8809261,4
40458207931,404,5820793,1
16750342110,167,5034211,0
50590611204,505,9061120,4
23489370075,234,8937007,5
90600118191,906,0011819,1
31515409403,315,1540940,3
47801289546,478,0128954,6
31301985635,313,0198563,5
83349156334,833,4915633,4
56512956980,565,1295698,0
24145910736,241,4591073,6
58121498113,581,2149811,3
23048195005,230,4819500,5
35173102360,351,7310236,0
18243814471,182,4381447,1
68434192035,684,3419203,5
52326415096,523,2641509,6
52404950391,524,0495039,1
27887501832,278,8750183,2
88602243470,886,0224347,0
44144644793,441,4464479,3
62722151055,627,2215105,5
60259326502,602,5932650,2
73473887016,734,7388701,6
98731262882,987,3126288,2
16136220853,161,3622085,3
83830702505,838,3070250,5
35694128701,356,9412870,1
27400767664,274,0076766,4
97989456575,979,8945657,5
45996974983,459,9697498,3
11335949886,113,3594988,6
19388925303,193,8892530,3
60678827623,606,7882762,3
83986138473,839,8613847,3
44607493791,446,0749379,1
96465847800,964,6584780,0
94009788880,940,0978888,0
96302098856,963,0209885,6
55606997692,556,0699769,2
82935778360,829,3577836,0
29719517200,297,1951720,0
67569508233,675,6950823,3
19272243441,192,7224344,1
49443594853,494,4359485,3
59132979146,591,3297914,6
93018864961,930,1886496,1
75367324845,753,6732484,5
43408596572,434,0859657,2
30288603190,302,8860319,0
64990215016,649,9021501,6
15383869073,153,8386907,3
18233210064,182,3321006,4
52088634933,520,8863493,3
65794934955,657,9493495,5
13781571595,137,8157159,5
96027561226,960,2756122,6
24529886503,245,2988650,3
32164115652,321,6411565,2
19129132732,191,2913273,2
69041010105,690,4101010,5
64070626190,640,7062619,0
46710648705,467,1064870,5
23417026770,234,1702677,0
93277917744,932,7791774,4
55376949485,553,7694948,5
83607790214,836,0779021,4
66451796033,664,5179603,3
27732705834,277,3270583,4
19801326665,198,0132666,5
47561386812,475,6138681,2
74890389631,748,9038963,1
95976105456,959,7610545,6
14781348936,147,8134893,6
79024318390,790,2431839,0
26003106225,260,0310622,5
58130835755,581,3083575,5
44998684495,449,9868449,5
10767752894,107,6775289,4
59640666586,596,4066658,6
95598803131,955,9880313,1
12883768281,128,8376828,1
61657698383,616,5769838,3
31508619156,315,0861915,6
30308539335,303,0853933,5
22003438572,220,0343857,2
78237115685,782,3711568,5
10946965430,109,4696543,0
58277026421,582,7702642,1
85248154901,852,4815490,1
49841003151,498,4100315,1
84096476145,840,9647614,5
23874652450,238,7465245,0
43887440550,438,8744055,0
83464287743,834,6428774,3
40410767111,404,1076711,1
61909369765,619,0936976,5
70473336982,704,7333698,2
51061896505,510,6189650,5
90482410225,904,8241022,5
37142763522,371,4276352,2
57849173675,578,4917367,5
17649745295,176,4974529,5
89161622920,891,6162292,0
26845085493,268,4508549,3
41370954045,413,7095404,5
98388968005,983,8896800,5
19584632695,195,8463269,5
34123163692,341,2316369,2
20786469753,207,8646975,3
61338192383,613,3819238,3
58593528865,585,9352886,5
81606437944,816,0643794,4
45223007391,452,2300739,1
49213135662,492,1313566,2
39492909464,394,9290946,4
28782363353,287,8236335,3
85306199694,853,0619969,4
93447413574,934,4741357,4
40735237362,407,3523736,2
53081463393,530,8146339,3
27740052254,277,4005225,4
90753209232,907,5320923,2
15345352292,153,4535229,2
96643849902,966,4384990,2
23338964866,233,3896486,6
30169153041,301,6915304,1
40141793991,401,4179399,1
98140552376,981,4055237,6
14285255640,142,8525564,0
67018152933,670,1815293,3
38396200000,383,9620000,0
86685412574,866,8541257,4
77808861382,778,0886138,2
18010721900,180,1072190,0
50941840151,509,4184015,1
34510268403,345,1026840,3
90620395186,906,2039518,6
85015741220,850,1574122,0
87577110033,875,7711003,3
81332934170,813,3293417,0
71049915934,710,4991593,4
78791372873,787,9137287,3
73677750496,736,7775049,6
18573385730,185,7338573,0
82071671871,820,7167187,1
42440746102,424,4074610,2
52878182063,528,7818206,3
45892242604,458,9224260,4
67097267122,670,9726712,2
31066970290,310,6697029,0
68826830676,688,2683067,6
10262864031,102,6286403,1
19780129244,197,8012924,4
23259460375,232,5946037,5
27374895212,273,7489521,2
65074292590,650,7429259,0
53210069414,532,1006941,4
77398821361,773,9882136,1
68753659021,687,5365902,1
19980706894,199,8070689,4
41824254685,418,2425468,5
10536886260,105,3688626,0
96477111771,964,7711177,1
63062256704,630,6225670,4
99640946510,996,4094651,0
78525710451,785,2571045,1
48800070000,488,0007000,0
46047763194,460,4776319,4
46589935035,465,8993503,5
33079012524,330,7901252,4
17096771644,170,9677164,4
96275489772,962,7548977,2
81224430371,812,2443037,1
38815831473,388,1583147,3
85492944001,854,9294400,1
87378231665,873,7823166,5
43888167333,438,8816733,3
76900273003,769,0027300,3
54658639783,546,5863978,3
31317270553,313,1727055,3
95158619705,951,5861970,5
81050666484,810,5066648,4
78168906422,781,6890642,2
44067758041,440,6775804,1
86869360672,868,6936067,2
40739185922,407,3918592,2
91109417596,911,0941759,6
14676088606,146,7608860,6
70366394804,703,6639480,4
69960620231,699,6062023,1
22646664676,226,4666467,6
96438605612,964,3860561,2
76535160182,765,3516018,2
99629857602,996,2985760,2
21462170866,214,6217086,6
25912503493,259,1250349,3
16398511205,163,9851120,5
87435446900,874,3544690,0
90170438294,901,7043829,4
82246781946,822,4678194,6
76955706982,769,5570698,2
60362563596,603,6256359,6
95461463386,954,6146338,6
27983650872,279,8365087,2
45688227436,456,8822743,6
98382802936,983,8280293,6
61354987531,613,5498753,1
14816572841,148,1657284,1
34109589344,341,0958934,4
79930808081,799,3080808,1
86511911481,865,1191148,1
58739876775,587,3987677,5
43441005231,434,4100523,1
40719703500,407,1970350,0
18982095272,189,8209527,2
70975146584,709,7514658,4
49135511616,491,3551161,6
51353264621,513,5326462,1
40616351524,406,1635152,4
90194783046,901,9478304,6
44681053955,446,8105395,5
72394432906,723,9443290,6
55778084000,557,7808400,0
20107564752,201,0756475,2
58987536252,589,8753625,2
91088819172,910,8881917,2
33818274236,338,1827423,6
75472088995,754,7208899,5
30085440914,300,8544091,4
82180256706,821,8025670,6
23030886044,230,3088604,4
12682474011,126,8247401,1
55745327745,557,4532774,5
32167471860,321,6747186,0
41133132203,411,3313220,3
12199665414,121,9966541,4
20832353400,208,3235340,0
63738697326,637,3869732,6
28270120913,282,7012091,3
85104421773,851,0442177,3
73182451950,731,8245195,0
12578792745,125,7879274,5
34763774236,347,6377423,6
73402716596,734,0271659,6
21390744806,213,9074480,6
48443045192,484,4304519,2
99825884982,998,2588498,2
29367532351,293,6753235,1
31272908726,312,7290872,6
67067316016,670,6731601,6
11755627640,117,5562764,0
63979874941,639,7987494,1
97308584743,973,0858474,3
63053086064,630,5308606,4
65047800322,650,4780032,2
13083743710,130,8374371,0
15353458702,153,5345870,2
64565997820,645,6599782,0
76878273756,768,7827375,6
49686759690,496,8675969,0
84679272093,846,7927209,3
26432860800,264,3286080,0
70678709646,706,7870964,6
12084167561,120,8416756,1
90060664882,900,6066488,2
81333258180,813,3325818,0
26307008203,263,0700820,3
16688975034,166,8897503,4
40358684313,403,5868431,3
36639297290,366,3929729,0
87636937880,876,3693788,0
17465581466,174,6558146,6
77260424662,772,6042466,2
32865754991,328,6575499,1
15059301764,150,5930176,4
29245880320,292,4588032,0
38040187001,380,4018700,1
39401648261,394,0164826,1
86444279243,864,4427924,3
87262712204,872,6271220,4
82594172702,825,9417270,2
54359846280,543,5984628,0
15709764510,157,0976451,0
80839568865,808,3956886,5
38527269322,385,2726932,2
48973772912,489,7377291,2
57842187294,578,4218729,4
24702935763,247,0293576,3
90344894754,903,4489475,4
20444391361,204,4439136,1
29441935283,294,4193528,3
50388021766,503,8802176,6
77729426812,777,2942681,2
76464528754,764,6452875,4
69045882702,690,4588270,2
13544275344,135,4427534,4
78439021682,784,3902168,2
36628795716,366,2879571,6
12104014770,121,0401477,0
55543248010,555,4324801,0
34841399221,348,4139922,1
76919081346,769,1908134,6
14014963764,140,1496376,4
71675299465,716,7529946,5
32296172892,322,9617289,2
76246242590,762,4624259,0
86162461692,861,6246169,2
86327653245,863,2765324,5
30624278194,306,2427819,4
23422974362,234,2297436,2
94537787423,945,3778742,3
52903895502,529,0389550,2
25552084746,255,5208474,6
74858564745,748,5856474,5
30173072970,301,7307297,0
53163795406,531,6379540,6
99886252062,998,8625206,2
41032905480,410,3290548,0
90613829824,906,1382982,4
65542441996,655,4244199,6
94675581203,946,7558120,3
90377200415,903,7720041,5
19402572715,194,0257271,5
65812789206,658,1278920,6
30387813260,303,8781326,0
18922589020,189,2258902,0
32527952166,325,2795216,6
25510022022,255,1002202,2
66494257894,664,9425789,4
77315178915,773,1517891,5
28435566310,284,3556631,0
68464936526,684,6493652,6
55009586044,550,0958604,4
29028028515,290,2802851,5
15856400912,158,5640091,2
36876406776,368,7640677,6
69819420120,698,1942012,0
98199703976,981,9970397,6
18034206944,180,3420694,4
75128297442,751,2829744,2
58646740020,586,4674002,0
57252219084,572,5221908,4
78360860906,783,6086090,6
30266812774,302,6681277,4
11057925473,110,5792547,3
21868935733,218,6893573,3
12907218094,129,0721809,4
29433116703,294,3311670,3
77271107594,772,7110759,4
72938511554,729,3851155,4
31826186412,318,2618641,2
25731847042,257,3184704,2
21883559766,218,8355976,6
68873126576,688,7312657,6
60671171176,606,7117117,6
67300252955,673,0025295,5
72789965736,727,8996573,6
76763845284,767,6384528,4
66818251686,668,1825168,6
62043268150,620,4326815,0
57029050246,570,2905024,6
66706588985,667,0658898,5
84388762381,843,8876238,1
23928062780,239,2806278,0
79266192606,792,6619260,6
82389700476,823,8970047,6
62173693105,621,7369310,5
28471270312,284,7127031,2
36295969181,362,9596918,1
11016516273,110,1651627,3
18302271482,183,0227148,2
92934524586,929,3452458,6
82994206090,829,9420609,0
44411592885,444,1159288,5
96849762082,968,4976208,2
38099519044,380,9951904,4
76571303796,765,7130379,6
26247418283,262,4741828,3
30146226994,301,4622699,4
23031171793,230,3117179,3
43376087034,433,7608703,4
90511465046,905,1146504,6
18707405374,187,0740537,4
17290111032,172,9011103,2
55594799802,555,9479980,2
45987308942,459,8730894,2
45911525801,459,1152580,1
97050457183,970,5045718,3
16448286574,164,4828657,4
38190291686,381,9029168,6
16491872772,164,9187277,2
52323814253,523,2381425,3
12772604670,127,7260467,0
37151123034,371,5112303,4
59702248440,597,0224844,0
84299544010,842,9954401,0
87953990752,879,5399075,2
66188955084,661,8895508,4
16709418746,167,0941874,6
43119032744,431,1903274,4
74941376853,749,4137685,3
40104922350,401,0492235,0
68856529426,688,5652942,6
43538636730,435,3863673,0
40493799263,404,9379926,3
37647705864,376,4770586,4
49781779316,497,8177931,6
98477951395,984,7795139,5
56975567505,569,7556750,5
57785196992,577,8519699,2
22776881452,227,7688145,2
22095322140,220,9532214,0
38149951996,381,4995199,6
79203661741,792,0366174,1
90496944560,904,9694456,0
48006161830,480,0616183,0
80313037043,803,1303704,3
52306262150,523,0626215,0
30419010831,304,1901083,1
50692627776,506,9262777,6
62932567861,629,3256786,1
53512492013,535,1249201,3
84885936943,848,8593694,3
87735495253,877,3549525,3
27181003205,271,8100320,5
38021398536,380,2139853,6
83922841592,839,2284159,2
71845578152,718,4557815,2
64142440143,641,4244014,3
26661163075,266,6116307,5
55327115312,553,2711531,2
72379559360,723,7955936,0
98878754445,988,7875444,5
88496696391,884,9669639,1
27808529735,278,0852973,5
25949298851,259,4929885,1
62962481431,629,6248143,1
47749693462,477,4969346,2
57083711483,570,8371148,3
49321847355,493,2184735,5
83177137223,831,7713722,3
64358500741,643,5850074,1
72018815721,720,1881572,1
10927031650,109,2703165,0
65734382035,657,3438203,5
48607102674,486,0710267,4
59769981421,597,6998142,1
77837522942,778,3752294,2
12223337650,122,2333765,0
29574913320,295,7491332,0
43240699573,432,4069957,3
16822118756,168,2211875,6
88364670674,883,6467067,4
56442420425,564,4242042,5
81468447025,814,6844702,5
91211071871,912,1107187,1
27214197020,272,1419702,0
11103274571,111,0327457,1
25445507831,254,4550783,1
13029316782,130,2931678,2
23849783923,238,4978392,3
76121281424,761,2128142,4
22524368195,225,2436819,5
61158013373,611,5801337,3
67444644172,674,4464417,2
42006549242,420,0654924,2
23994859644,239,9485964,4
97241176184,972,4117618,4
74933549473,749,3354947,3
73816446843,738,1644684,3
67531327392,675,3132739,2
25248452763,252,4845276,3
60072106880,600,7210688,0
14008908810,140,0890881,0
38069611693,380,6961169,3
96464876514,964,6487651,4
73720928211,737,2092821,1
65743691092,657,4369109,2
44725171216,447,2517121,6
33303893952,333,0389395,2
80854355813,808,5435581,3
56441727372,564,4172737,2
49713899575,497,1389957,5
80685271773,806,8527177,3
59985873485,599,8587348,5
76830420230,768,3042023,0
16020221024,160,2022102,4
49844466751,498,4446675,1
91006579401,910,0657940,1
92483993633,924,8399363,3
79264401706,792,6440170,6
74454924133,744,5492413,3
36912721965,369,1272196,5
12219683286,122,1968328,6
89607672520,896,0767252,0
91844619683,918,4461968,3
48688400704,486,8840070,4
70219524572,702,1952457,2
34559510341,345,5951034,1
21500942461,215,0094246,1
36464270903,364,6427090,3
26765038256,267,6503825,6
82599258816,825,9925881,6
25225066161,252,2506616,1
32031423906,320,3142390,6
77536822922,775,3682292,2
33701075685,337,0107568,5
17639154332,176,3915433,2
23411469302,234,1146930,2
43805837952,438,0583795,2
33344891641,333,4489164,1
16186601383,161,8660138,3
18214722576,182,1472257,6
75901455445,759,0145544,5
14999778040,149,9977804,0
11292774841,112,9277484,1
52196718455,521,9671845,5
28256282283,282,5628228,3
89246921810,892,4692181,0
34010725061,340,1072506,1
24876264374,248,7626437,4
79014961204,790,1496120,4
92079198330,920,7919833,0
30478829085,304,7882908,5
81219337951,812,1933795,1
36139137504,361,3913750,4
46950046422,469,5004642,2
59571733006,595,7173300,6
38419271996,384,1927199,6
13480673940,134,8067394,0
85447514052,854,4751405,2
72363171556,723,6317155,6
49107984842,491,0798484,2
95002407214,950,0240721,4
30448326185,304,4832618,5
34032319781,340,3231978,1
37799641301,377,9964130,1
53450836464,534,5083646,4
51768508684,517,6850868,4
37516069323,375,1606932,3
24690189405,246,9018940,5
34859424922,348,5942492,2
81380237343,813,8023734,3
65663286432,656,6328643,2
44783888805,447,8388880,5
46127070465,461,2707046,5
87682057291,876,8205729,1
69868459293,698,6845929,3
55697320230,556,9732023,0
65210738342,652,1073834,2
74461872395,744,6187239,5
48331507286,483,3150728,6
67852895946,678,5289594,6
14754457626,147,5445762,6
29752275096,297,5227509,6
98027934600,980,2793460,0
75306802794,753,0680279,4
25089289655,250,8928965,5
68667083901,686,6708390,1
91151299480,911,5129948,0
29932683240,299,3268324,0
88823360754,888,2336075,4
88843682654,888,4368265,4
88217866394,882,1786639,4
20196546536,201,9654653,6
72238349293,722,3834929,3
27684022063,276,8402206,3
85493873781,854,9387378,1
47073862772,470,7386277,2
28773365113,287,7336511,3
20304209685,203,0420968,5
78745258272,787,4525827,2
14040841102,140,4084110,2
95375307261,953,7530726,1
43526490344,435,2649034,4
76773907581,767,7390758,1
11459885502,114,5988550,2
13458601375,134,5860137,5
68423293886,684,2329388,6
22763024074,227,6302407,4
49795889542,497,9588954,2
19826183865,198,2618386,5
39538357800,395,3835780,0
41505758411,415,0575841,1
53795075634,537,9507563,4
95666620231,956,6662023,1
19317049025,193,1704902,5
99568217561,995,6821756,1
76900269025,769,0026902,5
14216953560,142,1695356,0
49697426244,496,9742624,4
44157153541,441,5715354,1
42397840264,423,9784026,4
16700252135,167,0025213,5
23339107031,233,3910703,1
43867766112,438,6776611,2
18706888423,187,0688842,3
51380255400,513,8025540,0
99990671314,999,9067131,4
77223979891,772,2397989,1
14515853805,145,1585380,5
55241503683,552,4150368,3
80748771891,807,4877189,1
47660533314,476,6053331,4
62983428086,629,8342808,6
32862994072,328,6299407,2
41295215575,412,9521557,5
60429774091,604,2977409,1
64339928936,643,3992893,6
59387551716,593,8755171,6
81806629643,818,0662964,3
14053516224,140,5351622,4
34645332670,346,4533267,0
65778335824,657,7833582,4
85552223426,855,5222342,6
46230886425,462,3088642,5
62252353124,622,5235312,4
99896898982,998,9689898,2
12323590405,123,2359040,5
37450758366,374,5075836,6
50054648254,500,5464825,4
54460277273,544,6027727,3
27291686546,272,9168654,6
91973057920,919,7305792,0
91792226843,917,9222684,3
68404784981,684,0478498,1
90390660051,903,9066005,1
78339784085,783,3978408,5
53942528491,539,4252849,1
40374436621,403,7443662,1
72173156980,721,7315698,0
30909905414,309,0990541,4
88110789396,881,1078939,6
72255472971,722,5547297,1
56141503431,561,4150343,1
54769136304,547,6913630,4
80739845890,807,3984589,0
72335592693,723,3559269,3
27376979102,273,7697910,2
72607486932,726,0748693,2
71359014655,713,5901465,5
31639256804,316,3925680,4
74412481922,744,1248192,2
10141052693,101,4105269,3
48024586871,480,2458687,1
93891517453,938,9151745,3
32402277540,324,0227754,0
20128157075,201,2815707,5
46298609033,462,9860903,3
86800790864,868,0079086,4
54215342490,542,1534249,0
87659066061,876,5906606,1
67306491545,673,0649154,5
93295170476,932,9517047,6
39360657455,393,6065745,5
59961615671,599,6161567,1
91566987590,915,6698759,0
76875814196,768,7581419,6
51389260584,513,8926058,4
49511094040,495,1109404,0
46368325291,463,6832529,1
83015834864,830,1583486,4
83674878902,836,7487890,2
16094552242,160,9455224,2
23035294814,230,3529481,4
62377188804,623,7718880,4
52343753860,523,4375386,0
77493888123,774,9388812,3
95303249986,953,0324998,6
15013390406,150,1339040,6
40637125460,406,3712546,0
16991616074,169,9161607,4
75362284170,753,6228417,0
70804584693,708,0458469,3
16161211776,161,6121177,6
62434785700,624,3478570,0
71071501512,710,7150151,2
47542226622,475,4222662,2
32918631281,329,1863128,1
82042306546,820,4230654,6
22736313413,227,3631341,3
53131137471,531,3113747,1
53602149603,536,0214960,3
84862937684,848,6293768,4
43671263921,436,7126392,1
52822398603,528,2239860,3
13984809452,139,8480945,2
42740669116,427,4066911,6
20692990761,206,9299076,1
32611778813,326,1177881,3
86303913692,863,0391369,2
71964501403,719,6450140,3
28133472103,281,3347210,3
29060466803,290,6046680,3
12232111443,122,3211144,3
15396657832,153,9665783,2
13657217315,136,5721731,5
60992245046,609,9224504,6
48534937726,485,3493772,6
64012456340,640,1245634,0
62958973891,629,5897389,1
50625080993,506,2508099,3
43197300330,431,9730033,0
95612257272,956,1225727,2
44744398464,447,4439846,4
89420871801,894,2087180,1
49290466334,492,9046633,4
49005104121,490,0510412,1
84765634164,847,6563416,4
74003106714,740,0310671,4
61569088385,615,6908838,5
40961345116,409,6134511,6
34069107394,340,6910739,4
23454810652,234,5481065,2
99430747796,994,3074779,6
95366640330,953,6664033,0
86681338636,866,8133863,6
86928973274,869,2897327,4
44007459476,440,0745947,6
74749585363,747,4958536,3
76223963451,762,2396345,1
53840184322,538,4018432,2
22124895521,221,2489552,1
49919632033,499,1963203,3
31234680875,312,3468087,5
58286924882,582,8692488,2
61407054011,614,0705401,1
97461451516,974,6145151,6
29717961125,297,1796112,5
37038808052,370,3880805,2
68057278832,680,5727883,2
69306111030,693,0611103,0
59421873023,594,2187302,3
98063398852,980,6339885,2
74957398863,749,5739886,3
85171382260,851,7138226,0
24602787813,246,0278781,3
90690367725,906,9036772,5
61471955452,614,7195545,2
90476691833,904,7669183,3
82771050601,827,7105060,1
33277507482,332,7750748,2
82009836876,820,0983687,6
89267055954,892,6705595,4
85409867610,854,0986761,0
93151538394,931,5153839,4
26221824512,262,2182451,2
20840782495,208,4078249,5
21844798745,218,4479874,5
88715867846,887,1586784,6
78167755072,781,6775507,2
15512009822,155,1200982,2
32561730993,325,6173099,3
10674570105,106,7457010,5
88323998501,883,2399850,1
88108485700,881,0848570,0
53169915965,531,6991596,5
68089808534,680,8980853,4
69659260842,696,5926084,2
42909476582,429,0947658,2
78577430551,785,7743055,1
52890396734,528,9039673,4
22235301563,222,3530156,3
90901960964,909,0196096,4
82824032563,828,2403256,3
71445612973,714,4561297,3
80882655734,808,8265573,4
28992318771,289,9231877,1
55560335960,555,6033596,0
59327186520,593,2718652,0
77117676602,771,1767660,2
72004479232,720,0447923,2
95999641793,959,9964179,3
31017496893,310,1749689,3
87305741624,873,0574162,4
48134797395,481,3479739,5
86878216064,868,7821606,4
48380386536,483,8038653,6
77303117256,773,0311725,6
74980408596,749,8040859,6
79334602523,793,3460252,3
30738658365,307,3865836,5
44188038570,441,8803857,0
80500656315,805,0065631,5
53960332986,539,6033298,6
81051134451,810,5113445,1
60522740970,605,2274097,0
59883389510,598,8338951,0
68009910902,680,0991090,2
42092531060,420,9253106,0
83442468910,834,4246891,0
61465351352,614,6535135,2
20193322346,201,9332234,6
60465586412,604,6558641,2
13678837211,136,7883721,1
77701732002,777,0173200,2
92921427212,929,2142721,2
75016644032,750,1664403,2
30101622883,301,0162288,3
86873150176,868,7315017,6
25007581050,250,0758105,0
52136780121,521,3678012,1
67264711224,672,6471122,4
66931502462,669,3150246,2
11049966595,110,4996659,5
54052303041,540,5230304,1
44748779046,447,4877904,6
80067988723,800,6798872,3
41473681902,414,7368190,2
16832043475,168,3204347,5
19444091352,194,4409135,2
25250323135,252,5032313,5
69145586355,691,4558635,5
79607172794,796,0717279,4
65442454946,654,4245494,6
94215086930,942,1508693,0
38824622396,388,2462239,6
93374809372,933,7480937,2
86929084163,869,2908416,3
31235857910,312,3585791,0
16390082891,163,9008289,1
22294625655,222,9462565,5
87569522300,875,6952230,0
99103305442,991,0330544,2
92614405636,926,1440563,6
24409287720,244,0928772,0
15545979914,155,4597991,4
58035675413,580,3567541,3
68195711932,681,9571193,2
72025443532,720,2544353,2
12181696150,121,8169615,0
96039354172,960,3935417,2
98724936050,987,2493605,0
50096878046,500,9687804,6
43737143093,437,3714309,3
68150056490,681,5005649,0
49743056882,497,4305688,2
23186792866,231,8679286,6
19683071183,196,8307118,3
87011008250,870,1100825,0
15825108602,158,2510860,2
27171535096,271,7153509,6
19562251871,195,6225187,1
54308775222,543,0877522,2
16572400893,165,7240089,3
34180272161,341,8027216,1
35444659202,354,4465920,2
56397261040,563,9726104,0
21084522645,210,8452264,5
72907662496,729,0766249,6
66658502816,666,5850281,6
61722442336,617,2244233,6
17421121692,174,2112169,2
11830190991,118,3019099,1
74856029470,748,5602947,0
16442508732,164,4250873,2
58179541660,581,7954166,0
38009097864,380,0909786,4
29529854530,295,2985453,0
89877034231,898,7703423,1
85066007980,850,6600798,0
21893231842,218,9323184,2
38209382682,382,0938268,2
31824830230,318,2483023,0
19460166181,194,6016618,1
11190938552,111,9093855,2
28792083370,287,9208337,0
27784457730,277,8445773,0
87495223663,874,9522366,3
12180296734,121,8029673,4
12618938683,126,1893868,3
90348214482,903,4821448,2
32208669352,322,0866935,2
90409503302,904,0950330,2
49771221370,497,7122137,0
96024302890,960,2430289,0
36052651264,360,5265126,4
80455102801,804,5510280,1
70013256673,700,1325667,3
20129800121,201,2980012,1
68992236426,689,9223642,6
70156714233,701,5671423,3
42832530656,428,3253065,6
67073121781,670,7312178,1
16735739183,167,3573918,3
24061808134,240,6180813,4
46078575572,460,7857557,2
82749913511,827,4991351,1
19238371194,192,3837119,4
47698147650,476,9814765,0
52504691713,525,0469171,3
93368675594,933,6867559,4
10305779941,103,0577994,1
47751517336,477,5151733,6
24532724924,245,3272492,4
39275350804,392,7535080,4
95194594072,951,9459407,2
31930107163,319,3010716,3
46491574052,464,9157405,2
40774823595,407,7482359,5
84513035821,845,1303582,1
79271389756,792,7138975,6
65174296510,651,7429651,0
21103629506,211,0362950,6
91821893681,918,2189368,1
58686725140,586,8672514,0
24255115502,242,5511550,2
20933579196,209,3357919,6
70236051100,702,3605110,0
16840862934,168,4086293,4
67277639310,672,7763931,0
83303098211,833,0309821,1
65409159033,654,0915903,3
55078485906,550,7848590,6
96317346082,963,1734608,2
76705384745,767,0538474,5
47395707515,473,9570751,5
14574171020,145,7417102,0
16973565586,169,7356558,6
47432530673,474,3253067,3
63694774215,636,9477421,5
21236684426,212,3668442,6
59988244935,599,8824493,5
41964282471,419,6428247,1
55690144930,556,9014493,0
77514351896,775,1435189,6
17051870654,170,5187065,4
43179876796,431,7987679,6
11040767126,110,4076712,6
58797327743,587,9732774,3
29320043536,293,2004353,6
64809190060,648,0919006,0
74733755896,747,3375589,6
38805024154,388,0502415,4
29199092433,291,9909243,3
45812283561,458,1228356,1
82957245435,829,5724543,5
19209597564,192,0959756,4
46063263824,460,6326382,4
21977934531,219,7793453,1
48317983731,483,1798373,1
57619277706,576,1927770,6
34429260611,344,2926061,1
72128472035,721,2847203,5
95013632990,950,1363299,0
71501086766,715,0108676,6
34918144116,349,1814411,6
40106861286,401,0686128,6
22787331996,227,8733199,6
74462872234,744,6287223,4
33081485742,330,8148574,2
87304556623,873,0455662,3
79582242172,795,8224217,2
71481342631,714,8134263,1
76680429390,766,8042939,0
72414530774,724,1453077,4
16259841861,162,5984186,1
47919860026,479,1986002,6
50429258560,504,2925856,0
72170392373,721,7039237,3
39951149232,399,5114923,2
36574509305,365,7450930,5
37145726363,371,4572636,3
75881005012,758,8100501,2
84557569876,845,5756987,6
81690311596,816,9031159,6
79352926731,793,5292673,1
53165135696,531,6513569,6
33016314415,330,1631441,5
79176203641,791,7620364,1
43633451065,436,3345106,5
69307930536,693,0793053,6
39913196946,399,1319694,6
77724222575,777,2422257,5
22948591126,229,4859112,6
18614518933,186,1451893,3
53329388821,533,2938882,1
11180680952,111,8068095,2
10611601371,106,1160137,1
45168402334,451,6840233,4
69546705943,695,4670594,3
22503134863,225,0313486,3
53035449301,530,3544930,1
64005678696,640,0567869,6
94067516561,940,6751656,1
48443711896,484,4371189,6
67551560520,675,5156052,0
32294535352,322,9453535,2
77684858795,776,8485879,5
36163560305,361,6356030,5
64124551183,641,2455118,3
76448493200,764,4849320,0
38071364212,380,7136421,2
96491184622,964,9118462,2
24552140310,245,5214031,0
16924506513,169,2450651,3
93470226232,934,7022623,2
29417560655,294,1756065,5
50796478055,507,9647805,5
73257824796,732,5782479,6
29525349723,295,2534972,3
98200305960,982,0030596,0
28182826280,281,8282628,0
43119932605,431,1993260,5
40363992891,403,6399289,1
84001476872,840,0147687,2
91865929804,918,6592980,4
27442464244,274,4246424,4
41607465376,416,0746537,6
41561955935,415,6195593,5
80726460873,807,2646087,3
43304294876,433,0429487,6
64871254016,648,7125401,6
31342789744,313,4278974,4
39891485151,398,9148515,1
70078410680,700,7841068,0
21490832015,214,9083201,5
60898036524,608,9803652,4
78507401674,785,0740167,4
18230366974,182,3036697,4
90931495481,909,3149548,1
34783555114,347,8355511,4
72958793855,729,5879385,5
57211514346,572,1151434,6
36445505461,364,4550546,1
60045334290,600,4533429,0
25392442171,253,9244217,1
79630714504,796,3071450,4
36227978074,362,2797807,4
36075039213,360,7503921,3
49838844305,498,3884430,5
12476541751,124,7654175,1
51534865773,515,3486577,3
64398690491,643,9869049,1
35097094281,350,9709428,1
64931274914,649,3127491,4
51012774111,510,1277411,1
93678537106,936,7853710,6
66426150722,664,2615072,2
60635670762,606,3567076,2
48148272056,481,4827205,6
96587045565,965,8704556,5
80632773423,806,3277342,3
41156625253,411,5662525,3
98933409355,989,3340935,5
32387745536,323,8774553,6
89797600284,897,9760028,4
63768199436,637,6819943,6
90579099045,905,7909904,5
78627208124,786,2720812,4
49285553382,492,8555338,2
64431568182,644,3156818,2
69481424880,694,8142488,0
33887664064,338,8766406,4
12562472032,125,6247203,2
42633899711,426,3389971,1
70485806164,704,8580616,4
80064003335,800,6400333,5
83416402655,834,1640265,5
72016711425,720,1671142,5
88263175654,882,6317565,4
67436574566,674,3657456,6
79230319910,792,3031991,0
15906281525,159,0628152,5
52548778713,525,4877871,3
35058701283,350,5870128,3
51841629151,518,4162915,1
31983860180,319,8386018,0
32133049641,321,3304964,1
44688349204,446,8834920,4
68005385270,680,0538527,0
71729503412,717,2950341,2
42199994034,421,9999403,4
85202077595,852,0207759,5
31208678291,312,0867829,1
56243958835,562,4395883,5
20676468995,206,7646899,5
27650832450,276,5083245,0
34989875570,349,8987557,0
26049758113,260,4975811,3
84054158540,840,5415854,0
35758903874,357,5890387,4
76051732240,760,5173224,0
54069057471,540,6905747,1
26174928473,261,7492847,3
53613674232,536,1367423,2
31714955122,317,1495512,2
65524650952,655,2465095,2
59423449950,594,2344995,0
87019775571,870,1977557,1
23668853475,236,6885347,5
27744705032,277,4470503,2
78222461033,782,2246103,3
40748945815,407,4894581,5
38604821330,386,0482133,0
72222111756,722,2211175,6
45248805192,452,4880519,2
83414811875,834,1481187,5
69938157040,699,3815704,0
90371075076,903,7107507,6
18638609204,186,3860920,4
36310051880,363,1005188,0
44325872266,443,2587226,6
73599455174,735,9945517,4
25751307201,257,5130720,1
24114314312,241,1431431,2
20539092041,205,3909204,1
26249165750,262,4916575,0
43574629871,435,7462987,1
91976063144,919,7606314,4
89564250464,895,6425046,4
42984953320,429,8495332,0
27107949113,271,0794911,3
65357384983,653,5738498,3
22663609186,226,6360918,6
84872401686,848,7240168,6
13357062675,133,5706267,5
56462537635,564,6253763,5
77247826424,772,4782642,4
47882340256,478,8234025,6
34138260425,341,3826042,5
40304274674,403,0427467,4
88696814651,886,9681465,1
49079653392,490,7965339,2
81462280374,814,6228037,4
82986352876,829,8635287,6
40446554403,404,4655440,3
53875874212,538,7587421,2
35098177435,350,9817743,5
95452493441,954,5249344,1
92040326065,920,4032606,5
37690650770,376,9065077,0
28712727273,287,1272727,3
30491478084,304,9147808,4
32721680941,327,2168094,1
21726524362,217,2652436,2
48770817920,487,7081792,0
76394078752,763,9407875,2
38864114842,388,6411484,2
76374300074,763,7430007,4
69558599376,695,5859937,6
98509128673,985,0912867,3
26135240861,261,3524086,1
69033724464,690,3372446,4
39399983665,393,9998366,5
93943307531,939,4330753,1
44121559283,441,2155928,3
46230864905,462,3086490,5
17795879606,177,9587960,6
35442653223,354,4265322,3
41181568544,411,8156854,4
90212301482,902,1230148,2
49600896830,496,0089683,0
79337135391,793,3713539,1
21045691063,210,4569106,3
60492474542,604,9247454,2
80750570923,807,5057092,3
78641052676,786,4105267,6
45898862944,458,9886294,4
68958534466,689,5853446,6
24882302371,248,8230237,1
60183525080,601,8352508,0
68056585153,680,5658515,3
41333568551,413,3356855,1
81995351264,819,9535126,4
71840343991,718,4034399,1
97066620773,970,6662077,3
26844311392,268,4431139,2
76251978314,762,5197831,4
38265414453,382,6541445,3
96886879145,968,8687914,5
13493031885,134,9303188,5
69731045651,697,3104565,1
50170675492,501,7067549,2
91607650792,916,0765079,2
89793135095,897,9313509,5
75933648036,759,3364803,6
83616243715,836,1624371,5
93930143872,939,3014387,2
77494603265,774,9460326,5
52196681883,521,9668188,3
49229394021,492,2939402,1
90676598611,906,7659861,1
15651532942,156,5153294,2
35347031002,353,4703100,2
71728883836,717,2888383,6
22040120565,220,4012056,5
53929346804,539,2934680,4
81327289421,813,2728942,1
30960852442,309,6085244,2
93443068164,934,4306816,4
88901498260,889,0149826,0
90516467292,905,1646729,2
23592917722,235,9291772,2
80346300435,803,4630043,5
34724098851,347,2409885,1
51064652746,510,6465274,6
38641514076,386,4151407,6
25639993441,256,3999344,1
51207635095,512,0763509,5
35574350423,355,7435042,3
93131650555,931,3165055,5
16743068401,167,4306840,1
66455225564,664,5522556,4
57205629962,572,0562996,2
52860982665,528,6098266,5
31070436235,310,7043623,5
15081328216,150,8132821,6
58380134586,583,8013458,6
97168471102,971,6847110,2
81742428264,817,4242826,4
48501862060,485,0186206,0
53587469451,535,8746945,1
85438514341,854,3851434,1
74649368650,746,4936865,0
69334919024,693,3491902,4
22478948042,224,7894804,2
56703343572,567,0334357,2
69681584835,696,8158483,5
22670667351,226,7066735,1
98756374306,987,5637430,6
66705514846,667,0551484,6
10736901986,107,3690198,6
16861938031,168,6193803,1
61355783680,613,5578368,0
24111602881,241,1160288,1
86925697205,869,2569720,5
82196724012,821,9672401,2
90447093921,904,4709392,1
88154829804,881,5482980,4
15330270356,153,3027035,6
59342159543,593,4215954,3
56240528512,562,4052851,2
67018872054,670,1887205,4
93282148214,932,8214821,4
75138404066,751,3840406,6
59264013362,592,6401336,2
81560026746,815,6002674,6
38751181565,387,5118156,5
20660196220,206,6019622,0
48481498215,484,8149821,5
44066943596,440,6694359,6
50426673850,504,2667385,0
57249973120,572,4997312,0
73668811691,736,6881169,1
87178904770,871,7890477,0
34447488971,344,4748897,1
10361556701,103,6155670,1
77632611342,776,3261134,2
71676077981,716,7607798,1
20560871345,205,6087134,5
41880587282,418,8058728,2
15960900153,159,6090015,3
42837574645,428,3757464,5
86857784945,868,5778494,5
29950043060,299,5004306,0
36416706551,364,1670655,1
18243915946,182,4391594,6
83125411815,831,2541181,5
11808070964,118,0807096,4
62496729275,624,9672927,5
83274575560,832,7457556,0
68614482641,686,1448264,1
26980396625,269,8039662,5
24095039141,240,9503914,1
90066275926,900,6627592,6
95072460734,950,7246073,4
80116944451,801,1694445,1
83259310070,832,5931007,0
17723105480,177,2310548,0
90758719510,907,5871951,0
16316862550,163,1686255,0
80890515406,808,9051540,6
44411240291,444,1124029,1
85796290466,857,9629046,6
16037875555,160,3787555,5
90631330440,906,3133044,0
54670968695,546,7096869,5
43584386172,435,8438617,2
23622822336,236,2282233,6
45839377820,458,3937782,0
32794486594,327,9448659,4
24233955944,242,3395594,4
92919184103,929,1918410,3
21529027336,215,2902733,6
47615394703,476,1539470,3
79391819911,793,9181991,1
21809916860,218,0991686,0
63672790061,636,7279006,1
45876627244,458,7662724,4
57769793000,577,6979300,0
95932774523,959,3277452,3
85974567695,859,7456769,5
14391598985,143,9159898,5
48938087071,489,3808707,1
36741896966,367,4189696,6
96246588596,962,4658859,6
74325594930,743,2559493,0
11056470713,110,5647071,3
10008135620,100,0813562,0
53202695106,532,0269510,6
78248981745,782,4898174,5
96165469274,961,6546927,4
30812251803,308,1225180,3
56400357754,564,0035775,4
95180029945,951,8002994,5
42829463370,428,2946337,0
86511359106,865,1135910,6
67400805341,674,0080534,1
19078688823,190,7868882,3
57235097781,572,3509778,1
17917774516,179,1777451,6
70752912731,707,5291273,1
66120568430,661,2056843,0
49806676244,498,0667624,4
94125032592,941,2503259,2
27548496433,275,4849643,3
15983415886,159,8341588,6
97326281561,973,2628156,1
46023401230,460,2340123,0
96906805010,969,0680501,0
45279596303,452,7959630,3
42993809333,429,9380933,3
65108451455,651,0845145,5
65816235313,658,1623531,3
52692343015,526,9234301,5
53393310194,533,9331019,4
42758158631,427,5815863,1
74952619564,749,5261956,4
55792904942,557,9290494,2
61279700952,612,7970095,2
95106944644,951,0694464,4
93916063572,939,1606357,2
47577603615,475,7760361,5
38684610741,386,8461074,1
16600787490,166,0078749,0
15661461320,156,6146132,0
92593251270,925,9325127,0
13055492113,130,5549211,3
18629485784,186,2948578,4
41733144425,417,3314442,5
72807653272,728,0765327,2
63656551440,636,5655144,0
52875599222,528,7559922,2
57763778744,577,6377874,4
50184592264,501,8459226,4
26896034684,268,9603468,4
64918331744,649,1833174,4
23553203725,235,5320372,5
49671620136,496,7162013,6
90747441334,907,4744133,4
48883712331,488,8371233,1
29019651574,290,1965157,4
23342394491,233,4239449,1
51104144940,511,0414494,0
78324530866,783,2453086,6
22467450246,224,6745024,6
70491452413,704,9145241,3
75335010071,753,3501007,1
82375898126,823,7589812,6
95179838944,951,7983894,4
17304953940,173,0495394,0
26317355493,263,1735549,3
63443345565,634,4334556,5
90686302251,906,8630225,1
97080966141,970,8096614,1
55402021861,554,0202186,1
42921839744,429,2183974,4
48245878264,482,4587826,4
76537931565,765,3793156,5
21539563552,215,3956355,2
78238026635,782,3802663,5
75880353446,758,8035344,6
72616526971,726,1652697,1
63978430335,639,7843033,5
16314232692,163,1423269,2
92884781811,928,8478181,1
47071957875,470,7195787,5
27232791715,272,3279171,5
70447861424,704,4786142,4
14926051960,149,2605196,0
70067155411,700,6715541,1
49764960280,497,6496028,0
42318658806,423,1865880,6
36454747894,364,5474789,4
84960027201,849,6002720,1
28823176510,288,2317651,0
43392024650,433,9202465,0
95281043204,952,8104320,4
78572133291,785,7213329,1
94993059885,949,9305988,5
37867419270,378,6741927,0
92252559080,922,5255908,0
66509762152,665,0976215,2
94611849281,946,1184928,1
52821834112,528,2183411,2
46150434870,461,5043487,0
26711352296,267,1135229,6
29463858126,294,6385812,6
93704088374,937,0408837,4
86279144770,862,7914477,0
46723871916,467,2387191,6
22448600365,224,4860036,5
90643984055,906,4398405,5
40118323040,401,1832304,0
77993354535,779,9335453,5
33754040045,337,5404004,5
35022216936,350,2221693,6
22750169770,227,5016977,0
88887138602,888,8713860,2
12102251023,121,0225102,3
36087591931,360,8759193,1
90694618034,906,9461803,4
71720113100,717,2011310,0
75184171165,751,8417116,5
53585114525,535,8511452,5
45036600381,450,3660038,1
58068853873,580,6885387,3
81972873704,819,7287370,4
21760002993,217,6000299,3
21483791411,214,8379141,1
86412058412,864,1205841,2
46996742731,469,9674273,1
67042947725,670,4294772,5
78750880930,787,5088093,0
26846240025,268,4624002,5
11094487893,110,9448789,3
39908250026,399,0825002,6
30375034020,303,7503402,0
34201994466,342,0199446,6
57592302343,575,9230234,3
11391818454,113,9181845,4
76747251703,767,4725170,3
16291827853,162,9182785,3
91079096395,910,7909639,5
72784749912,727,8474991,2
88605528834,886,0552883,4
39760722670,397,6072267,0
78769571075,787,6957107,5
91520763031,915,2076303,1
59825019241,598,2501924,1
71772775896,717,7277589,6
30590538851,305,9053885,1
97129690740,971,2969074,0
63290761265,632,9076126,5
30241510800,302,4151080,0
73405441910,734,0544191,0
29705307882,297,0530788,2
54827598496,548,2759849,6
69205426060,692,0542606,0
23018774840,230,1877484,0
62859365260,628,5936526,0
57085754911,570,8575491,1
19073825526,190,7382552,6
90429872573,904,2987257,3
68185392386,681,8539238,6
55792900463,557,9290046,3
21476862386,214,7686238,6
18277426611,182,7742661,1
11303567666,113,0356766,6
79669593283,796,6959328,3
43687215466,436,8721546,6
87543738362,875,4373836,2
53652230932,536,5223093,2
19028157672,190,2815767,2
78040509803,780,4050980,3
31110383440,311,1038344,0
33824515994,338,2451599,4
73129870766,731,2987076,6
48001177301,480,0117730,1
36594296040,365,9429604,0
74115155392,741,1515539,2
14049038242,140,4903824,2
77757208530,777,5720853,0
80872548092,808,7254809,2
20477364572,204,7736457,2
99811720870,998,1172087,0
31543300493,315,4330049,3
36431028020,364,3102802,0
79016141864,790,1614186,4
85952840085,859,5284008,5
47355706282,473,5570628,2
31812796132,318,1279613,2
45565510155,455,6551015,5
14079485753,140,7948575,3
79976802844,799,7680284,4
71108014302,711,0801430,2
88971751663,889,7175166,3
47042523082,470,4252308,2
57473400375,574,7340037,5
74598710024,745,9871002,4
29183768405,291,8376840,5
51909878380,519,0987838,0
50682061070,506,8206107,0
72184186145,721,8418614,5
99422176546,994,2217654,6
29367753224,293,6775322,4
96214392796,962,1439279,6
14395800001,143,9580000,1
10347172695,103,4717269,5
84979110505,849,7911050,5
50065330460,500,6533046,0
36157638841,361,5763884,1
93641608271,936,4160827,1
45348878384,453,4887838,4
20116980683,201,1698068,3
17015053483,170,1505348,3
56726160056,567,2616005,6
93115396414,931,1539641,4
54962462195,549,6246219,5
19873394060,198,7339406,0
14777628874,147,7762887,4
59469373476,594,6937347,6
13293586830,132,9358683,0
24572345520,245,7234552,0
25119192716,251,1919271,6
63114127545,631,1412754,5
15126406150,151,2640615,0
40923585675,409,2358567,5
63415406132,634,1540613,2
43062322041,430,6232204,1
57795840803,577,9584080,3
13621379070,136,2137907,0
71619537733,716,1953773,3
50775420711,507,7542071,1
82063411426,820,6341142,6
63284846002,632,8484600,2
36038566881,360,3856688,1
49456137933,494,5613793,3
84056313456,840,5631345,6
73805484073,738,0548407,3
98737799434,987,3779943,4
55136575695,551,3657569,5
97375419374,973,7541937,4
70697347722,706,9734772,2
42816707481,428,1670748,1
70261392861,702,6139286,1
91090668014,910,9066801,4
59148345275,591,4834527,5
45224155973,452,2415597,3
46435497590,464,3549759,0
72544088313,725,4408831,3
31027618286,310,2761828,6
43428476526,434,2847652,6
59176973600,591,7697360,0
54033057604,540,3305760,4
67009316775,670,0931677,5
40496261160,404,9626116,0
28582403031,285,8240303,1
45487595221,454,8759522,1
81117863211,811,1786321,1
75399169505,753,9916950,5
69428393463,694,2839346,3
34209350771,342,0935077,1
30829375113,308,2937511,3
98613983966,986,1398396,6
81019388451,810,1938845,1
75007352561,750,0735256,1
25133579371,251,3357937,1
93197071114,931,9707111,4
31803177064,318,0317706,4
68495962516,684,9596251,6
51414364266,514,1436426,6
81171586425,811,7158642,5
73040902454,730,4090245,4
66122062734,661,2206273,4
64666890145,646,6689014,5
14694287080,146,9428708,0
59771545235,597,7154523,5
39371860982,393,7186098,2
98564821063,985,6482106,3
45570810182,455,7081018,2
79678452953,796,7845295,3
58563923456,585,6392345,6
49890375780,498,9037578,0
66548042170,665,4804217,0
98192515191,981,9251519,1
89183740736,891,8374073,6
37675682542,376,7568254,2
80279998461,802,7999846,1
56488177144,564,8817714,4
67255996892,672,5599689,2
21311535591,213,1153559,1
28628642600,286,2864260,0
16070545314,160,7054531,4
97106774846,971,0677484,6
45685855670,456,8585567,0
82234573773,822,3457377,3
90781923094,907,8192309,4
53043255962,530,4325596,2
17857387976,178,5738797,6
87989032902,879,8903290,2
70364298745,703,6429874,5
90622844105,906,2284410,5
75699707892,756,9970789,2
34313017301,343,1301730,1
81785381604,817,8538160,4
84964860173,849,6486017,3
46514682332,465,1468233,2
33797593722,337,9759372,2
55336398355,553,3639835,5
16453780694,164,5378069,4
63624898584,636,2489858,4
40514800686,405,1480068,6
35580766565,355,8076656,5
11359269723,113,5926972,3
49271905666,492,7190566,6
47796014225,477,9601422,5
85570917425,855,7091742,5
89868771135,898,6877113,5
54109417282,541,0941728,2
68141557202,681,4155720,2
94839847133,948,3984713,3
67348190706,673,4819070,6
22832696641,228,3269664,1
13068727436,130,6872743,6
29884179476,298,8417947,6
10850663280,108,5066328,0
58628680862,586,2868086,2
16374393655,163,7439365,5
41112684676,411,1268467,6
43735773476,437,3577347,6
50373679995,503,7367999,5
50659841120,506,5984112,0
44208125622,442,0812562,2
89917507720,899,1750772,0
32077324664,320,7732466,4
68596803711,685,9680371,1
48918174105,489,1817410,5
44997561454,449,9756145,4
60301683762,603,0168376,2
15914377125,159,1437712,5
63953072963,639,5307296,3
43163310411,431,6331041,1
16631118136,166,3111813,6
13301891052,133,0189105,2
53238387005,532,3838700,5
86661773364,866,6177336,4
58083021083,580,8302108,3
50499164672,504,9916467,2
64266627135,642,6662713,5
70119201694,701,1920169,4
81116168905,811,1616890,5
59826669896,598,2666989,6
17254743465,172,5474346,5
61281380516,612,8138051,6
46764400225,467,6440022,5
83827289934,838,2728993,4
73550521595,735,5052159,5
24618998764,246,1899876,4
59978856946,599,7885694,6
12855844005,128,5584400,5
83855636761,838,5563676,1
72460694871,724,6069487,1
48766442271,487,6644227,1
54738820336,547,3882033,6
78814212456,788,1421245,6
10675617922,106,7561792,2
68886819184,688,8681918,4
27296856224,272,9685622,4
27992765902,279,9276590,2
29014548491,290,1454849,1
27211457953,272,1145795,3
95381081811,953,8108181,1
14144976564,141,4497656,4
17078101806,170,7810180,6
41231540165,412,3154016,5
65989154512,659,8915451,2
12841387524,128,4138752,4
67037927074,670,3792707,4
72017921740,720,1792174,0
61884329784,618,8432978,4
31787892695,317,8789269,5
95459280982,954,5928098,2
21574470926,215,7447092,6
57555135505,575,5513550,5
74426390014,744,2639001,4
69052146275,690,5214627,5
92271745535,922,7174553,5
17202630134,172,0263013,4
20654646994,206,5464699,4
19114064830,191,1406483,0
90860605963,908,6060596,3
27349434574,273,4943457,4
45218419466,452,1841946,6
91219042754,912,1904275,4
67461454356,674,6145435,6
63936924474,639,3692447,4
40435540522,404,3554052,2
22500008546,225,0000854,6
66632028322,666,3202832,2
31771188634,317,7118863,4
38540819635,385,4081963,5
40086681630,400,8668163,0
41704062243,417,0406224,3
17162143913,171,6214391,3
70415148106,704,1514810,6
69182542864,691,8254286,4
15618576210,156,1857621,0
56283054120,562,8305412,0
59914168656,599,1416865,6
20817683904,208,1768390,4
40043512614,400,4351261,4
58945743965,589,4574396,5
63287226684,632,8722668,4
63881027182,638,8102718,2
52412875196,524,1287519,6
23628536953,236,2853695,3
49293322806,492,9332280,6
39095411103,390,9541110,3
45903131786,459,0313178,6
88236596903,882,3659690,3
50724401573,507,2440157,3
82026002521,820,2600252,1
63673555195,636,7355519,5
42948881962,429,4888196,2
25392460156,253,9246015,6
74808913692,748,0891369,2
83297535824,832,9753582,4
22201957345,222,0195734,5
88136217826,881,3621782,6
74921197484,749,2119748,4
90390399790,903,9039979,0
97810750830,978,1075083,0
38154825685,381,5482568,5
19583475106,195,8347510,6
53641569134,536,4156913,4
80387739521,803,8773952,1
40059537133,400,5953713,3
58684136721,586,8413672,1
21863126496,218,6312649,6
34148538642,341,4853864,2
87373163992,873,7316399,2
67652306113,676,5230611,3
76397687303,763,9768730,3
36396780571,363,9678057,1
90051395961,900,5139596,1
70569474335,705,6947433,5
54198880706,541,9888070,6
15251360290,152,5136029,0
15333209122,153,3320912,2
39244347094,392,4434709,4
31392082795,313,9208279,5
53263144764,532,6314476,4
84733176286,847,3317628,6
18460449494,184,6044949,4
18336754611,183,3675461,1
24693448270,246,9344827,0
81454441323,814,5444132,3
71486255043,714,8625504,3
77839044016,778,3904401,6
18966882985,189,6688298,5
86504889751,865,0488975,1
88798393410,887,9839341,0
70466195964,704,6619596,4
12522284235,125,2228423,5
41012386975,410,1238697,5
12022735230,120,2273523,0
68374446511,683,7444651,1
20156715283,201,5671528,3
85485264003,854,8526400,3
68860591066,688,6059106,6
77141680181,771,4168018,1
99016996216,990,1699621,6
10055096870,100,5509687,0
94573832191,945,7383219,1
77759417843,777,5941784,3
22223604614,222,2360461,4
66700794216,667,0079421,6
38190117280,381,9011728,0
90074189576,900,7418957,6
57482583946,574,8258394,6
51630592772,516,3059277,2
83684597781,836,8459778,1
61155902580,611,5590258,0
95889951604,958,8995160,4
23365457781,233,6545778,1
31268380543,312,6838054,3
28794394944,287,9439494,4
12601226522,126,0122652,2
96083768861,960,8376886,1
32516507346,325,1650734,6
45090671492,450,9067149,2
40758999372,407,5899937,2
99885725732,998,8572573,2
76651620846,766,5162084,6
86736752481,867,3675248,1
53598248960,535,9824896,0
24295260702,242,9526070,2
39178751464,391,7875146,4
53279018515,532,7901851,5
26637699095,266,3769909,5
11039521974,110,3952197,4
52062394224,520,6239422,4
90893753086,908,9375308,6
62585662921,625,8566292,1
11450073466,114,5007346,6
48408888066,484,0888806,6
55730149892,557,3014989,2
95636463615,956,3646361,5
86072692523,860,7269252,3
56170420831,561,7042083,1
50546042100,505,4604210,0
78595562566,785,9556256,6
57008370666,570,0837066,6
96916293554,969,1629355,4
75123278750,751,2327875,0
52029137784,520,2913778,4
14143690651,141,4369065,1
65623382830,656,2338283,0
22503406951,225,0340695,1
24546599562,245,4659956,2
49512466304,495,1246630,4
44268782080,442,6878208,0
94181685524,941,8168552,4
32405967190,324,0596719,0
41914206424,419,1420642,4
65234216652,652,3421665,2
53723503503,537,2350350,3
69220881773,692,2088177,3
76997799723,769,9779972,3
52865680722,528,6568072,2
97562919284,975,6291928,4
10762975926,107,6297592,6
62622778371,626,2277837,1
77380374782,773,8037478,2
65417629450,654,1762945,0
70205295645,702,0529564,5
13570093526,135,7009352,6
78308539455,783,0853945,5
27063766505,270,6376650,5
17776969385,177,7696938,5
68775811452,687,7581145,2
47719728804,477,1972880,4
67091317141,670,9131714,1
74835254873,748,3525487,3
71512544625,715,1254462,5
54613554014,546,1355401,4
68255719836,682,5571983,6
80812883346,808,1288334,6
39056475463,390,5647546,3
70747983420,707,4798342,0
11153537464,111,5353746,4
33089988435,330,8998843,5
88702832912,887,0283291,2
18305816103,183,0581610,3
36311100583,363,1110058,3
60327573971,603,2757397,1
13092301284,130,9230128,4
93764555016,937,6455501,6
43374155805,433,7415580,5
49978354790,499,7835479,0
21808235950,218,0823595,0
15582864194,155,8286419,4
38981014071,389,8101407,1
82841401505,828,4140150,5
71290286701,712,9028670,1
97470414454,974,7041445,4
57030762582,570,3076258,2
24645630764,246,4563076,4
44687897984,446,8789798,4
58291568181,582,9156818,1
50152548996,501,5254899,6
36955392143,369,5539214,3
21095017144,210,9501714,4
89000668161,890,0066816,1
46330314906,463,3031490,6
28502959152,285,0295915,2
54737136280,547,3713628,0
12231934683,122,3193468,3
54779213886,547,7921388,6
48656317422,486,5631742,2
43422470722,434,2247072,2
40273877275,402,7387727,5
54877732810,548,7773281,0
25815419984,258,1541998,4
62734831571,627,3483157,1
22207941675,222,0794167,5
29155183314,291,5518331,4
77898813920,778,9881392,0
47283341754,472,8334175,4
51363911711,513,6391171,1
28668159430,286,6815943,0
35045084182,350,4508418,2
56124732381,561,2473238,1
33317468466,333,1746846,6
24957921255,249,5792125,5
79916216240,799,1621624,0
53989177103,539,8917710,3
47316169823,473,1616982,3
87635396143,876,3539614,3
99229660080,992,2966008,0
69507528110,695,0752811,0
48318196946,483,1819694,6
38641396065,386,4139606,5
68960218740,689,6021874,0
38135545135,381,3554513,5
26849134246,268,4913424,6
90743054375,907,4305437,5
43466595591,434,6659559,1
62885578065,628,8557806,5
68384783601,683,8478360,1
12013300420,120,1330042,0
81589218253,815,8921825,3
36027806932,360,2780693,2
71236905173,712,3690517,3
98178139605,981,7813960,5
77192923435,771,9292343,5
18148433102,181,4843310,2
76838659983,768,3865998,3
99528228120,995,2822812,0
28952579634,289,5257963,4
26430919513,264,3091951,3
39574245363,395,7424536,3
51873000410,518,7300041,0
60805484296,608,0548429,6
71217741426,712,1774142,6
56874237896,568,7423789,6
34883591591,348,8359159,1
51056091780,510,5609178,0
93754545353,937,5454535,3
67811890243,678,1189024,3
50259263773,502,5926377,3
19736297381,197,3629738,1
35124501725,351,2450172,5
83362398670,833,6239867,0
58683583462,586,8358346,2
49881399676,498,8139967,6
80084911651,800,8491165,1
87044558281,870,4455828,1
54831986834,548,3198683,4
72528158515,725,2815851,5
23903316394,239,0331639,4
71095109925,710,9510992,5
56632114122,566,3211412,2
72461682524,724,6168252,4
39610780685,396,1078068,5
24473195795,244,7319579,5
48563226521,485,6322652,1
42550928363,425,5092836,3
84343114181,843,4311418,1
32703008666,327,0300866,6
15977343224,159,7734322,4
38744543785,387,4454378,5
34494591062,344,9459106,2
70252994862,702,5299486,2
58128914211,581,2891421,1
42787541855,427,8754185,5
56277188303,562,7718830,3
25482724404,254,8272440,4
24742857475,247,4285747,5
99178905182,991,7890518,2
10813868776,108,1386877,6
88865013283,888,6501328,3
58146974956,581,4697495,6
89661070445,896,6107044,5
24476901913,244,7690191,3
70325335536,703,2533553,6
60782130783,607,8213078,3
15239623312,152,3962331,2
61232781950,612,3278195,0
14062879366,140,6287936,6
46096558660,460,9655866,0
46694467024,466,9446702,4
39959341183,399,5934118,3
12667091052,126,6709105,2
13611001535,136,1100153,5
19597447021,195,9744702,1
61430487443,614,3048744,3
27115656002,271,1565600,2
70195958816,701,9595881,6
23542957896,235,4295789,6
88694011546,886,9401154,6
88246504294,882,4650429,4
93959521185,939,5952118,5
61283841296,612,8384129,6
83722123532,837,2212353,2
22098083274,220,9808327,4
86227664293,862,2766429,3
20891236414,208,9123641,4
99705174874,997,0517487,4
35138208063,351,3820806,3
51344433740,513,4443374,0
14050614711,140,5061471,1
55510501981,555,1050198,1
77782230770,777,8223077,0
86612685383,866,1268538,3
37116888333,371,1688833,3
81926020904,819,2602090,4
84099918640,840,9991864,0
54621548856,546,2154885,6
87890618696,878,9061869,6
68853744143,688,5374414,3
56469044542,564,6904454,2
65334170333,653,3417033,3
54035424290,540,3542429,0
78357761865,783,5776186,5
25244554444,252,4455444,4
59066416363,590,6641636,3
16310785461,163,1078546,1
87273083392,872,7308339,2
35814508012,358,1450801,2
47660020810,476,6002081,0
91775802782,917,7580278,2
65852291914,658,5229191,4
60012973791,600,1297379,1
63743424916,637,4342491,6
12000137120,120,0013712,0
70695634184,706,9563418,4
22973124136,229,7312413,6
28258829054,282,5882905,4
20729127232,207,2912723,2
37203244620,372,0324462,0
38399595404,383,9959540,4
40981464121,409,8146412,1
60696913876,606,9691387,6
77928696520,779,2869652,0
57095638891,570,9563889,1
56246457683,562,4645768,3
15565413485,155,6541348,5
81977167622,819,7716762,2
58922972303,589,2297230,3
53436477802,534,3647780,2
29441900436,294,4190043,6
23802317242,238,0231724,2
37096075013,370,9607501,3
19875776852,198,7577685,2
75919472705,759,1947270,5
28756073255,287,5607325,5
88873119324,888,7311932,4
58615396642,586,1539664,2
90193391594,901,9339159,4
74523386923,745,2338692,3
66394842795,663,9484279,5
32697149344,326,9714934,4
44449516331,444,4951633,1
21039772232,210,3977223,2
65806168461,658,0616846,1
86024644546,860,2464454,6
78921478283,789,2147828,3
21806204396,218,0620439,6
37906001112,379,0600111,2
74398019663,743,9801966,3
72530784931,725,3078493,1
18338718974,183,3871897,4
49507859762,495,0785976,2
92129610270,921,2961027,0
37624918266,376,2491826,6
76741204306,767,4120430,6
19883669684,198,8366968,4
76123969516,761,2396951,6
96055115886,960,5511588,6
60218411843,602,1841184,3
54027769101,540,2776910,1
37798603862,377,9860386,2
85930814304,859,3081430,4
39272204885,392,7220488,5
39743088354,397,4308835,4
57567010695,575,6701069,5
16690667974,166,9066797,4
64436457413,644,3645741,3
49035291560,490,3529156,0
34080155516,340,8015551,6
45089419495,450,8941949,5
11525108034,115,2510803,4
83789870604,837,8987060,4
93204431713,932,0443171,3
63238279453,632,3827945,3
70001638781,700,0163878,1
60751428821,607,5142882,1
47132409981,471,3240998,1
22564921973,225,6492197,3
60137107623,601,3710762,3
18748171355,187,4817135,5
35668626793,356,6862679,3
79642474966,796,4247496,6
56897648035,568,9764803,5
11918256536,119,1825653,6
97508073895,975,0807389,5
99117592542,991,1759254,2
70418475181,704,1847518,1
65646082960,656,4608296,0
96702137911,967,0213791,1
35100530061,351,0053006,1
73792470274,737,9247027,4
55683488946,556,8348894,6
70395689503,703,9568950,3
32708110182,327,0811018,2
70355931390,703,5593139,0
68514567614,685,1456761,4
67636921730,676,3692173,0
77697534976,776,9753497,6
20675957561,206,7595756,1
87573742434,875,7374243,4
44686543053,446,8654305,3
43479085812,434,7908581,2
83093255931,830,9325593,1
95569583376,955,6958337,6
14705327952,147,0532795,2
67443948233,674,4394823,3
60401448006,604,0144800,6
10988330371,109,8833037,1
49144064622,491,4406462,2
30264691360,302,6469136,0
28494408412,284,9440841,2
88802410423,888,0241042,3
12296850171,122,9685017,1
53507976900,535,0797690,0
69780090112,697,8009011,2
75632579872,756,3257987,2
51181056270,511,8105627,0
53285869533,532,8586953,3
22496339476,224,9633947,6
39631770363,396,3177036,3
25794485055,257,9448505,5
11007641915,110,0764191,5
29019644761,290,1964476,1
94162886661,941,6288666,1
66945427943,669,4542794,3
60016314010,600,1631401,0
72527985426,725,2798542,6
22990333051,229,9033305,1
30860583431,308,6058343,1
14812243111,148,1224311,1
79983384312,799,8338431,2
30647139034,306,4713903,4
84223417090,842,2341709,0
91215593455,912,1559345,5
96680566054,966,8056605,4
10579643166,105,7964316,6
86738306056,867,3830605,6
69605053585,696,0505358,5
90559735461,905,5973546,1
56643469032,566,4346903,2
93061224971,930,6122497,1
36506465091,365,0646509,1
86400910785,864,0091078,5
91677841453,916,7784145,3
41496847281,414,9684728,1
81294735606,812,9473560,6
48331451355,483,3145135,5
25163549555,251,6354955,5
81032259711,810,3225971,1
75418320713,754,1832071,3
76192441265,761,9244126,5
44507849445,445,0784944,5
53256776411,532,5677641,1
65095291463,650,9529146,3
90075834875,900,7583487,5
46499847815,464,9984781,5
75002187244,750,0218724,4
64798925436,647,9892543,6
94255342515,942,5534251,5
68655910754,686,5591075,4
23780458420,237,8045842,0
16002279963,160,0227996,3
93670700952,936,7070095,2
15368450781,153,6845078,1
37675573492,376,7557349,2
24041022095,240,4102209,5
21118620523,211,1862052,3
95286889632,952,8688963,2
29027508560,290,2750856,0
92149046910,921,4904691,0
54401575200,544,0157520,0
85595509813,855,9550981,3
87885403350,878,8540335,0
29274370376,292,7437037,6
27421952461,274,2195246,1
60261891710,602,6189171,0
74690934152,746,9093415,2
60985887866,609,8588786,6
49839825522,498,3982552,2
31462156415,314,6215641,5
94313165555,943,1316555,5
73934983534,739,3498353,4
63593949712,635,9394971,2
32551012903,325,5101290,3
14724086085,147,2408608,5
70855601363,708,5560136,3
77816887415,778,1688741,5
24880830891,248,8083089,1
75551757374,755,5175737,4
19473075280,194,7307528,0
61712533810,617,1253381,0
11218196872,112,1819687,2
10241082413,102,4108241,3
16652307585,166,5230758,5
73851189380,738,5118938,0
68463961073,684,6396107,3
95508402062,955,0840206,2
52491884423,524,9188442,3
92619198633,926,1919863,3
74948038805,749,4803880,5
53501209711,535,0120971,1
17187072702,171,8707270,2
13501943676,135,0194367,6
53562639585,535,6263958,5
42200967820,422,0096782,0
85376899305,853,7689930,5
46526254445,465,2625444,5
53392055080,533,9205508,0
88076366192,880,7636619,2
47445401870,474,4540187,0
98481453076,984,8145307,6
49434876631,494,3487663,1
76661228004,766,6122800,4
55111430166,551,1143016,6
75305431713,753,0543171,3
44754756511,447,5475651,1
20157275731,201,5727573,1
61821940076,618,2194007,6
92452720555,924,5272055,5
19369653391,193,6965339,1
72794747212,727,9474721,2
89782131696,897,8213169,6
64266882311,642,6688231,1
26097470751,260,9747075,1
54847238446,548,4723844,6
43925279186,439,2527918,6
72244536665,722,4453666,5
39974370944,399,7437094,4
50735695486,507,3569548,6
91790030140,917,9003014,0
64705830120,647,0583012,0
23175556755,231,7555675,5
76217753495,762,1775349,5
89511580303,895,1158030,3
35242458941,352,4245894,1
22034332561,220,3433256,1
31830929933,318,3092993,3
41635526472,416,3552647,2
58687211236,586,8721123,6
47024509825,470,2450982,5
67192374411,671,9237441,1
27794841762,277,9484176,2
70320021954,703,2002195,4
60091738314,600,9173831,4
56287172610,562,8717261,0
47687362435,476,8736243,5
15917186754,159,1718675,4
25706816355,257,0681635,5
52564062515,525,6406251,5
17279186036,172,7918603,6
98444314833,984,4431483,3
99498962931,994,9896293,1
64323264642,643,2326464,2
55576983390,555,7698339,0
67764086144,677,6408614,4
39609885214,396,0988521,4
44798908062,447,9890806,2
84605359230,846,0535923,0
50372735396,503,7273539,6
12730287342,127,3028734,2
89353922712,893,5392271,2
15624015980,156,2401598,0
54692939494,546,9293949,4
39012179833,390,1217983,3
18059690084,180,5969008,4
77453480251,774,5348025,1
52972383132,529,7238313,2
55293684756,552,9368475,6
80844299500,808,4429950,0
58464430732,584,6443073,2
55686290192,556,8629019,2
99681046425,996,8104642,5
74832913136,748,3291313,6
15273598213,152,7359821,3
24442668601,244,4266860,1
54902087775,549,0208777,5
56737461250,567,3746125,0
99336365754,993,3636575,4
68251859321,682,5185932,1
12496725956,124,9672595,6
33434108354,334,3410835,4
54403863102,544,0386310,2
60489869876,604,8986987,6
10504528333,105,0452833,3
42764374576,427,6437457,6
30744681803,307,4468180,3
61970354996,619,7035499,6
70539100681,705,3910068,1
73472037886,734,7203788,6
49549457800,495,4945780,0
14291390983,142,9139098,3
67178019263,671,7801926,3
98018061206,980,1806120,6
65818336163,658,1833616,3
58786257003,587,8625700,3
70604609611,706,0460961,1
11765486785,117,6548678,5
27180221855,271,8022185,5
45647170176,456,4717017,6
51512963802,515,1296380,2
30038729621,300,3872962,1
41426384656,414,2638465,6
27134866372,271,3486637,2
86373391551,863,7339155,1
50405418075,504,0541807,5
66049460652,660,4946065,2
52778759444,527,7875944,4
39290739882,392,9073988,2
51461747581,514,6174758,1
38390059053,383,9005905,3
37476636080,374,7663608,0
16864910913,168,6491091,3
62759924680,627,5992468,0
73942695753,739,4269575,3
76217121616,762,1712161,6
59990069895,599,9006989,5
84465039502,844,6503950,2
44074605451,440,7460545,1
17077740275,170,7774027,5
21958459342,219,5845934,2
87183675572,871,8367557,2
92937152070,929,3715207,0
21222346071,212,2234607,1
40783440375,407,8344037,5
93008552964,930,0855296,4
65805433271,658,0543327,1
28370352014,283,7035201,4
52010794872,520,1079487,2
13611065014,136,1106501,4
94906612053,949,0661205,3
54396373642,543,9637364,2
46022229824,460,2222982,4
46888157505,468,8815750,5
46494137201,464,9413720,1
99560021416,995,6002141,6
40202329095,402,0232909,5
77749664391,777,4966439,1
88551223853,885,5122385,3
62298904304,622,9890430,4
45319223621,453,1922362,1
72577996563,725,7799656,3
73411070481,734,1107048,1
53711154500,537,1115450,0
17002205194,170,0220519,4
47243788512,472,4378851,2
23815344160,238,1534416,0
76404736460,764,0473646,0
23494901045,234,9490104,5
10458528856,104,5852885,6
81396988760,813,9698876,0
70400887695,704,0088769,5
97522796584,975,2279658,4
47137839112,471,3783911,2
97345934274,973,4593427,4
93131891374,931,3189137,4
61754512980,617,5451298,0
66392466811,663,9246681,1
77809382351,778,0938235,1
43663984944,436,6398494,4
42309313360,423,0931336,0
27382706431,273,8270643,1
16222525752,162,2252575,2
47241643465,472,4164346,5
79320436851,793,2043685,1
22055413021,220,5541302,1
51337868186,513,3786818,6
75965977894,759,6597789,4
76776167253,767,7616725,3
48793553524,487,9355352,4
47312626605,473,1262660,5
12303381603,123,0338160,3
86726379103,867,2637910,3
51362228683,513,6222868,3
45749942702,457,4994270,2
76266552570,762,6655257,0
68655397394,686,5539739,4
50753071652,507,5307165,2
81396137350,813,9613735,0
38923008433,389,2300843,3
13460952374,134,6095237,4
16297252734,162,9725273,4
15621253350,156,2125335,0
67861956695,678,6195669,5
29153089045,291,5308904,5
44488803974,444,8880397,4
13713050432,137,1305043,2
17401518985,174,0151898,5
46081413724,460,8141372,4
48084380591,480,8438059,1
17197148973,171,9714897,3
87241386192,872,4138619,2
53108406371,531,0840637,1
28149383580,281,4938358,0
27021291964,270,2129196,4
91102366851,911,0236685,1
18184173564,181,8417356,4
55477493220,554,7749322,0
21687158423,216,8715842,3
60959777456,609,5977745,6
16921400034,169,2140003,4
30960922821,309,6092282,1
97309379734,973,0937973,4
31253958460,312,5395846,0
23994678103,239,9467810,3
92218439565,922,1843956,5
43561478292,435,6147829,2
46581094752,465,8109475,2
57365803823,573,6580382,3
57746299992,577,4629999,2
69037890933,690,3789093,3
83914572244,839,1457224,4
83589523841,835,8952384,1
62109653322,621,0965332,2
25973192653,259,7319265,3
76460384152,764,6038415,2
92373738473,923,7373847,3
41488539130,414,8853913,0
75195452073,751,9545207,3
54541311044,545,4131104,4
87878987090,878,7898709,0
98807598316,988,0759831,6
24590724861,245,9072486,1
64926124814,649,2612481,4
35306199085,353,0619908,5
28626542961,286,2654296,1
47068600906,470,6860090,6
38095061766,380,9506176,6
77827921724,778,2792172,4
31948276576,319,4827657,6
29864984853,298,6498485,3
72078932396,720,7893239,6
39118728924,391,1872892,4
35541548702,355,4154870,2
29251631062,292,5163106,2
73370412350,733,7041235,0
30347220420,303,4722042,0
85613364640,856,1336464,0
35633799326,356,3379932,6
24292596032,242,9259603,2
39869158155,398,6915815,5
70421299141,704,2129914,1
45287949843,452,8794984,3
13174658031,131,7465803,1
61164426186,611,6442618,6
23584597371,235,8459737,1
46474440606,464,7444060,6
34833219583,348,3321958,3
44239038095,442,3903809,5
53919838204,539,1983820,4
74726633676,747,2663367,6
65251565315,652,5156531,5
36836835532,368,3683553,2
58890479035,588,9047903,5
22958532453,229,5853245,3
83864289972,838,6428997,2
98977686295,989,7768629,5
82426483481,824,2648348,1
91180957106,911,8095710,6
97746689136,977,4668913,6
25596853061,255,9685306,1
30585072731,305,8507273,1
30492202845,304,9220284,5
44463151951,444,6315195,1
40485770116,404,8577011,6
60465318950,604,6531895,0
12184952136,121,8495213,6
47372934411,473,7293441,1
34186024553,341,8602455,3
21826001366,218,2600136,6
15520643712,155,2064371,2
81543687761,815,4368776,1
41458129493,414,5812949,3
14496121452,144,9612145,2
50886275286,508,8627528,6
37810940130,378,1094013,0
22291033912,222,9103391,2
86898470324,868,9847032,4
71608564093,716,0856409,3
26321576000,263,2157600,0
98348443496,983,4844349,6
44738223266,447,3822326,6
37773745473,377,7374547,3
24592403720,245,9240372,0
48527891874,485,2789187,4
70298201124,702,9820112,4
34973473783,349,7347378,3
44134364836,441,3436483,6
80698327664,806,9832766,4
56875188344,568,7518834,4
90955873796,909,5587379,6
22787621503,227,8762150,3
80693390611,806,9339061,1
37335442491,373,3544249,1
89140576930,891,4057693,0
14842812556,148,4281255,6
26468790640,264,6879064,0
76756280605,767,5628060,5
93148425556,931,4842555,6
77863294755,778,6329475,5
55554733141,555,5473314,1
86825895351,868,2589535,1
60438599606,604,3859960,6
47191917921,471,9191792,1
56188770224,561,8877022,4
19731769371,197,3176937,1
11202049873,112,0204987,3
31797355031,317,9735503,1
27200163855,272,0016385,5
98387435256,983,8743525,6
62570609055,625,7060905,5
82686195060,826,8619506,0
43314210414,433,1421041,4
47531679705,475,3167970,5
67759314096,677,5931409,6
32052399342,320,5239934,2
50922816304,509,2281630,4
43184194655,431,8419465,5
99302809211,993,0280921,1
65770684200,657,7068420,0
52776292465,527,7629246,5
86325955231,863,2595523,1
59897305506,598,9730550,6
56026280250,560,2628025,0
12916941146,129,1694114,6
54585795864,545,8579586,4
44243865100,442,4386510,0
97847697900,978,4769790,0
19378879120,193,7887912,0
85008378200,850,0837820,0
25912957893,259,1295789,3
81157103520,811,5710352,0
97287481673,972,8748167,3
58424859975,584,2485997,5
54555262826,545,5526282,6
61283486801,612,8348680,1
57144978491,571,4497849,1
36556657703,365,5665770,3
91411903961,914,1190396,1
43533960226,435,3396022,6
13794078114,137,9407811,4
68602122140,686,0212214,0
35523875053,355,2387505,3
26743232956,267,4323295,6
33751081662,337,5108166,2
22621959696,226,2195969,6
22595743040,225,9574304,0
40648275481,406,4827548,1
66238723750,662,3872375,0
97274929731,972,7492973,1
76641085030,766,4108503,0
62989079321,629,8907932,1
92233039705,922,3303970,5
81138877254,811,3887725,4
80020178324,800,2017832,4
75280527860,752,8052786,0
85626933383,856,2693338,3
96920332493,969,2033249,3
91487289403,914,8728940,3
45808164226,458,0816422,6
14017620775,140,1762077,5
14183342576,141,8334257,6
97967529300,979,6752930,0
73007790152,730,0779015,2
93452935413,934,5293541,3
49575796632,495,7579663,2
70452502406,704,5250240,6
30017509232,300,1750923,2
44231652693,442,3165269,3
24753903531,247,5390353,1
18261972763,182,6197276,3
11658855173,116,5885517,3
97887272832,978,8727283,2
14105654326,141,0565432,6
50762279643,507,6227964,3
42348020832,423,4802083,2
39867841953,398,6784195,3
98659105682,986,5910568,2
83168772103,831,6877210,3
92936933463,929,3693346,3
59968111911,599,6811191,1
99873628610,998,7362861,0
46003558521,460,0355852,1
18573805092,185,7380509,2
57831654926,578,3165492,6
83064924110,830,6492411,0
98705221991,987,0522199,1
22035556813,220,3555681,3
66415939162,664,1593916,2
87417175421,874,1717542,1
61968971476,619,6897147,6
86417432421,864,1743242,1
68598654163,685,9865416,3
57909775934,579,0977593,4
81935858926,819,3585892,6
33785477666,337,8547766,6
10257735883,102,5773588,3
90375906373,903,7590637,3
80273455246,802,7345524,6
90334333934,903,3433393,4
81973493170,819,7349317,0
65600949602,656,0094960,2
36454530663,364,5453066,3
42308470123,423,0847012,3
28554979733,285,5497973,3
55868417583,558,6841758,3
33478660931,334,7866093,1
83765118820,837,6511882,0
31785561400,317,8556140,0
26806296256,268,0629625,6
74362049752,743,6204975,2
68971754776,689,7175477,6
72567260740,725,6726074,0
72656700353,726,5670035,3
14628664281,146,2866428,1
71887100475,718,8710047,5
42885659645,428,8565964,5
62735305524,627,3530552,4
87484485730,874,8448573,0
85512820600,855,1282060,0
56333086505,563,3308650,5
85289131581,852,8913158,1
84637162125,846,3716212,5
89221472491,892,2147249,1
67843929076,678,4392907,6
37685380504,376,8538050,4
93990443590,939,9044359,0
30422081894,304,2208189,4
18849503364,188,4950336,4
88208901386,882,0890138,6
90605739386,906,0573938,6
54947793655,549,4779365,5
67082990966,670,8299096,6
22099544195,220,9954419,5
50598503295,505,9850329,5
91038004734,910,3800473,4
79107132162,791,0713216,2
66243497226,662,4349722,6
87797807270,877,9780727,0
57565932764,575,6593276,4
49174552396,491,7455239,6
83737290721,837,3729072,1
50105477015,501,0547701,5
26750929712,267,5092971,2
65778840866,657,7884086,6
33824677214,338,2467721,4
39628490560,396,2849056,0
49779620786,497,7962078,6
80069105215,800,6910521,5
99776619691,997,7661969,1
40768914112,407,6891411,2
55665622630,556,6562263,0
85753362233,857,5336223,3
12692323765,126,9232376,5
84169658001,841,6965800,1
96912503071,969,1250307,1
87160748146,871,6074814,6
79019050576,790,1905057,6
32813342291,328,1334229,1
86839989065,868,3998906,5
98412298615,984,1229861,5
50814803204,508,1480320,4
92884610935,928,8461093,5
58533347416,585,3334741,6
25502752631,255,0275263,1
81186457423,811,8645742,3
82568134680,825,6813468,0
88284544601,882,8454460,1
46301386626,463,0138662,6
55432708041,554,3270804,1
41795881106,417,9588110,6
64238417812,642,3841781,2
46364652046,463,6465204,6
47431861572,474,3186157,2
97519821314,975,1982131,4
34623610833,346,2361083,3
79381109924,793,8110992,4
84535781854,845,3578185,4
62259300043,622,5930004,3
22935444156,229,3544415,6
77023349210,770,2334921,0
85916175251,859,1617525,1
88629654283,886,2965428,3
24957322251,249,5732225,1
22568679361,225,6867936,1
78162483005,781,6248300,5
79464316381,794,6431638,1
55379047280,553,7904728,0
42718502335,427,1850233,5
17652442001,176,5244200,1
14339639905,143,3963990,5
64472386775,644,7238677,5
95331370372,953,3137037,2
79542716370,795,4271637,0
18490447985,184,9044798,5
23121745923,231,2174592,3
14918385561,149,1838556,1
72411245601,724,1124560,1
15567189414,155,6718941,4
11690982963,116,9098296,3
93898112700,938,9811270,0
83593491581,835,9349158,1
76490460815,764,9046081,5
67084711835,670,8471183,5
88044071526,880,4407152,6
61335563751,613,3556375,1
92281353036,922,8135303,6
81854212585,818,5421258,5
11853161296,118,5316129,6
28152758102,281,5275810,2
53478187774,534,7818777,4
55026888521,550,2688852,1
72867682524,728,6768252,4
86486558335,864,8655833,5
99928028110,999,2802811,0
46643583345,466,4358334,5
49454968702,494,5496870,2
88203610102,882,0361010,2
18235962393,182,3596239,3
33996305854,339,9630585,4
16658137485,166,5813748,5
96532414723,965,3241472,3
66403561344,664,0356134,4
97625315914,976,2531591,4
50288546262,502,8854626,2
62313927930,623,1392793,0
23983955966,239,8395596,6
95954296606,959,5429660,6
70277259591,702,7725959,1
37461042395,374,6104239,5
61228355175,612,2835517,5
55689665495,556,8966549,5
36220375183,362,2037518,3
34841164314,348,4116431,4
75037939375,750,3793937,5
85033149556,850,3314955,6
89025023106,890,2502310,6
37350379226,373,5037922,6
36635599693,366,3559969,3
55381696891,553,8169689,1
32040175225,320,4017522,5
84523705891,845,2370589,1
98184241573,981,8424157,3
92798970844,927,9897084,4
93736984680,937,3698468,0
46329727262,463,2972726,2
71443857434,714,4385743,4
21411962676,214,1196267,6
53768475912,537,6847591,2
52495938883,524,9593888,3
97282588684,972,8258868,4
56975951740,569,7595174,0
80898738691,808,9873869,1
99009615490,990,0961549,0
41917000531,419,1700053,1
31323132176,313,2313217,6
58208119540,582,0811954,0
97643891495,976,4389149,5
39874005486,398,7400548,6
80486877712,804,8687771,2
90318190106,903,1819010,6
90396612503,903,9661250,3
20436630183,204,3663018,3
34724170862,347,2417086,2
61342518713,613,4251871,3
17029981755,170,2998175,5
17562629990,175,6262999,0
72486585873,724,8658587,3
47643619170,476,4361917,0
99003765965,990,0376596,5
96853577276,968,5357727,6
22089738366,220,8973836,6
66912361431,669,1236143,1
27866855795,278,6685579,5
77074384256,770,7438425,6
52840926493,528,4092649,3
29732609643,297,3260964,3
39810902604,398,1090260,4
83465468766,834,6546876,6
85694995714,856,9499571,4
71854291545,718,5429154,5
54274551164,542,7455116,4
32201655045,322,0165504,5
31763187106,317,6318710,6
86945518095,869,4551809,5
80829247536,808,2924753,6
39376980226,393,7698022,6
17303686930,173,0368693,0
30072662774,300,7266277,4
26650235670,266,5023567,0
98133318494,981,3331849,4
35070061371,350,7006137,1
79049552625,790,4955262,5
92850081890,928,5008189,0
13787932982,137,8793298,2
94598747833,945,9874783,3
12153430151,121,5343015,1
54042944351,540,4294435,1
87220694982,872,2069498,2
90202859352,902,0285935,2
49656702553,496,5670255,3
73083645820,730,8364582,0
14851173304,148,5117330,4
95535877151,955,3587715,1
39968626831,399,6862683,1
37881814206,378,8181420,6
94801862014,948,0186201,4
44334492193,443,3449219,3
19667364223,196,6736422,3
32836866621,328,3686662,1
37941705984,379,4170598,4
76166121921,761,6612192,1
37156618730,371,5661873,0
70165227211,701,6522721,1
12349967625,123,4996762,5
91261519211,912,6151921,1
35144424511,351,4442451,1
96441857036,964,4185703,6
18660186462,186,6018646,2
28865187056,288,6518705,6
37003659620,370,0365962,0
22586304604,225,8630460,4
85903489520,859,0348952,0
17641893443,176,4189344,3
53296247524,532,9624752,4
53226880690,532,2688069,0
81877623304,818,7762330,4
30888045826,308,8804582,6
67004474221,670,0447422,1
40381931865,403,8193186,5
74754883492,747,5488349,2
69520167380,695,2016738,0
42009463641,420,0946364,1
33763988416,337,6398841,6
24141962101,241,4196210,1
52533763682,525,3376368,2
78798993493,787,9899349,3
98255373372,982,5537337,2
37554547371,375,5454737,1
13207993536,132,0799353,6
74159111160,741,5911116,0
14334731804,143,3473180,4
46352269292,463,5226929,2
39476447014,394,7644701,4
94743357420,947,4335742,0
27456483745,274,5648374,5
15123305166,151,2330516,6
51232378721,512,3237872,1
54986299425,549,8629942,5
64942800984,649,4280098,4
71652344181,716,5234418,1
64237003701,642,3700370,1
57822837400,578,2283740,0
83691267664,836,9126766,4
79575738034,795,7573803,4
35132513270,351,3251327,0
75931463963,759,3146396,3
62483544990,624,8354499,0
49818430792,498,1843079,2
10935888220,109,3588822,0
72465981565,724,6598156,5
78292582363,782,9258236,3
88162710194,881,6271019,4
58019194312,580,1919431,2
82115621151,821,1562115,1
48654493784,486,5449378,4
42783870410,427,8387041,0
27243333621,272,4333362,1
46190856941,461,9085694,1
16634221042,166,3422104,2
52878101085,528,7810108,5
82976863656,829,7686365,6
50335818021,503,3581802,1
46424072600,464,2407260,0
67538381640,675,3838164,0
45184530505,451,8453050,5
36749769770,367,4976977,0
79330869576,793,3086957,6
15503951172,155,0395117,2
51472759046,514,7275904,6
97916083642,979,1608364,2
24346705806,243,4670580,6
97367217362,973,6721736,2
56268987494,562,6898749,4
21647730552,216,4773055,2
93381569474,933,8156947,4
58190809096,581,9080909,6
37125263410,371,2526341,0
11829362441,118,2936244,1
51300919580,513,0091958,0
66287222176,662,8722217,6
55260296214,552,6029621,4
37897006250,378,9700625,0
88382524663,883,8252466,3
27470284991,274,7028499,1
37883773292,378,8377329,2
66686502534,666,8650253,4
74986378966,749,8637896,6
70594173354,705,9417335,4
26230573214,262,3057321,4
83106504654,831,0650465,4
43973330473,439,7333047,3
23702901043,237,0290104,3
72253934644,722,5393464,4
74705704573,747,0570457,3
14541365391,145,4136539,1
68108180985,681,0818098,5
65218279820,652,1827982,0
69302909064,693,0290906,4
77035029604,770,3502960,4
65108760026,651,0876002,6
11353373240,113,5337324,0
97536365191,975,3636519,1
97162154100,971,6215410,0
72097231130,720,9723113,0
86561658850,865,6165885,0
93602518393,936,0251839,3
30745160403,307,4516040,3
91270949854,912,7094985,4
88678445771,886,7844577,1
91734086841,917,3408684,1
24238879284,242,3887928,4
93383465005,933,8346500,5
91658710401,916,5871040,1
11430365850,114,3036585,0
27191268052,271,9126805,2
21903891404,219,0389140,4
86855773466,868,5577346,6
65055663735,650,5566373,5
69462522895,694,6252289,5
48683667546,486,8366754,6
99984304053,999,8430405,3
16601568572,166,0156857,2
77616251542,776,1625154,2
84533293901,845,3329390,1
17038749260,170,3874926,0
43005483855,430,0548385,5
43901138124,439,0113812,4
97097112120,970,9711212,0
39885617314,398,8561731,4
40212028833,402,1202883,3
35101412784,351,0141278,4
57978777065,579,7877706,5
69450183024,694,5018302,4
79830788751,798,3078875,1
72764516503,727,6451650,3
33089466391,330,8946639,1
74229092102,742,2909210,2
39557971674,395,5797167,4
57713608735,577,1360873,5
63257804946,632,5780494,6
59195694900,591,9569490,0
80140744602,801,4074460,2
17893595102,178,9359510,2
15934221850,159,3422185,0
13427316571,134,2731657,1
50246175213,502,4617521,3
91061618400,910,6161840,0
99850146421,998,5014642,1
17794535721,177,9453572,1
88886044693,888,8604469,3
10984745711,109,8474571,1
67981036684,679,8103668,4
40564609713,405,6460971,3
31623264170,316,2326417,0
74640340120,746,4034012,0
14590982831,145,9098283,1
47447364593,474,4736459,3
92867314106,928,6731410,6
74525478386,745,2547838,6
40933424016,409,3342401,6
39739695354,397,3969535,4
64956399006,649,5639900,6
70361351062,703,6135106,2
87195562302,871,9556230,2
96537400354,965,3740035,4
81796845366,817,9684536,6
65651599203,656,5159920,3
99745366922,997,4536692,2
62253441381,622,5344138,1
47524370831,475,2437083,1
35165281433,351,6528143,3
97555607064,975,5560706,4
25257016126,252,5701612,6
18514103403,185,1410340,3
72696421921,726,9642192,1
84219823531,842,1982353,1
25570212074,255,7021207,4
63738126725,637,3812672,5
27000394345,270,0039434,5
61053762833,610,5376283,3
63971985482,639,7198548,2
49700153646,497,0015364,6
85220761816,852,2076181,6
39921864830,399,2186483,0
62682044846,626,8204484,6
21046642734,210,4664273,4
29663849991,296,6384999,1
52337352643,523,3735264,3
23641509554,236,4150955,4
35473100603,354,7310060,3
53420749532,534,2074953,2
47875493563,478,7549356,3
31128596715,311,2859671,5
93535168663,935,3516866,3
38940271910,389,4027191,0
55594981026,555,9498102,6
53530247861,535,3024786,1
93946920602,939,4692060,2
12162224623,121,6222462,3
66919753032,669,1975303,2
34018783580,340,1878358,0
20208893820,202,0889382,0
14960028582,149,6002858,2
95286141135,952,8614113,5
81941977482,819,4197748,2
68215115563,682,1511556,3
15156214756,151,5621475,6
12122123623,121,2212362,3
26841703784,268,4170378,4
92205003660,922,0500366,0
35160478292,351,6047829,2
83447050754,834,4705075,4
19734819435,197,3481943,5
46303963286,463,0396328,6
39615392796,396,1539279,6
37818050792,378,1805079,2
27951256811,279,5125681,1
25688598351,256,8859835,1
14472257266,144,7225726,6
45811621060,458,1162106,0
75551214823,755,5121482,3
70853883115,708,5388311,5
16619455446,166,1945544,6
54517063423,545,1706342,3
79209061210,792,0906121,0
10655672161,106,5567216,1
72220567330,722,2056733,0
84189282432,841,8928243,2
86118198405,861,1819840,5
22506665925,225,0666592,5
98174569643,981,7456964,3
34293681552,342,9368155,2
68994619254,689,9461925,4
49137243921,491,3724392,1
79831065256,798,3106525,6
94285457680,942,8545768,0
28228053973,282,2805397,3
59789841466,597,8984146,6
55117540175,551,1754017,5
41460394320,414,6039432,0
63058061124,630,5806112,4
89554689394,895,5468939,4
23766194881,237,6619488,1
49058362382,490,5836238,2
22441095855,224,4109585,5
49242163111,492,4216311,1
33782048414,337,8204841,4
43440430816,434,4043081,6
60511224580,605,1122458,0
37245955672,372,4595567,2
43098758015,430,9875801,5
21496819475,214,9681947,5
49664442901,496,6444290,1
67834683463,678,3468346,3
64334234340,643,3423434,0
65644546994,656,4454699,4
12364675910,123,6467591,0
71365482502,713,6548250,2
98864178316,988,6417831,6
74445845464,744,4584546,4
67461145085,674,6114508,5
56735576042,567,3557604,2
38049775454,380,4977545,4
98549650760,985,4965076,0
62249576983,622,4957698,3
83275884404,832,7588440,4
32337773116,323,3777311,6
98328648582,983,2864858,2
62184957413,621,8495741,3
21698243865,216,9824386,5
98994764196,989,9476419,6
90640135061,906,4013506,1
36813869636,368,1386963,6
43017582892,430,1758289,2
33755361001,337,5536100,1
75802242365,758,0224236,5
26055854960,260,5585496,0
45103372866,451,0337286,6
33631847320,336,3184732,0
92325541036,923,2554103,6
49940310524,499,4031052,4
21596959660,215,9695966,0
64623701301,646,2370130,1
98527020394,985,2702039,4
62990749863,629,9074986,3
62863955024,628,6395502,4
17346630222,173,4663022,2
88337732710,883,3773271,0
13518959592,135,1895959,2
11432213733,114,3221373,3
18754450113,187,5445011,3
83146460834,831,4646083,4
13762763910,137,6276391,0
91104031643,911,0403164,3
21795251804,217,9525180,4
16111789765,161,1178976,5
57824116635,578,2411663,5
37127923265,371,2792326,5
11433857023,114,3385702,3
88106551056,881,0655105,6
94038752071,940,3875207,1
88575660926,885,7566092,6
90300639193,903,0063919,3
11869006925,118,6900692,5
75004151314,750,0415131,4
13703006243,137,0300624,3
59946845953,599,4684595,3
69653247681,696,5324768,1
42601503252,426,0150325,2
45914686790,459,1468679,0
45530398082,455,3039808,2
60466251461,604,6625146,1
71079868842,710,7986884,2
95258644240,952,5864424,0
43754778321,437,5477832,1
70662455274,706,6245527,4
86108437870,861,0843787,0
53961905504,539,6190550,4
12385636872,123,8563687,2
90119514926,901,1951492,6
27469582906,274,6958290,6
70180256052,701,8025605,2
26461697061,264,6169706,1
65165177154,651,6517715,4
44060346485,440,6034648,5
22571313094,225,7131309,4
24230209623,242,3020962,3
68575266401,685,7526640,1
98286177410,982,8617741,0
94588790836,945,8879083,6
25752790821,257,5279082,1
28579989215,285,7998921,5
94736905964,947,3690596,4
24968478491,249,6847849,1
20650745090,206,5074509,0
26573099045,265,7309904,5
14511236363,145,1123636,3
70465967251,704,6596725,1
97105909342,971,0590934,2
40435437595,404,3543759,5
30521988676,305,2198867,6
77947918671,779,4791867,1
21927434970,219,2743497,0
33773643113,337,7364311,3
83692084556,836,9208455,6
67988397332,679,8839733,2
47642862776,476,4286277,6
75317814396,753,1781439,6
83336385455,833,3638545,5
37604942780,376,0494278,0
92847720053,928,4772005,3
31325858640,313,2585864,0
69670718424,696,7071842,4
47959324144,479,5932414,4
13236338080,132,3633808,0
18115184434,181,1518443,4
76232896174,762,3289617,4
98425188495,984,2518849,5
24733274425,247,3327442,5
43930757753,439,3075775,3
47472393286,474,7239328,6
54008267700,540,0826770,0
93230672535,932,3067253,5
97562288860,975,6228886,0
30586259580,305,8625958,0
80029100390,800,2910039,0
90303209246,903,0320924,6
74577995053,745,7799505,3
38113775662,381,1377566,2
35713472643,357,1347264,3
91228053062,912,2805306,2
27558374182,275,5837418,2
55260855560,552,6085556,0
60179816820,601,7981682,0
90064897200,900,6489720,0
69689090244,696,8909024,4
84096968313,840,9696831,3
99118352181,991,1835218,1
39887452412,398,8745241,2
99555016040,995,5501604,0
47758246005,477,5824600,5
97022205371,970,2220537,1
70282977884,702,8297788,4
86038501201,860,3850120,1
80022931684,800,2293168,4
80820337501,808,2033750,1
39413717246,394,1371724,6
12302360685,123,0236068,5
93354078482,933,5407848,2
63065749565,630,6574956,5
29899416905,298,9941690,5
10185447193,101,8544719,3
64140334882,641,4033488,2
79920857684,799,2085768,4
42013236231,420,1323623,1
34399425566,343,9942556,6
21628727262,216,2872726,2
88333744613,883,3374461,3
56492333904,564,9233390,4
11234465906,112,3446590,6
71963863300,719,6386330,0
70267061485,702,6706148,5
42090099951,420,9009995,1
13278590262,132,7859026,2
86688269213,866,8826921,3
21720274465,217,2027446,5
88019111805,880,1911180,5
75709599366,757,0959936,6
16616087685,166,1608768,5
86342376791,863,4237679,1
15025484722,150,2548472,2
82642812436,826,4281243,6
89139206496,891,3920649,6
50981190243,509,8119024,3
30153239921,301,5323992,1
43940421815,439,4042181,5
11883909530,118,8390953,0
38643921810,386,4392181,0
38377923023,383,7792302,3
26286190785,262,8619078,5
44338412722,443,3841272,2
79134664423,791,3466442,3
38219554731,382,1955473,1
40982531253,409,8253125,3
85705243146,857,0524314,6
32708485815,327,0848581,5
60925548190,609,2554819,0
63564481033,635,6448103,3
99706932281,997,0693228,1
33530629270,335,3062927,0
98288719770,982,8871977,0
14804161171,148,0416117,1
41952720514,419,5272051,4
57620100560,576,2010056,0
80953441285,809,5344128,5
56563780786,565,6378078,6
23568614753,235,6861475,3
26494864420,264,9486442,0
86139040453,861,3904045,3
94713477630,947,1347763,0
25035196970,250,3519697,0
30063284721,300,6328472,1
30956917042,309,5691704,2
92389474330,923,8947433,0
53155839064,531,5583906,4
44406726872,444,0672687,2
22969805894,229,6980589,4
83092604394,830,9260439,4
16622826724,166,2282672,4
64020819475,640,2081947,5
56039309320,560,3930932,0
81595550464,815,9555046,4
23979313566,239,7931356,6
45752069543,457,5206954,3
96323495396,963,2349539,6
21828149133,218,2814913,3
26376523636,263,7652363,6
60080620523,600,8062052,3
58693558010,586,9355801,0
86490381531,864,9038153,1
47300955236,473,0095523,6
73104175871,731,0417587,1
88540656813,885,4065681,3
70685217750,706,8521775,0
22787475876,227,8747587,6
24015765271,240,1576527,1
53466537266,534,6653726,6
62432003066,624,3200306,6
41708506933,417,0850693,3
85710579654,857,1057965,4
15213991301,152,1399130,1
46496452931,464,9645293,1
39175590216,391,7559021,6
14393708690,143,9370869,0
38332488742,383,3248874,2
48085203915,480,8520391,5
67733160004,677,3316000,4
30798884675,307,9888467,5
79114076136,791,1407613,6
40727677322,407,2767732,2
17565612052,175,6561205,2
62122728851,621,2272885,1
15683230252,156,8323025,2
50502883652,505,0288365,2
41214313833,412,1431383,3
34049733790,340,4973379,0
73625605271,736,2560527,1
76508618176,765,0861817,6
53714487400,537,1448740,0
84858373480,848,5837348,0
22740888034,227,4088803,4
65317983436,653,1798343,6
13137141461,131,3714146,1
39267114130,392,6711413,0
21092365355,210,9236535,5
82156973526,821,5697352,6
79947503894,799,4750389,4
50149996104,501,4999610,4
59060595790,590,6059579,0
63271025822,632,7102582,2
23649629321,236,4962932,1
87785942486,877,8594248,6
73566927604,735,6692760,4
42145053052,421,4505305,2
68460603046,684,6060304,6
47902210641,479,0221064,1
79815807712,798,1580771,2
86415739123,864,1573912,3
71896015371,718,9601537,1
79611895316,796,1189531,6
21311517584,213,1151758,4
50997789361,509,9778936,1
21220544101,212,2054410,1
93411027973,934,1102797,3
30509471173,305,0947117,3
51131773013,511,3177301,3
36496334822,364,9633482,2
42863827071,428,6382707,1
60309092601,603,0909260,1
76624143962,766,2414396,2
72318965832,723,1896583,2
43523770863,435,2377086,3
72354771693,723,5477169,3
53594361353,535,9436135,3
73700349745,737,0034974,5
57899056822,578,9905682,2
25752768290,257,5276829,0
33520081091,335,2008109,1
60751026153,607,5102615,3
28730098574,287,3009857,4
61228566880,612,2856688,0
42376338271,423,7633827,1
35670540795,356,7054079,5
47136642182,471,3664218,2
68573863275,685,7386327,5
78642882295,786,4288229,5
32308288571,323,0828857,1
72160422740,721,6042274,0
51714637442,517,1463744,2
59599777441,595,9977744,1
19216925912,192,1692591,2
39087133685,390,8713368,5
56583792063,565,8379206,3
31889998076,318,8999807,6
67717948163,677,1794816,3
53263481990,532,6348199,0
56556183935,565,5618393,5
80965189074,809,6518907,4
57616908516,576,1690851,6
30404771882,304,0477188,2
90625870845,906,2587084,5
69542194941,695,4219494,1
26824481911,268,2448191,1
59396185046,593,9618504,6
12758451026,127,5845102,6
36011397730,360,1139773,0
71549541026,715,4954102,6
49656474090,496,5647409,0
77666569290,776,6656929,0
56093523233,560,9352323,3
72009732122,720,0973212,2
79006429832,790,0642983,2
13971391903,139,7139190,3
31571342563,315,7134256,3
80325168595,803,2516859,5
70324854530,703,2485453,0
75319792854,753,1979285,4
66898749784,668,9874978,4
45268925524,452,6892552,4
27526984405,275,2698440,5
37269221194,372,6922119,4
92106762586,921,0676258,6
95225758835,952,2575883,5
15188113020,151,8811302,0
73250213006,732,5021300,6
61090446000,610,9044600,0
51886737606,518,8673760,6
73031354421,730,3135442,1
35053426513,350,5342651,3
17722002284,177,2200228,4
46424221384,464,2422138,4
39069387941,390,6938794,1
73719372706,737,1937270,6
97474226944,974,7422694,4
30230412394,302,3041239,4
73271899996,732,7189999,6
60166868601,601,6686860,1
90174994504,901,7499450,4
96271779042,962,7177904,2
68029444872,680,2944487,2
44526695825,445,2669582,5
19945001850,199,4500185,0
49992756503,499,9275650,3
58857952464,588,5795246,4
39658951016,396,5895101,6
65077496436,650,7749643,6
80967895700,809,6789570,0
65412182052,654,1218205,2
55401163246,554,0116324,6
15742139830,157,4213983,0
68161921182,681,6192118,2
34294981892,342,9498189,2
74855071995,748,5507199,5
75864383395,758,6438339,5
89906262783,899,0626278,3
65316827044,653,1682704,4
80669547923,806,6954792,3
89066568372,890,6656837,2
76458879432,764,5887943,2
12439744654,124,3974465,4
33912945613,339,1294561,3
45700121781,457,0012178,1
91280276925,912,8027692,5
90012744283,900,1274428,3
57888570852,578,8857085,2
42559019414,425,5901941,4
22628584721,226,2858472,1
61159777291,611,5977729,1
99092426381,990,9242638,1
22912841322,229,1284132,2
41783491551,417,8349155,1
62430238781,624,3023878,1
50456505884,504,5650588,4
95137768333,951,3776833,3
20447021745,204,4702174,5
23660889170,236,6088917,0
35031024191,350,3102419,1
86327549551,863,2754955,1
60952114402,609,5211440,2
71446324064,714,4632406,4
24424943704,244,2494370,4
86807523181,868,0752318,1
27158873652,271,5887365,2
81717057672,817,1705767,2
31253319320,312,5331932,0
46018180195,460,1818019,5
11334302133,113,3430213,3
85228603900,852,2860390,0
19976742753,199,7674275,3
92810095392,928,1009539,2
62409236391,624,0923639,1
20144101782,201,4410178,2
98200542503,982,0054250,3
87141989133,871,4198913,3
61289420554,612,8942055,4
19329148786,193,2914878,6
11287227350,112,8722735,0
73259779416,732,5977941,6
25847164115,258,4716411,5
26537825074,265,3782507,4
61732632445,617,3263244,5
26000178430,260,0017843,0
15283883972,152,8388397,2
96127423512,961,2742351,2
99348665615,993,4866561,5
71387904725,713,8790472,5
28655876331,286,5587633,1
64617408174,646,1740817,4
41388724292,413,8872429,2
19642353123,196,4235312,3
67437595595,674,3759559,5
23780854292,237,8085429,2
88704895361,887,0489536,1
93758770286,937,5877028,6
91265854426,912,6585442,6
20433764621,204,3376462,1
78330470313,783,3047031,3
69780479775,697,8047977,5
22481572112,224,8157211,2
29717357470,297,1735747,0
28293114104,282,9311410,4
65103449600,651,0344960,0
11386372450,113,8637245,0
33811631923,338,1163192,3
54195664952,541,9566495,2
73954762452,739,5476245,2
35548031515,355,4803151,5
80226463854,802,2646385,4
19235862626,192,3586262,6
35482116555,354,8211655,5
98834883751,988,3488375,1
24232995931,242,3299593,1
81254796340,812,5479634,0
16954188524,169,5418852,4
83528412112,835,2841211,2
48112911025,481,1291102,5
59944761401,599,4476140,1
96823893913,968,2389391,3
69890558336,698,9055833,6
51300453626,513,0045362,6
59494639473,594,9463947,3
43522646312,435,2264631,2
35575802240,355,7580224,0
93213033554,932,1303355,4
39511008250,395,1100825,0
77653430544,776,5343054,4
22753993774,227,5399377,4
30645044626,306,4504462,6
89019840632,890,1984063,2
72372101653,723,7210165,3
59983918253,599,8391825,3
81966608613,819,6660861,3
85923644100,859,2364410,0
80317682936,803,1768293,6
71264014445,712,6401444,5
20264816421,202,6481642,1
27394009545,273,9400954,5
13239726822,132,3972682,2
80715695841,807,1569584,1
10448879716,104,4887971,6
43836223441,438,3622344,1
11081910091,110,8191009,1
59040658076,590,4065807,6
10294449171,102,9444917,1
54217958446,542,1795844,6
80821421602,808,2142160,2
67696260846,676,9626084,6
97130539451,971,3053945,1
69754859664,697,5485966,4
31556558725,315,5655872,5
55431451911,554,3145191,1
17191158412,171,9115841,2
79249859941,792,4985994,1
57320758624,573,2075862,4
39315411445,393,1541144,5
96510329846,965,1032984,6
50072626161,500,7262616,1
85997948720,859,9794872,0
83550841326,835,5084132,6
90529812753,905,2981275,3
71821061191,718,2106119,1
87944619136,879,4461913,6
49150553544,491,5055354,4
58106684891,581,0668489,1
60826370673,608,2637067,3
72101769703,721,0176970,3
86324062511,863,2406251,1
49881691321,498,8169132,1
85378525273,853,7852527,3
71713040070,717,1304007,0
24170782102,241,7078210,2
66383463522,663,8346352,2
89493426791,894,9342679,1
56823004791,568,2300479,1
23196469994,231,9646999,4
20743049575,207,4304957,5
43185037966,431,8503796,6
99750357371,997,5035737,1
52728995026,527,2899502,6
89275870673,892,7587067,3
34446676675,344,4667667,5
57226043690,572,2604369,0
53321033270,533,2103327,0
99773586586,997,7358658,6
37369913384,373,6991338,4
89707096661,897,0709666,1
27330255870,273,3025587,0
38659335441,386,5933544,1
33472893856,334,7289385,6
72371661736,723,7166173,6
86257850816,862,5785081,6
15996474940,159,9647494,0
79378596725,793,7859672,5
74985228035,749,8522803,5
12902941742,129,0294174,2
82883014452,828,8301445,2
32186820612,321,8682061,2
64461035421,644,6103542,1
56411069870,564,1106987,0
21436235821,214,3623582,1
18698506115,186,9850611,5
99881122335,998,8112233,5
23493085011,234,9308501,1
51166634454,511,6663445,4
74366404153,743,6640415,3
82897016140,828,9701614,0
89668958324,896,6895832,4
91315903402,913,1590340,2
32954831532,329,5483153,2
78645760603,786,4576060,3
89236927920,892,3692792,0
41085711972,410,8571197,2
27761746804,277,6174680,4
87388255664,873,8825566,4
67763636836,677,6363683,6
91937178155,919,3717815,5
22198368631,221,9836863,1
17352605991,173,5260599,1
65631054942,656,3105494,2
66772166062,667,7216606,2
61821832296,618,2183229,6
93872697244,938,7269724,4
99405151276,994,0515127,6
68340521210,683,4052121,0
11752221226,117,5222122,6
75026658045,750,2665804,5
71923484300,719,2348430,0
33884841612,338,8484161,2
47236953636,472,3695363,6
62097425276,620,9742527,6
32017688791,320,1768879,1
16106025391,161,0602539,1
88061964083,880,6196408,3
15097631730,150,9763173,0
17169172404,171,6917240,4
51841817150,518,4181715,0
44610872270,446,1087227,0
17310381815,173,1038181,5
63206639073,632,0663907,3
35473300455,354,7330045,5
21138943216,211,3894321,6
23635152940,236,3515294,0
60665273043,606,6527304,3
10250028751,102,5002875,1
35058689461,350,5868946,1
64768805841,647,6880584,1
92574676546,925,7467654,6
28122261553,281,2226155,3
29551937232,295,5193723,2
88413738040,884,1373804,0
49706201470,497,0620147,0
72313216293,723,1321629,3
95164021872,951,6402187,2
76337252114,763,3725211,4
51567284165,515,6728416,5
38992786073,389,9278607,3
64065738563,640,6573856,3
35039683326,350,3968332,6
85355367443,853,5536744,3
31944426603,319,4442660,3
79843190275,798,4319027,5
64855353352,648,5535335,2
16708967976,167,0896797,6
99938714876,999,3871487,6
46317042804,463,1704280,4
22764662790,227,6466279,0
45936465803,459,3646580,3
36291724012,362,9172401,2
35630592175,356,3059217,5
51533552744,515,3355274,4
69022262744,690,2226274,4
74681904265,746,8190426,5
14814586393,148,1458639,3
82454899071,824,5489907,1
58631249912,586,3124991,2
60786788586,607,8678858,6
39923355304,399,2335530,4
49457198426,494,5719842,6
41260223866,412,6022386,6
37617849832,376,1784983,2
58862431120,588,6243112,0
16784621055,167,8462105,5
22156342213,221,5634221,3
54919796012,549,1979601,2
55540516803,555,4051680,3
10011076050,100,1107605,0
36555207073,365,5520707,3
68064462842,680,6446284,2
17229402076,172,2940207,6
58745188473,587,4518847,3
27292938916,272,9293891,6
49594268052,495,9426805,2
21035743065,210,3574306,5
26406020972,264,0602097,2
75975492264,759,7549226,4
37471010473,374,7101047,3
19001065025,190,0106502,5
45926328884,459,2632888,4
22448318193,224,4831819,3
79109783061,791,0978306,1
88276166973,882,7616697,3
87105319670,871,0531967,0
36712341965,367,1234196,5
67890027746,678,9002774,6
48365887744,483,6588774,4
48586418234,485,8641823,4
72405099721,724,0509972,1
36750435783,367,5043578,3
76480066354,764,8006635,4
50821787530,508,2178753,0
40184354194,401,8435419,4
25338501760,253,3850176,0
39495009483,394,9500948,3
34600380503,346,0038050,3
23988546473,239,8854647,3
99268940015,992,6894001,5
34337449632,343,3744963,2
23296455282,232,9645528,2
60853099242,608,5309924,2
68678506341,686,7850634,1
10800450782,108,0045078,2
93809114445,938,0911444,5
65847818444,658,4781844,4
26788457001,267,8845700,1
83514899273,835,1489927,3
36830031804,368,3003180,4
15439361234,154,3936123,4
22937781420,229,3778142,0
82677618003,826,7761800,3
38432595252,384,3259525,2
52208479496,522,0847949,6
42401585450,424,0158545,0
52737552226,527,3755222,6
59981144423,599,8114442,3
69879316473,698,7931647,3
67499766156,674,9976615,6
28955521616,289,5552161,6
28065464860,280,6546486,0
83154590214,831,5459021,4
58461858615,584,6185861,5
58063376975,580,6337697,5
25483150472,254,8315047,2
30007579521,300,0757952,1
89239116106,892,3911610,6
15261923581,152,6192358,1
39958416084,399,5841608,4
39714169322,397,1416932,2
56356304141,563,5630414,1
85892095112,858,9209511,2
22114722274,221,1472227,4
94841729186,948,4172918,6
67144705960,671,4470596,0
45280664843,452,8066484,3
79329066736,793,2906673,6
13390680994,133,9068099,4
35546405205,355,4640520,5
25357525400,253,5752540,0
66175760271,661,7576027,1
62319737031,623,1973703,1
45934568762,459,3456876,2
38027680253,380,2768025,3
91116826980,911,1682698,0
28031162593,280,3116259,3
22510434650,225,1043465,0
44366547326,443,6654732,6
35271956432,352,7195643,2
30562151781,305,6215178,1
67104362252,671,0436225,2
56589034393,565,8903439,3
72138120291,721,3812029,1
66742675290,667,4267529,0
40539941625,405,3994162,5
21710559874,217,1055987,4
55566532181,555,6653218,1
76790886436,767,9088643,6
97115172680,971,1517268,0
71005943714,710,0594371,4
44093021441,440,9302144,1
35910090443,359,1009044,3
62381218200,623,8121820,0
33893441315,338,9344131,5
19555783610,195,5578361,0
94078252401,940,7825240,1
43718790563,437,1879056,3
57636890660,576,3689066,0
31873395052,318,7339505,2
45804954112,458,0495411,2
74426456394,744,2645639,4
11055331355,110,5533135,5
70604280284,706,0428028,4
49092598505,490,9259850,5
47936214344,479,3621434,4
85575657336,855,7565733,6
36861787575,368,6178757,5
22622771421,226,2277142,1
82634397744,826,3439774,4
89692783593,896,9278359,3
49524951186,495,2495118,6
53640984391,536,4098439,1
48592505442,485,9250544,2
43452668286,434,5266828,6
52983785046,529,8378504,6
61386767135,613,8676713,5
93528555000,935,2855500,0
48206404250,482,0640425,0
48192371111,481,9237111,1
76892383892,768,9238389,2
29982824300,299,8282430,0
54787099300,547,8709930,0
93507034164,935,0703416,4
17199415901,171,9941590,1
20611432620,206,1143262,0
17537534435,175,3753443,5
98810696133,988,1069613,3
84555850054,845,5585005,4
50707662414,507,0766241,4
79019545622,790,1954562,2
78152759823,781,5275982,3
24663236054,246,6323605,4
62733436380,627,3343638,0
75042691916,750,4269191,6
57367084383,573,6708438,3
73705420905,737,0542090,5
19654872904,196,5487290,4
58612913652,586,1291365,2
96762011692,967,6201169,2
28093987221,280,9398722,1
88188963280,881,8896328,0
44433675284,444,3367528,4
34305012275,343,0501227,5
89941019624,899,4101962,4
66528840372,665,2884037,2
56124174015,561,2417401,5
62759514343,627,5951434,3
56052341312,560,5234131,2
17520425053,175,2042505,3
47363834452,473,6383445,2
94387718284,943,8771828,4
56808521702,568,0852170,2
71820698231,718,2069823,1
93552148185,935,5214818,5
13411997925,134,1199792,5
56805800723,568,0580072,3
98173727756,981,7372775,6
52988199062,529,8819906,2
50721196525,507,2119652,5
24157737951,241,5773795,1
41148424415,411,4842441,5
91753021353,917,5302135,3
26886888122,268,8688812,2
24145911733,241,4591173,3
95802326653,958,0232665,3
36129836420,361,2983642,0
53626863200,536,2686320,0
17615796264,176,1579626,4
62938961036,629,3896103,6
50514373032,505,1437303,2
60759410354,607,5941035,4
83666385542,836,6638554,2
40454435191,404,5443519,1
16322951900,163,2295190,0
92610061530,926,1006153,0
44605909205,446,0590920,5
77285608076,772,8560807,6
70273380213,702,7338021,3
51339960545,513,3996054,5
10830695292,108,3069529,2
31433154452,314,3315445,2
19199656893,191,9965689,3
64460978294,644,6097829,4
16505566185,165,0556618,5
43178090955,431,7809095,5
88695769751,886,9576975,1
81188811002,811,8881100,2
76444219850,764,4421985,0
40972000041,409,7200004,1
13935912252,139,3591225,2
43748102244,437,4810224,4
66464542543,664,6454254,3
94401917164,944,0191716,4
98917454715,989,1745471,5
39564882695,395,6488269,5
97721366563,977,2136656,3
46291505401,462,9150540,1
89993257021,899,9325702,1
83691469162,836,9146916,2
16801873774,168,0187377,4
38495571994,384,9557199,4
25050511875,250,5051187,5
68582710325,685,8271032,5
96092131011,960,9213101,1
84431561580,844,3156158,0
29329399140,293,2939914,0
86370184905,863,7018490,5
58278666371,582,7866637,1
59315284793,593,1528479,3
89310016192,893,1001619,2
84109382015,841,0938201,5
97470686851,974,7068685,1
41669878652,416,6987865,2
88327788882,883,2778888,2
53575564685,535,7556468,5
55056979745,550,5697974,5
59529218755,595,2921875,5
89817534462,898,1753446,2
54280326285,542,8032628,5
85631473074,856,3147307,4
16289643500,162,8964350,0
50559187470,505,5918747,0
72225138884,722,2513888,4
45392754994,453,9275499,4
73255696921,732,5569692,1
58542662816,585,4266281,6
27822680874,278,2268087,4
36405632840,364,0563284,0
45484690022,454,8469002,2
70034230201,700,3423020,1
49580854740,495,8085474,0
50656437760,506,5643776,0
22981048393,229,8104839,3
36732091090,367,3209109,0
99099535870,990,9953587,0
61821205383,618,2120538,3
15717743171,157,1774317,1
18062684770,180,6268477,0
77306421902,773,0642190,2
40164484151,401,6448415,1
37476238413,374,7623841,3
57737533774,577,3753377,4
83225985894,832,2598589,4
75612744072,756,1274407,2
70294680054,702,9468005,4
41181549984,411,8154998,4
39357555106,393,5755510,6
85478087660,854,7808766,0
99690199696,996,9019969,6
54217852171,542,1785217,1
90669597522,906,6959752,2
88742994211,887,4299421,1
92020146823,920,2014682,3
42636958374,426,3695837,4
52387581660,523,8758166,0
98628763863,986,2876386,3
72971934651,729,7193465,1
95474474010,954,7447401,0
86867469382,868,6746938,2
90886384763,908,8638476,3
64313152626,643,1315262,6
48847882295,488,4788229,5
45399667113,453,9966711,3
40102277643,401,0227764,3
27283727004,272,8372700,4
86609623436,866,0962343,6
16233077653,162,3307765,3
94553115174,945,5311517,4
46926486860,469,2648686,0
80313737676,803,1373767,6
46193494310,461,9349431,0
12415869392,124,1586939,2
27588886162,275,8888616,2
32465180202,324,6518020,2
43225856083,432,2585608,3
81438314770,814,3831477,0
45589560473,455,8956047,3
32709522603,327,0952260,3
70777251114,707,7725111,4
64877709713,648,7770971,3
28473572296,284,7357229,6
11096629815,110,9662981,5
28150782990,281,5078299,0
33642558132,336,4255813,2
41336502383,413,3650238,3
37512875582,375,1287558,2
47858454604,478,5845460,4
66561905135,665,6190513,5
73432613082,734,3261308,2
10377252790,103,7725279,0
24002891404,240,0289140,4
23887296523,238,8729652,3
85243183776,852,4318377,6
93078903392,930,7890339,2
38128373261,381,2837326,1
16405645975,164,0564597,5
61937307803,619,3730780,3
73708795966,737,0879596,6
77352224116,773,5222411,6
28146225256,281,4622525,6
21725312991,217,2531299,1
86560503910,865,6050391,0
42683314444,426,8331444,4
93749813491,937,4981349,1
69677252202,696,7725220,2
25357692852,253,5769285,2
99703297390,997,0329739,0
42242514884,422,4251488,4
69582963644,695,8296364,4
11019031603,110,1903160,3
25653230666,256,5323066,6
11942680111,119,4268011,1
78731231615,787,3123161,5
45857787864,458,5778786,4
89992217523,899,9221752,3
57392702641,573,9270264,1
11188619622,111,8861962,2
77659067650,776,5906765,0
38185154946,381,8515494,6
43954477555,439,5447755,5
16095400722,160,9540072,2
31655470730,316,5547073,0
60223664501,602,2366450,1
36363583990,363,6358399,0
91529369743,915,2936974,3
89991204213,899,9120421,3
46449954874,464,4995487,4
45376122550,453,7612255,0
63322190091,633,2219009,1
28747021534,287,4702153,4
31860350156,318,6035015,6
82014968394,820,1496839,4
82214618215,822,1461821,5
69976242866,699,7624286,6
44419912063,444,1991206,3
55074234572,550,7423457,2
64887750576,648,8775057,6
28012425155,280,1242515,5
70794687816,707,9468781,6
48902294226,489,0229422,6
26947906415,269,4790641,5
76885887286,768,8588728,6
85319497480,853,1949748,0
67979558085,679,7955808,5
13793985592,137,9398559,2
19017543724,190,1754372,4
36831471881,368,3147188,1
89727309554,897,2730955,4
93159668825,931,5966882,5
76631283232,766,3128323,2
68646323412,686,4632341,2
33822627172,338,2262717,2
94742519420,947,4251942,0
15158817590,151,5881759,0
37664181815,376,6418181,5
38796472922,387,9647292,2
79528374133,795,2837413,3
37825682805,378,2568280,5
54074895452,540,7489545,2
50941508140,509,4150814,0
55069885110,550,6988511,0
39898570232,398,9857023,2
79352850833,793,5285083,3
31349693980,313,4969398,0
52738552670,527,3855267,0
20882349415,208,8234941,5
33984324003,339,8432400,3
53244523223,532,4452322,3
45521659994,455,2165999,4
84577390976,845,7739097,6
80380848533,803,8084853,3
20907643142,209,0764314,2
85666216813,856,6621681,3
76770724051,767,7072405,1
36117253236,361,1725323,6
39444039383,394,4403938,3
21920615434,219,2061543,4
52325612400,523,2561240,0
85887990230,858,8799023,0
52892307723,528,9230772,3
14768518914,147,6851891,4
62181090033,621,8109003,3
86921790092,869,2179009,2
45948201160,459,4820116,0
77188768372,771,8876837,2
22275639430,222,7563943,0
72887840512,728,8784051,2
47506610006,475,0661000,6
63223232954,632,2323295,4
57614864762,576,1486476,2
81259008134,812,5900813,4
10045911882,100,4591188,2
71415186622,714,1518662,2
21727814560,217,2781456,0
40718310955,407,1831095,5
84449809016,844,4980901,6
93547265902,935,4726590,2
44896409486,448,9640948,6
72384028423,723,8402842,3
46881478646,468,8147864,6
94641720276,946,4172027,6
25031133066,250,3113306,6
12971062545,129,7106254,5
41832149611,418,3214961,1
43053087111,430,5308711,1
99892340945,998,9234094,5
13419780764,134,1978076,4
17046029241,170,4602924,1
15557457734,155,5745773,4
41105947601,411,0594760,1
36340737734,363,4073773,4
75272191395,752,7219139,5
22964797503,229,6479750,3
54792318200,547,9231820,0
10047628734,100,4762873,4
90890056611,908,9005661,1
49521309132,495,2130913,2
24579712860,245,7971286,0
99348897843,993,4889784,3
19112269573,191,1226957,3
54298818806,542,9881880,6
82850471022,828,5047102,2
53015886531,530,1588653,1
18376186343,183,7618634,3
65483244820,654,8324482,0
22048787772,220,4878777,2
88897970451,888,9797045,1
76163492131,761,6349213,1
33352489185,333,5248918,5
27453210936,274,5321093,6
31661934993,316,6193499,3
40072514482,400,7251448,2
88255259145,882,5525914,5
44009270195,440,0927019,5
48655315603,486,5531560,3
91780481292,917,8048129,2
76470400425,764,7040042,5
41961013846,419,6101384,6
61328924336,613,2892433,6
79033783656,790,3378365,6
96725212644,967,2521264,4
34380580121,343,8058012,1
82404001074,824,0400107,4
92360967445,923,6096744,5
25952365073,259,5236507,3
69026471664,690,2647166,4
88903424241,889,0342424,1
22919369390,229,1936939,0
79434564664,794,3456466,4
42512215972,425,1221597,2
35334846786,353,3484678,6
36230445273,362,3044527,3
70700693520,707,0069352,0
57227876203,572,2787620,3
12002431191,120,0243119,1
90563320896,905,6332089,6
80800693043,808,0069304,3
92875860411,928,7586041,1
40688354774,406,8835477,4
90784411831,907,8441183,1
20694354523,206,9435452,3
60615568230,606,1556823,0
36011778353,360,1177835,3
75592933831,755,9293383,1
66524157010,665,2415701,0
83275245032,832,7524503,2
44696065346,446,9606534,6
94969429673,949,6942967,3
93826420663,938,2642066,3
44884783393,448,8478339,3
20302810750,203,0281075,0
99575847022,995,7584702,2
33711963035,337,1196303,5
23983970395,239,8397039,5
58300574165,583,0057416,5
72786554652,727,8655465,2
57138031224,571,3803122,4
69622765840,696,2276584,0
76453240503,764,5324050,3
25245435686,252,4543568,6
96784619265,967,8461926,5
14671905460,146,7190546,0
98039768105,980,3976810,5
82017185695,820,1718569,5
46611235081,466,1123508,1
76290686546,762,9068654,6
94531617681,945,3161768,1
26681221114,266,8122111,4
92270411933,922,7041193,3
57729489563,577,2948956,3
12960031091,129,6003109,1
40633816636,406,3381663,6
72852414236,728,5241423,6
86664732970,866,6473297,0
63228243426,632,2824342,6
39845463041,398,4546304,1
82401625545,824,0162554,5
38103620915,381,0362091,5
75912942793,759,1294279,3
78027649835,780,2764983,5
93368161414,933,6816141,4
84543499484,845,4349948,4
41541857053,415,4185705,3
99712049025,997,1204902,5
13437439265,134,3743926,5
79119721265,791,1972126,5
13637258796,136,3725879,6
35678197333,356,7819733,3
32595750486,325,9575048,6
37008925211,370,0892521,1
49118934105,491,1893410,5
15807584465,158,0758446,5
52501975062,525,0197506,2
41375396715,413,7539671,5
23778716104,237,7871610,4
45848948734,458,4894873,4
93780488325,937,8048832,5
50353357416,503,5335741,6
26674943350,266,7494335,0
24508182945,245,0818294,5
18035309361,180,3530936,1
59689638065,596,8963806,5
10324421142,103,2442114,2
70405775404,704,0577540,4
26645272703,266,4527270,3
59123739973,591,2373997,3
35122521920,351,2252192,0
47272989882,472,7298988,2
22530736923,225,3073692,3
70135305872,701,3530587,2
74802732880,748,0273288,0
22332699030,223,3269903,0
64707713811,647,0771381,1
71783233830,717,8323383,0
41209603831,412,0960383,1
44966010894,449,6601089,4
38667366116,386,6736611,6
70017939970,700,1793997,0
21578015086,215,7801508,6
40465597335,404,6559733,5
91017615524,910,1761552,4
62212429965,622,1242996,5
53336576610,533,3657661,0
62557891630,625,5789163,0
52070104282,520,7010428,2
99938400582,999,3840058,2
20109911782,201,0991178,2
84356611025,843,5661102,5
14234088233,142,3408823,3
56082081164,560,8208116,4
91636999233,916,3699923,3
73066846782,730,6684678,2
20285286724,202,8528672,4
51224664343,512,2466434,3
57225931710,572,2593171,0
39902717576,399,0271757,6
31157490033,311,5749003,3
11855916290,118,5591629,0
62067383040,620,6738304,0
45677590101,456,7759010,1
46311393131,463,1139313,1
55090262761,550,9026276,1
65072952574,650,7295257,4
83471524326,834,7152432,6
55389269520,553,8926952,0
91746263424,917,4626342,4
30450815874,304,5081587,4
45038653565,450,3865356,5
26860252520,268,6025252,0
30754452992,307,5445299,2
56386954034,563,8695403,4
73782418656,737,8241865,6
93707555394,937,0755539,4
19204811713,192,0481171,3
85809083653,858,0908365,3
60411656271,604,1165627,1
69338490880,693,3849088,0
68070372962,680,7037296,2
30776557093,307,7655709,3
19050774314,190,5077431,4
26689148653,266,8914865,3
16663842746,166,6384274,6
33972451882,339,7245188,2
26357610256,263,5761025,6
71861922373,718,6192237,3
43256054625,432,5605462,5
53896517503,538,9651750,3
53464500071,534,6450007,1
53392140815,533,9214081,5
31234848022,312,3484802,2
73817074984,738,1707498,4
26263450205,262,6345020,5
94791810764,947,9181076,4
48527356383,485,2735638,3
40288459105,402,8845910,5
44182570135,441,8257013,5
51879136902,518,7913690,2
71119372491,711,1937249,1
19035829263,190,3582926,3
29977621912,299,7762191,2
82248958296,822,4895829,6
66426583144,664,2658314,4
32902367035,329,0236703,5
96705458426,967,0545842,6
60919451921,609,1945192,1
13355481020,133,5548102,0
19963186843,199,6318684,3
40621958025,406,2195802,5
47390164204,473,9016420,4
73714170530,737,1417053,0
72224629041,722,2462904,1
60183334804,601,8333480,4
24244838435,242,4483843,5
46348349344,463,4834934,4
96593457743,965,9345774,3
81518086163,815,1808616,3
61451957583,614,5195758,3
71188622160,711,8862216,0
36263927530,362,6392753,0
74575055471,745,7505547,1
10309881315,103,0988131,5
66463113083,664,6311308,3
56871158314,568,7115831,4
75174198313,751,7419831,3
12765484901,127,6548490,1
42907389442,429,0738944,2
20758129804,207,5812980,4
12416596453,124,1659645,3
19421694332,194,2169433,2
38995349093,389,9534909,3
60489611426,604,8961142,6
58973106971,589,7310697,1
72681972844,726,8197284,4
16311641183,163,1164118,3
40687931381,406,8793138,1
43370909416,433,7090941,6
24091909701,240,9190970,1
68048717995,680,4871799,5
54671023361,546,7102336,1
43034127490,430,3412749,0
92612357453,926,1235745,3
89040880692,890,4088069,2
98576149896,985,7614989,6
96996792735,969,9679273,5
28242626915,282,4262691,5
12227148546,122,2714854,6
75280832494,752,8083249,4
46390041775,463,9004177,5
57560727640,575,6072764,0
48907726690,489,0772669,0
98736542933,987,3654293,3
23309881610,233,0988161,0
35198340034,351,9834003,4
68436732341,684,3673234,1
27755682490,277,5568249,0
35272741773,352,7274177,3
14129795791,141,2979579,1
62324755005,623,2475500,5
18389871841,183,8987184,1
92132939181,921,3293918,1
19973739031,199,7373903,1
88958689250,889,5868925,0
79897301152,798,9730115,2
73101010051,731,0101005,1
82929161314,829,2916131,4
32890521112,328,9052111,2
36223248214,362,2324821,4
54879453461,548,7945346,1
13550709301,135,5070930,1
88922409052,889,2240905,2
76412295816,764,1229581,6
63975626691,639,7562669,1
52406414231,524,0641423,1
36980570255,369,8057025,5
48455424035,484,5542403,5
64239694254,642,3969425,4
25167607700,251,6760770,0
90196103975,901,9610397,5
85988245625,859,8824562,5
27641153341,276,4115334,1
78508714650,785,0871465,0
87036649170,870,3664917,0
70303394834,703,0339483,4
73951011000,739,5101100,0
98676673126,986,7667312,6
23676223951,236,7622395,1
47407829363,474,0782936,3
33097018800,330,9701880,0
39481117195,394,8111719,5
33466898763,334,6689876,3
58425866541,584,2586654,1
12323182571,123,2318257,1
91822910746,918,2291074,6
91730381412,917,3038141,2
44127493160,441,2749316,0
58277611550,582,7761155,0
69210465051,692,1046505,1
62199209390,621,9920939,0
64916614412,649,1661441,2
57469430346,574,6943034,6
98237934033,982,3793403,3
10153261122,101,5326112,2
35236267586,352,3626758,6
29156657085,291,5665708,5
23841389235,238,4138923,5
56568006556,565,6800655,6
23502925012,235,0292501,2
77719536446,777,1953644,6
37576848465,375,7684846,5
24393390846,243,9339084,6
50073579090,500,7357909,0
70762991124,707,6299112,4
23305448565,233,0544856,5
28947637143,289,4763714,3
89849666773,898,4966677,3
39618421990,396,1842199,0
42551652522,425,5165252,2
29193389593,291,9338959,3
30903478885,309,0347888,5
99129082584,991,2908258,4
27262521390,272,6252139,0
55843632206,558,4363220,6
23122030495,231,2203049,5
60770534101,607,7053410,1
72929158743,729,2915874,3
34521509763,345,2150976,3
50517066222,505,1706622,2
31010895731,310,1089573,1
78595149862,785,9514986,2
71363859425,713,6385942,5
36854615943,368,5461594,3
41907226364,419,0722636,4
90718657860,907,1865786,0
80435632951,804,3563295,1
46795169091,467,9516909,1
78590632005,785,9063200,5
38672974480,386,7297448,0
32274486546,322,7448654,6
94547424142,945,4742414,2
40732631105,407,3263110,5
82372094092,823,7209409,2
75294190903,752,9419090,3
28600418420,286,0041842,0
11692458922,116,9245892,2
91644936076,916,4493607,6
23490292534,234,9029253,4
80914263661,809,1426366,1
70378252495,703,7825249,5
77404486323,774,0448632,3
93203634393,932,0363439,3
47337102425,473,3710242,5
30019259865,300,1925986,5
63555670366,635,5567036,6
69794075675,697,9407567,5
22576826245,225,7682624,5
74902406690,749,0240669,0
21860827713,218,6082771,3
48902156843,489,0215684,3
67906119461,679,0611946,1
82117190823,821,1719082,3
92206382840,922,0638284,0
93747642204,937,4764220,4
54853944592,548,5394459,2
93214804333,932,1480433,3
24685304765,246,8530476,5
44296169194,442,9616919,4
61612982415,616,1298241,5
61866398193,618,6639819,3
98334080543,983,3408054,3
96749000985,967,4900098,5
62726137060,627,2613706,0
61645315046,616,4531504,6
14481180974,144,8118097,4
33458666865,334,5866686,5
56835423844,568,3542384,4
45649132046,456,4913204,6
34520267254,345,2026725,4
22598774990,225,9877499,0
89686183061,896,8618306,1
87943563491,879,4356349,1
38620551523,386,2055152,3
39164863291,391,6486329,1
67800114462,678,0011446,2
90778409786,907,7840978,6
42710907421,427,1090742,1
59276340255,592,7634025,5
98146237694,981,4623769,4
16630282940,166,3028294,0
71235723340,712,3572334,0
12562073472,125,6207347,2
17717895043,177,1789504,3
73608582315,736,0858231,5
69818789132,698,1878913,2
76417015655,764,1701565,5
24946128243,249,4612824,3
29103126171,291,0312617,1
80656613374,806,5661337,4
99116054252,991,1605425,2
69070008141,690,7000814,1
26040528102,260,4052810,2
92247201860,922,4720186,0
33983304396,339,8330439,6
89499170850,894,9917085,0
15539788233,155,3978823,3
76925589363,769,2558936,3
23979830070,239,7983007,0
37623430884,376,2343088,4
48267167571,482,6716757,1
15635221303,156,3522130,3
58835850280,588,3585028,0
97407829902,974,0782990,2
34070761620,340,7076162,0
46634735061,466,3473506,1
15634342000,156,3434200,0
87479071016,874,7907101,6
64430035624,644,3003562,4
56529701325,565,2970132,5
57281172543,572,8117254,3
51157139843,511,5713984,3
93743968850,937,4396885,0
94839344054,948,3934405,4
30759101675,307,5910167,5
62313302222,623,1330222,2
26752085930,267,5208593,0
27893407382,278,9340738,2
32878391791,328,7839179,1
68187891012,681,8789101,2
23008771903,230,0877190,3
73037065774,730,3706577,4
82877716373,828,7771637,3
53092408374,530,9240837,4
30297607960,302,9760796,0
70654656006,706,5465600,6
18578694052,185,7869405,2
58306287495,583,0628749,5
55356491766,553,5649176,6
46256762423,462,5676242,3
48587473400,485,8747340,0
83736616221,837,3661622,1
71392825284,713,9282528,4
37606653231,376,0665323,1
66360987995,663,6098799,5
69745388653,697,4538865,3
84401028621,844,0102862,1
24652776862,246,5277686,2
95037930760,950,3793076,0
14551974324,145,5197432,4
43133736645,431,3373664,5
57842024470,578,4202447,0
88384946651,883,8494665,1
38203844235,382,0384423,5
73638067166,736,3806716,6
11451836116,114,5183611,6
55510886692,555,1088669,2
13651275163,136,5127516,3
30740024350,307,4002435,0
13279530111,132,7953011,1
39377599330,393,7759933,0
50922285666,509,2228566,6
77791338695,777,9133869,5
56819006786,568,1900678,6
21784013340,217,8401334,0
87655749195,876,5574919,5
56444316851,564,4431685,1
16689518370,166,8951837,0
32258094835,322,5809483,5
14193562513,141,9356251,3
22132445220,221,3244522,0
64183778506,641,8377850,6
66866150350,668,6615035,0
26961134713,269,6113471,3
53198328764,531,9832876,4
17468717750,174,6871775,0
42536945114,425,3694511,4
86258014286,862,5801428,6
63650217965,636,5021796,5
69268682723,692,6868272,3
18433878512,184,3387851,2
87531968115,875,3196811,5
78944572405,789,4457240,5
35311058623,353,1105862,3
62741596154,627,4159615,4
23348829923,233,4882992,3
74980854330,749,8085433,0
80359368795,803,5936879,5
19553391213,195,5339121,3
77020034696,770,2003469,6
19852355154,198,5235515,4
10128885511,101,2888551,1
87975042396,879,7504239,6
31456320274,314,5632027,4
61435097404,614,3509740,4
55717199376,557,1719937,6
81390842320,813,9084232,0
40950876132,409,5087613,2
34773686796,347,7368679,6
94253877232,942,5387723,2
89159962673,891,5996267,3
47135996082,471,3599608,2
33021918755,330,2191875,5
81796345306,817,9634530,6
45107468784,451,0746878,4
21063088356,210,6308835,6
27778989534,277,7898953,4
13461291865,134,6129186,5
38903679640,389,0367964,0
79188633071,791,8863307,1
26077895965,260,7789596,5
32163004030,321,6300403,0
89488886320,894,8888632,0
74654735866,746,5473586,6
50175221113,501,7522111,3
61103746163,611,0374616,3
77549884243,775,4988424,3
52821536265,528,2153626,5
70119554503,701,1955450,3
86173774743,861,7377474,3
44811080313,448,1108031,3
72991067455,729,9106745,5
84593296006,845,9329600,6
35125688324,351,2568832,4
47052786143,470,5278614,3
22474104795,224,7410479,5
45238686535,452,3868653,5
81424895612,814,2489561,2
83301149040,833,0114904,0
85917045172,859,1704517,2
63200170126,632,0017012,6
97185962784,971,8596278,4
96676380014,966,7638001,4
57820435403,578,2043540,3
78820838292,788,2083829,2
26475272263,264,7527226,3
95781006203,957,8100620,3
37888955482,378,8895548,2
49000867845,490,0086784,5
47117414455,471,1741445,5
24409238665,244,0923866,5
74774539004,747,7453900,4
50021482630,500,2148263,0
82994882480,829,9488248,0
98900571433,989,0057143,3
34964056462,349,6405646,2
34264977932,342,6497793,2
19058996494,190,5899649,4
62332645151,623,3264515,1
64269101702,642,6910170,2
22429501965,224,2950196,5
32791824644,327,9182464,4
10172710010,101,7271001,0
94570843061,945,7084306,1
70126856191,701,2685619,1
51926451416,519,2645141,6
85550776186,855,5077618,6
94416858356,944,1685835,6
69998129171,699,9812917,1
92829264414,928,2926441,4
17603275973,176,0327597,3
54763890071,547,6389007,1
90647376824,906,4737682,4
81697887673,816,9788767,3
61846521143,618,4652114,3
48323176903,483,2317690,3
68565961181,685,6596118,1
56344641634,563,4464163,4
37348717482,373,4871748,2
82531121225,825,3112122,5
79179567505,791,7956750,5
19618041990,196,1804199,0
82254455455,822,5445545,5
90035167613,900,3516761,3
78956604531,789,5660453,1
15903424186,159,0342418,6
91816783153,918,1678315,3
78625533636,786,2553363,6
77393608065,773,9360806,5
79660079012,796,6007901,2
51949483516,519,4948351,6
89673174066,896,7317406,6
48702272263,487,0227226,3
17465794546,174,6579454,6
44973226414,449,7322641,4
88121565010,881,2156501,0
77173493894,771,7349389,4
40111836004,401,1183600,4
91791328234,917,9132823,4
80226891584,802,2689158,4
45011709072,450,1170907,2
47631295703,476,3129570,3
42240946836,422,4094683,6
29053416391,290,5341639,1
49389566150,493,8956615,0
71281698391,712,8169839,1
23698493155,236,9849315,5
26253366616,262,5336661,6
93041620440,930,4162044,0
85833078940,858,3307894,0
98587745826,985,8774582,6
16453197604,164,5319760,4
96422799491,964,2279949,1
35287897334,352,8789733,4
16090808204,160,9080820,4
48998738645,489,9873864,5
43830308170,438,3030817,0
81754442502,817,5444250,2
20532753921,205,3275392,1
45875511021,458,7551102,1
90192701776,901,9270177,6
36179159654,361,7915965,4
77491270000,774,9127000,0
33858969342,338,5896934,2
71556067132,715,5606713,2
69703618020,697,0361802,0
99625295755,996,2529575,5
86259270926,862,5927092,6
80971918621,809,7191862,1
54520949662,545,2094966,2
92882099432,928,8209943,2
85145226406,851,4522640,6
21095226963,210,9522696,3
41971904173,419,7190417,3
63397381833,633,9738183,3
19920751864,199,2075186,4
17085194523,170,8519452,3
80589076244,805,8907624,4
66203613285,662,0361328,5
92609906191,926,0990619,1
87014665375,870,1466537,5
20513325240,205,1332524,0
59158543894,591,5854389,4
24149349862,241,4934986,2
78515615011,785,1561501,1
15294160732,152,9416073,2
39173819746,391,7381974,6
49597506741,495,9750674,1
77993191994,779,9319199,4
10256091415,102,5609141,5
97242624284,972,4262428,4
51811059131,518,1105913,1
60036768731,600,3676873,1
27709466982,277,0946698,2
73357753712,733,5775371,2
80560730252,805,6073025,2
47849243565,478,4924356,5
20817699570,208,1769957,0
48735347416,487,3534741,6
78112597781,781,1259778,1
31327447045,313,2744704,5
70596122420,705,9612242,0
99736537553,997,3653755,3
64731662595,647,3166259,5
95296403773,952,9640377,3
27862626963,278,6262696,3
38542317910,385,4231791,0
66875899375,668,7589937,5
88165396702,881,6539670,2
15458612456,154,5861245,6
13329437524,133,2943752,4
15402621071,154,0262107,1
96322908285,963,2290828,5
42781484944,427,8148494,4
56910602401,569,1060240,1
54808248701,548,0824870,1
78060795066,780,6079506,6
61196064064,611,9606406,4
63043302465,630,4330246,5
84654540781,846,5454078,1
68696245245,686,9624524,5
28043639885,280,4363988,5
18084594850,180,8459485,0
78367804741,783,6780474,1
13043154983,130,4315498,3
51946298043,519,4629804,3
85803052655,858,0305265,5
71695122262,716,9512226,2
29601005313,296,0100531,3
66950369370,669,5036937,0
97194346282,971,9434628,2
26554586821,265,5458682,1
23095435830,230,9543583,0
32150316806,321,5031680,6
27965266652,279,6526665,2
33765126112,337,6512611,2
88201149131,882,0114913,1
69548542052,695,4854205,2
14520361734,145,2036173,4
35293562206,352,9356220,6
91836285655,918,3628565,5
98044276300,980,4427630,0
10223447285,102,2344728,5
99337412034,993,3741203,4
80288931522,802,8893152,2
37225260810,372,2526081,0
16683597905,166,8359790,5
46196474820,461,9647482,0
37297980113,372,9798011,3
92955191592,929,5519159,2
15109700650,151,0970065,0
49332673892,493,3267389,2
73241937003,732,4193700,3
17454442361,174,5444236,1
12383730110,123,8373011,0
75937226906,759,3722690,6
15784567576,157,8456757,6
15834117405,158,3411740,5
58934809152,589,3480915,2
87494086574,874,9408657,4
98765951046,987,6595104,6
99390509945,993,9050994,5
38768520824,387,6852082,4
78113769836,781,1376983,6
30467881405,304,6788140,5
73884767334,738,8476733,4
20236380125,202,3638012,5
94668978663,946,6897866,3
56921996371,569,2199637,1
13990260441,139,9026044,1
30645455715,306,4545571,5
92992338791,929,9233879,1
52261422143,522,6142214,3
25138474663,251,3847466,3
14598915733,145,9891573,3
20452205954,204,5220595,4
41282610326,412,8261032,6
68851797610,688,5179761,0
78358393044,783,5839304,4
17841095313,178,4109531,3
27428088774,274,2808877,4
12729014623,127,2901462,3
39687340915,396,8734091,5
50815246265,508,1524626,5
51644210674,516,4421067,4
59993955401,599,9395540,1
68619123965,686,1912396,5
96430385215,964,3038521,5
68650588561,686,5058856,1
91535723613,915,3572361,3
69002583614,690,0258361,4
68844925774,688,4492577,4
72477684886,724,7768488,6
49276453034,492,7645303,4
25437608994,254,3760899,4
53606822085,536,0682208,5
51686905705,516,8690570,5
28118452693,281,1845269,3
38670816422,386,7081642,2
56935606314,569,3560631,4
36585908202,365,8590820,2
72980282370,729,8028237,0
83746772792,837,4677279,2
86200332706,862,0033270,6
79579834213,795,7983421,3
47598951850,475,9895185,0
22500886513,225,0088651,3
31229341851,312,2934185,1
73745916715,737,4591671,5
26788061314,267,8806131,4
37431838302,374,3183830,2
99275597763,992,7559776,3
39972812080,399,7281208,0
85268341205,852,6834120,5
18440202694,184,4020269,4
15663817193,156,6381719,3
36915004682,369,1500468,2
96001718760,960,0171876,0
79670575356,796,7057535,6
99941162946,999,4116294,6
28202998063,282,0299806,3
88420657355,884,2065735,5
59970235564,599,7023556,4
34482071461,344,8207146,1
55046113905,550,4611390,5
46747315830,467,4731583,0
16991168434,169,9116843,4
10028607703,100,2860770,3
12816434940,128,1643494,0
96500474751,965,0047475,1
34185563231,341,8556323,1
18596864130,185,9686413,0
97662420125,976,6242012,5
90186899546,901,8689954,6
60732180993,607,3218099,3
28600851662,286,0085166,2
37545617732,375,4561773,2
18359088355,183,5908835,5
33940148512,339,4014851,2
96958219995,969,5821999,5
82813667232,828,1366723,2
37646851323,376,4685132,3
13357360786,133,5736078,6
26904406524,269,0440652,4
15347596631,153,4759663,1
88994493462,889,9449346,2
72655239705,726,5523970,5
79718886692,797,1888669,2
40227177936,402,2717793,6
33352042593,333,5204259,3
76546077393,765,4607739,3
26823799023,268,2379902,3
32822342922,328,2234292,2
99306348571,993,0634857,1
72549344573,725,4934457,3
39313860983,393,1386098,3
93374975956,933,7497595,6
15421178432,154,2117843,2
17742006463,177,4200646,3
87420234761,874,2023476,1
53220460053,532,2046005,3
53965522005,539,6552200,5
17629766794,176,2976679,4
47315951753,473,1595175,3
92756737553,927,5673755,3
26219510713,262,1951071,3
63799987432,637,9998743,2
47329142982,473,2914298,2
23047440462,230,4744046,2
62680523050,626,8052305,0
15242103282,152,4210328,2
96420656015,964,2065601,5
86503036460,865,0303646,0
30346044672,303,4604467,2
45579575663,455,7957566,3
83447320505,834,4732050,5
87099137266,870,9913726,6
43855820650,438,5582065,0
85734324535,857,3432453,5
30807324362,308,0732436,2
44460194703,444,6019470,3
53942216073,539,4221607,3
11750888114,117,5088811,4
23981630085,239,8163008,5
96578942813,965,7894281,3
66708774192,667,0877419,2
45245370816,452,4537081,6
11234182953,112,3418295,3
17365767186,173,6576718,6
51544009751,515,4400975,1
53579357555,535,7935755,5
94810867002,948,1086700,2
40715505283,407,1550528,3
41593533720,415,9353372,0
42302737531,423,0273753,1
92732861265,927,3286126,5
59846679383,598,4667938,3
12551870580,125,5187058,0
37355380844,373,5538084,4
60080879121,600,8087912,1
74711292310,747,1129231,0
39155718252,391,5571825,2
60711005161,607,1100516,1
49178294471,491,7829447,1
14087025495,140,8702549,5
71460336480,714,6033648,0
26132986441,261,3298644,1
15638835060,156,3883506,0
27939720740,279,3972074,0
54374171495,543,7417149,5
44453923112,444,5392311,2
61016857865,610,1685786,5
75459738876,754,5973887,6
37297414101,372,9741410,1
24695951610,246,9595161,0
76281574614,762,8157461,4
69760246330,697,6024633,0
71210677676,712,1067767,6
43812670436,438,1267043,6
86046289555,860,4628955,5
51470905666,514,7090566,6
84628353344,846,2835334,4
93344707182,933,4470718,2
18540332761,185,4033276,1
83949320915,839,4932091,5
69925202783,699,2520278,3
96284043216,962,8404321,6
67061054763,670,6105476,3
10303440230,103,0344023,0
34288601843,342,8860184,3
69117834495,691,1783449,5
85706373482,857,0637348,2
14663423442,146,6342344,2
17992734801,179,9273480,1
89300101545,893,0010154,5
24950186722,249,5018672,2
55442497852,554,4249785,2
30744189664,307,4418966,4
94258510312,942,5851031,2
58756088206,587,5608820,6
82709674334,827,0967433,4
94120175621,941,2017562,1
20540513304,205,4051330,4
41030157884,410,3015788,4
92644932443,926,4493244,3
46822165072,468,2216507,2
19430488560,194,3048856,0
84294903341,842,9490334,1
58133749790,581,3374979,0
25052066284,250,5206628,4
49952116490,499,5211649,0
13851750333,138,5175033,3
58454767621,584,5476762,1
75754846280,757,5484628,0
96122281743,961,2228174,3
24019239891,240,1923989,1
98402465100,984,0246510,0
26942745151,269,4274515,1
72220417363,722,2041736,3
88823480773,888,2348077,3
68304072030,683,0407203,0
29425034746,294,2503474,6
64538003320,645,3800332,0
72761705063,727,6170506,3
84415665562,844,1566556,2
42629125972,426,2912597,2
17715240734,177,1524073,4
86348553025,863,4855302,5
42636890286,426,3689028,6
76217551865,762,1755186,5
62032818062,620,3281806,2
17343640944,173,4364094,4
34456501563,344,5650156,3
73320813141,733,2081314,1
59537014785,595,3701478,5
23493321752,234,9332175,2
16095404372,160,9540437,2
28014453102,280,1445310,2
28748590333,287,4859033,3
11637245620,116,3724562,0
51902617603,519,0261760,3
26808476251,268,0847625,1
72144978275,721,4497827,5
47132590481,471,3259048,1
26674250702,266,7425070,2
25886534872,258,8653487,2
43891555103,438,9155510,3
93422207360,934,2220736,0
34479157703,344,7915770,3
56465968586,564,6596858,6
81826868633,818,2686863,3
78264132173,782,6413217,3
28337986664,283,3798666,4
68982311911,689,8231191,1
42568177792,425,6817779,2
65912828554,659,1282855,4
39448969696,394,4896969,6
89517013882,895,1701388,2
56683862495,566,8386249,5
65845256146,658,4525614,6
91069877945,910,6987794,5
38437671610,384,3767161,0
40570033814,405,7003381,4
38138627770,381,3862777,0
62996037164,629,9603716,4
69091758504,690,9175850,4
92489716851,924,8971685,1
73902645342,739,0264534,2
65914449990,659,1444999,0
64356163695,643,5616369,5
92627665894,926,2766589,4
23186213544,231,8621354,4
42278290713,422,7829071,3
76388254183,763,8825418,3
95805067623,958,0506762,3
94565524826,945,6552482,6
97256907471,972,5690747,1
14234123720,142,3412372,0
42980066474,429,8006647,4
50764652403,507,6465240,3
22375202205,223,7520220,5
20225861604,202,2586160,4
86620136564,866,2013656,4
65684692980,656,8469298,0
52385820545,523,8582054,5
20744731084,207,4473108,4
89725709665,897,2570966,5
76799494334,767,9949433,4
36648149533,366,4814953,3
99807972946,998,0797294,6
84093231576,840,9323157,6
58634401085,586,3440108,5
22003727272,220,0372727,2
90475210375,904,7521037,5
57223472896,572,2347289,6
43348206142,433,4820614,2
94751652112,947,5165211,2
89828055746,898,2805574,6
40851587051,408,5158705,1
77392890575,773,9289057,5
54636280711,546,3628071,1
83166258080,831,6625808,0
91626877476,916,2687747,6
20970961985,209,7096198,5
28071641256,280,7164125,6
99909723186,999,0972318,6
76351687170,763,5168717,0
77114580692,771,1458069,2
97799520355,977,9952035,5
96916995133,969,1699513,3
21276353093,212,7635309,3
18765580184,187,6558018,4
61987373181,619,8737318,1
86064036574,860,6403657,4
17891631874,178,9163187,4
41958747335,419,5874733,5
57537622994,575,3762299,4
22044767661,220,4476766,1
99674990423,996,7499042,3
64577417174,645,7741717,4
68358361605,683,5836160,5
59730467821,597,3046782,1
44617139532,446,1713953,2
20473764592,204,7376459,2
98038594351,980,3859435,1
58399931171,583,9993117,1
19079304395,190,7930439,5
39336401032,393,3640103,2
48809688193,488,0968819,3
89371056906,893,7105690,6
49576118385,495,7611838,5
79086420861,790,8642086,1
37755983620,377,5598362,0
79554527972,795,5452797,2
65535659851,655,3565985,1
36610003512,366,1000351,2
10099754191,100,9975419,1
50726294593,507,2629459,3
14108700190,141,0870019,0
80092486934,800,9248693,4
39137045970,391,3704597,0
69967309812,699,6730981,2
40918661941,409,1866194,1
87518431561,875,1843156,1
75374440532,753,7444053,2
58688754616,586,8875461,6
13575069881,135,7506988,1
97738781312,977,3878131,2
37177887244,371,7788724,4
76260257874,762,6025787,4
77486740911,774,8674091,1
26103074201,261,0307420,1
59868875990,598,6887599,0
57013145353,570,1314535,3
60391017410,603,9101741,0
89711067972,897,1106797,2
91858787380,918,5878738,0
15972233402,159,7223340,2
77633329290,776,3332929,0
31660232855,316,6023285,5
88074497280,880,7449728,0
55664264162,556,6426416,2
18826299004,188,2629900,4
56975592656,569,7559265,6
19799519181,197,9951918,1
72255387360,722,5538736,0
53195654954,531,9565495,4
43377781930,433,7778193,0
87977030200,879,7703020,0
18732671982,187,3267198,2
26147246800,261,4724680,0
62752017852,627,5201785,2
10382417321,103,8241732,1
72578177093,725,7817709,3
20602399200,206,0239920,0
52072074043,520,7207404,3
29660510644,296,6051064,4
63827999654,638,2799965,4
65816929562,658,1692956,2
56470909872,564,7090987,2
88482753955,884,8275395,5
58462154170,584,6215417,0
65476276953,654,7627695,3
21748307610,217,4830761,0
53389213573,533,8921357,3
44128662143,441,2866214,3
31812067176,318,1206717,6
80259807402,802,5980740,2
13440979876,134,4097987,6
58594431624,585,9443162,4
11776871586,117,7687158,6
73465163233,734,6516323,3
30724864722,307,2486472,2
80792225242,807,9222524,2
66594901016,665,9490101,6
74474323581,744,7432358,1
65338123015,653,3812301,5
90556800335,905,5680033,5
45959615612,459,5961561,2
97135229420,971,3522942,0
55389094951,553,8909495,1
95328907741,953,2890774,1
96928472541,969,2847254,1
69940579281,699,4057928,1
92168613785,921,6861378,5
95725998691,957,2599869,1
90743575171,907,4357517,1
27634725154,276,3472515,4
69508150823,695,0815082,3
76127342160,761,2734216,0
95235293254,952,3529325,4
24059963574,240,5996357,4
75703512766,757,0351276,6
76693408851,766,9340885,1
50358111500,503,5811150,0
19711906295,197,1190629,5
47031881496,470,3188149,6
75124181926,751,2418192,6
61003905141,610,0390514,1
23664518811,236,6451881,1
92766523995,927,6652399,5
51758345410,517,5834541,0
29360791383,293,6079138,3
76520637472,765,2063747,2
82645087635,826,4508763,5
63003417701,630,0341770,1
86527287142,865,2728714,2
79114031196,791,1403119,6
44056587792,440,5658779,2
55029697500,550,2969750,0
12783153544,127,8315354,4
49775653914,497,7565391,4
70371546666,703,7154666,6
77941997166,779,4199716,6
98156793582,981,5679358,2
15967328135,159,6732813,5
12106321592,121,0632159,2
17090399020,170,9039902,0
13067142540,130,6714254,0
77416564770,774,1656477,0
79278022004,792,7802200,4
87277126540,872,7712654,0
55752001295,557,5200129,5
72871859431,728,7185943,1
49362065736,493,6206573,6
41874450976,418,7445097,6
98487977963,984,8797796,3
66453534504,664,5353450,4
38745087851,387,4508785,1
51536222370,515,3622237,0
39514203335,395,1420333,5
80354766243,803,5476624,3
43024117143,430,2411714,3
59813106914,598,1310691,4
90892136221,908,9213622,1
55943531800,559,4353180,0
49563489083,495,6348908,3
58892314541,588,9231454,1
22717273745,227,1727374,5
48752294406,487,5229440,6
39897504690,398,9750469,0
80371062926,803,7106292,6
65733647454,657,3364745,4
31666178714,316,6617871,4
16270208134,162,7020813,4
86568036864,865,6803686,4
11939758733,119,3975873,3
48021317323,480,2131732,3
75608272524,756,0827252,4
89344725582,893,4472558,2
40906023821,409,0602382,1
26921477672,269,2147767,2
91144917501,911,4491750,1
99066833882,990,6683388,2
30476867646,304,7686764,6
22412957135,224,1295713,5
56831862696,568,3186269,6
68410319932,684,1031993,2
81069514936,810,6951493,6
42885986621,428,8598662,1
95583684544,955,8368454,4
94965652005,949,6565200,5
88647125262,886,4712526,2
57745062480,577,4506248,0
12439388055,124,3938805,5
65119790016,651,1979001,6
91357065594,913,5706559,4
43861000222,438,6100022,2
42610976892,426,1097689,2
94271342062,942,7134206,2
83452940901,834,5294090,1
53341128852,533,4112885,2
24131255510,241,3125551,0
75385755311,753,8575531,1
37508157152,375,0815715,2
21709266586,217,0926658,6
69186165440,691,8616544,0
69480962822,694,8096282,2
52217778456,522,1777845,6
37948263913,379,4826391,3
63180900383,631,8090038,3
79798355561,797,9835556,1
65204963523,652,0496352,3
78414358210,784,1435821,0
55887654941,558,8765494,1
24237102586,242,3710258,6
10566122295,105,6612229,5
54225132864,542,2513286,4
76155024785,761,5502478,5
96729808506,967,2980850,6
90550155132,905,5015513,2
63937608622,639,3760862,2
75473410936,754,7341093,6
24494647295,244,9464729,5
47614441513,476,1444151,3
39640003822,396,4000382,2
52638187355,526,3818735,5
20888341476,208,8834147,6
99285442812,992,8544281,2
67540620282,675,4062028,2
32203429993,322,0342999,3
15577663133,155,7766313,3
66905613352,669,0561335,2
11129902572,111,2990257,2
87167410360,871,6741036,0
66555457552,665,5545755,2
29160535356,291,6053535,6
14002616983,140,0261698,3
95240912886,952,4091288,6
12832301256,128,3230125,6
69857958985,698,5795898,5
99024087923,990,2408792,3
34037617515,340,3761751,5
78615369730,786,1536973,0
53012246071,530,1224607,1
35153449692,351,5344969,2
18265663964,182,6566396,4
12446951214,124,4695121,4
12259336922,122,5933692,2
17240065022,172,4006502,2
66167092996,661,6709299,6
90209066950,902,0906695,0
39963092495,399,6309249,5
55873130185,558,7313018,5
93166821092,931,6682109,2
72680543844,726,8054384,4
61687905511,616,8790551,1
61170748773,611,7074877,3
18502902052,185,0290205,2
11052059665,110,5205966,5
55019620643,550,1962064,3
55963691264,559,6369126,4
58571562336,585,7156233,6
15883816560,158,8381656,0
19291350960,192,9135096,0
65360010800,653,6001080,0
89573039573,895,7303957,3
22633666702,226,3366670,2
59162689706,591,6268970,6
78754227064,787,5422706,4
14382219183,143,8221918,3
12234726295,122,3472629,5
46355593493,463,5559349,3
71551621980,715,5162198,0
36761605280,367,6160528,0
24369708363,243,6970836,3
59798535522,597,9853552,2
95612946675,956,1294667,5
34982793971,349,8279397,1
12494080235,124,9408023,5
83083570085,830,8357008,5
32342927684,323,4292768,4
63022818996,630,2281899,6
86987250744,869,8725074,4
34206513080,342,0651308,0
25944660633,259,4466063,3
66830303535,668,3030353,5
63016293252,630,1629325,2
82185541371,821,8554137,1
29215858891,292,1585889,1
38799040493,387,9904049,3
85247444116,852,4744411,6
98430764571,984,3076457,1
72468509424,724,6850942,4
92549909504,925,4990950,4
74573788122,745,7378812,2
79984075372,799,8407537,2
25234197485,252,3419748,5
99319978876,993,1997887,6
75397720051,753,9772005,1
92478727164,924,7872716,4
61663297736,616,6329773,6
61838894326,618,3889432,6
56354129912,563,5412991,2
73787013642,737,8701364,2
78018081430,780,1808143,0
55061023082,550,6102308,2
66808434462,668,0843446,2
21266105050,212,6610505,0
76341757406,763,4175740,6
58766740626,587,6674062,6
94685044345,946,8504434,5
75597426841,755,9742684,1
26825150125,268,2515012,5
23960798172,239,6079817,2
73135423873,731,3542387,3
72229040605,722,2904060,5
50603079622,506,0307962,2
99400759291,994,0075929,1
26255012580,262,5501258,0
15303246691,153,0324669,1
75996379302,759,9637930,2
64837624146,648,3762414,6
26651425260,266,5142526,0
37882039363,378,8203936,3
53707090972,537,0709097,2
11773707331,117,7370733,1
89351181462,893,5118146,2
97124952751,971,2495275,1
99623953556,996,2395355,6
23045804962,230,4580496,2
65693561152,656,9356115,2
21065723384,210,6572338,4
29913958906,299,1395890,6
98730492152,987,3049215,2
63274541365,632,7454136,5
69149032172,691,4903217,2
88002356956,880,0235695,6
19104151144,191,0415114,4
52859348130,528,5934813,0
44248039764,442,4803976,4
26556225245,265,5622524,5
39752060583,397,5206058,3
90715169430,907,1516943,0
73679246053,736,7924605,3
70681830332,706,8183033,2
21207670071,212,0767007,1
62721332912,627,2133291,2
49142569192,491,4256919,2
80721380016,807,2138001,6
41988277052,419,8827705,2
78689672351,786,8967235,1
92502705421,925,0270542,1
96662522365,966,6252236,5
43278465100,432,7846510,0
72652253895,726,5225389,5
26361601870,263,6160187,0
72450581834,724,5058183,4
85028000271,850,2800027,1
73289204200,732,8920420,0
49633871723,496,3387172,3
13153828642,131,5382864,2
30400105974,304,0010597,4
52272765476,522,7276547,6
57698753124,576,9875312,4
69137573140,691,3757314,0
35019989286,350,1998928,6
64830003373,648,3000337,3
94797268325,947,9726832,5
51210963826,512,1096382,6
56293521956,562,9352195,6
19175660334,191,7566033,4
63021969586,630,2196958,6
91696401942,916,9640194,2
58000393051,580,0039305,1
69158850241,691,5885024,1
54057374376,540,5737437,6
32668028354,326,6802835,4
25994858043,259,9485804,3
12569854335,125,6985433,5
85711043365,857,1104336,5
71117538730,711,1753873,0
78940460230,789,4046023,0
70898621955,708,9862195,5
80206293934,802,0629393,4
54658570712,546,5857071,2
24165572230,241,6557223,0
13472188030,134,7218803,0
38075146675,380,7514667,5
64431470536,644,3147053,6
13533146575,135,3314657,5
39542087014,395,4208701,4
94935716800,949,3571680,0
19327293692,193,2729369,2
82521190443,825,2119044,3
29315943852,293,1594385,2
85357969040,853,5796904,0
59211187991,592,1118799,1
15266841411,152,6684141,1
52816403201,528,1640320,1
54573278606,545,7327860,6
84362265415,843,6226541,5
52554937496,525,5493749,6
28496118003,284,9611800,3
40506744526,405,0674452,6
26325067915,263,2506791,5
87784560461,877,8456046,1
87135928435,871,3592843,5
29693831313,296,9383131,3
73554839486,735,5483948,6
58784828000,587,8482800,0
67994228360,679,9422836,0
87601881953,876,0188195,3
34537560952,345,3756095,2
55616628834,556,1662883,4
29416429584,294,1642958,4
36622159006,366,2215900,6
59444331826,594,4433182,6
20536654106,205,3665410,6
59391457180,593,9145718,0
37055709615,370,5570961,5
62296150341,622,9615034,1
44014744784,440,1474478,4
86133624561,861,3362456,1
60075677315,600,7567731,5
87627648661,876,2764866,1
52118526901,521,1852690,1
81336713740,813,3671374,0
13801458431,138,0145843,1
46065654462,460,6565446,2
10890551916,108,9055191,6
29748582751,297,4858275,1
91425162220,914,2516222,0
65600740752,656,0074075,2
15182298313,151,8229831,3
24391421456,243,9142145,6
78182569155,781,8256915,5
25765522535,257,6552253,5
64462348234,644,6234823,4
87673913071,876,7391307,1
15937057293,159,3705729,3
48546479754,485,4647975,4
12573588112,125,7358811,2
20679331983,206,7933198,3
18275477284,182,7547728,4
89013865941,890,1386594,1
10407066696,104,0706669,6
96995425712,969,9542571,2
94976346445,949,7634644,5
63739315165,637,3931516,5
51325937390,513,2593739,0
80323660883,803,2366088,3
81840489114,818,4048911,4
10892152752,108,9215275,2
36077206816,360,7720681,6
42158813360,421,5881336,0
87121594805,871,2159480,5
30018445254,300,1844525,4
36054606002,360,5460600,2
92873368586,928,7336858,6
19883574593,198,8357459,3
67481790484,674,8179048,4
92566796432,925,6679643,2
44424342512,444,2434251,2
94736182493,947,3618249,3
89238678071,892,3867807,1
83553074384,835,5307438,4
28397670586,283,9767058,6
47788376514,477,8837651,4
97669414760,976,6941476,0
81996277583,819,9627758,3
27950768721,279,5076872,1
55719517804,557,1951780,4
62594530101,625,9453010,1
97912262386,979,1226238,6
58094044243,580,9404424,3
59325516602,593,2551660,2
37644948034,376,4494803,4
41169857784,411,6985778,4
44936027342,449,3602734,2
60733471670,607,3347167,0
51468772360,514,6877236,0
15022370776,150,2237077,6
88853566775,888,5356677,5
82244582113,822,4458211,3
45322849526,453,2284952,6
85663296056,856,6329605,6
91455379574,914,5537957,4
16088791481,160,8879148,1
30948390232,309,4839023,2
83861947284,838,6194728,4
19451634180,194,5163418,0
78609888236,786,0988823,6
27116993103,271,1699310,3
98780189872,987,8018987,2
87270654583,872,7065458,3
77824121236,778,2412123,6
98521848050,985,2184805,0
91794180064,917,9418006,4
50666426320,506,6642632,0
75523184406,755,2318440,6
65116400033,651,1640003,3
11781696804,117,8169680,4
26465265631,264,6526563,1
56208702493,562,0870249,3
75235780030,752,3578003,0
30570071985,305,7007198,5
32980688630,329,8068863,0
42917161615,429,1716161,5
21989512436,219,8951243,6
80937496854,809,3749685,4
93921097830,939,2109783,0
66081029792,660,8102979,2
99233857491,992,3385749,1
38799612465,387,9961246,5
68069121705,680,6912170,5
82022942314,820,2294231,4
67219398602,672,1939860,2
85564651994,855,6465199,4
21617482425,216,1748242,5
39039400366,390,3940036,6
37856456555,378,5645655,5
15559590550,155,5959055,0
47641541743,476,4154174,3
32650711940,326,5071194,0
62556854972,625,5685497,2
60659426422,606,5942642,2
51478576245,514,7857624,5
13225409814,132,2540981,4
20268418004,202,6841800,4
59995921736,599,9592173,6
93950066972,939,5006697,2
36470182696,364,7018269,6
16782129426,167,8212942,6
67207666354,672,0766635,4
99254743374,992,5474337,4
52597906591,525,9790659,1
66891892631,668,9189263,1
15369571130,153,6957113,0
73754308040,737,5430804,0
66248350183,662,4835018,3
36307575555,363,0757555,5
79072175485,790,7217548,5
74720707043,747,2070704,3
69999348772,699,9934877,2
55531292403,555,3129240,3
77724084834,777,2408483,4
14470578685,144,7057868,5
93931150934,939,3115093,4
30984591703,309,8459170,3
94145572645,941,4557264,5
37901314695,379,0131469,5
55886067670,558,8606767,0
61326782440,613,2678244,0
17977161420,179,7716142,0
13729375022,137,2937502,2
26894699873,268,9469987,3
80104063132,801,0406313,2
72360113663,723,6011366,3
64485358450,644,8535845,0
91653787972,916,5378797,2
72387176823,723,8717682,3
67448329394,674,4832939,4
68905716821,689,0571682,1
94591777026,945,9177702,6
71687720666,716,8772066,6
69839773514,698,3977351,4
68191141613,681,9114161,3
73658170642,736,5817064,2
45804028571,458,0402857,1
29571229482,295,7122948,2
94825239271,948,2523927,1
50914639285,509,1463928,5
66398431351,663,9843135,1
55222838280,552,2283828,0
85164018294,851,6401829,4
67379355753,673,7935575,3
98397234164,983,9723416,4
69690075771,696,9007577,1
34542346140,345,4234614,0
74951007204,749,5100720,4
46245709485,462,4570948,5
12608588915,126,0858891,5
85052415444,850,5241544,4
71186167175,711,8616717,5
45564718953,455,6471895,3
21115098282,211,1509828,2
63946595584,639,4659558,4
12737508295,127,3750829,5
50306841175,503,0684117,5
38191810536,381,9181053,6
19755443705,197,5544370,5
78492588752,784,9258875,2
53964580354,539,6458035,4
67650790332,676,5079033,2
68973235535,689,7323553,5
92040924223,920,4092422,3
76018301822,760,1830182,2
95520574570,955,2057457,0
31314774641,313,1477464,1
32789508542,327,8950854,2
31555275760,315,5527576,0
61215512362,612,1551236,2
54668319925,546,6831992,5
24790260532,247,9026053,2
40373973545,403,7397354,5
68644534702,686,4453470,2
54583667033,545,8366703,3
78363557801,783,6355780,1
11319715245,113,1971524,5
60777306480,607,7730648,0
65485030494,654,8503049,4
36567152085,365,6715208,5
58606641086,586,0664108,6
97165377790,971,6537779,0
13289111122,132,8911112,2
75176026354,751,7602635,4
77538036094,775,3803609,4
49691972200,496,9197220,0
42286922641,422,8692264,1
58991285534,589,9128553,4
65891778433,658,9177843,3
20859963310,208,5996331,0
16125835771,161,2583577,1
29386626874,293,8662687,4
77550885294,775,5088529,4
17570477744,175,7047774,4
86750606225,867,5060622,5
21368041805,213,6804180,5
98946516753,989,4651675,3
87145284851,871,4528485,1
51039728296,510,3972829,6
66392441236,663,9244123,6
20196266696,201,9626669,6
51672418046,516,7241804,6
56594234135,565,9423413,5
93079382972,930,7938297,2
37555167416,375,5516741,6
74005246252,740,0524625,2
19940802124,199,4080212,4
42801094022,428,0109402,2
53053887606,530,5388760,6
81246151311,812,4615131,1
21344262883,213,4426288,3
10738204876,107,3820487,6
70427854463,704,2785446,3
70846144443,708,4614444,3
77110310425,771,1031042,5
59423008330,594,2300833,0
98157462522,981,5746252,2
98045022912,980,4502291,2
27721474691,277,2147469,1
49469950816,494,6995081,6
86816666446,868,1666644,6
32173413980,321,7341398,0
93371608022,933,7160802,2
13560198113,135,6019811,3
72736706884,727,3670688,4
64844883512,648,4488351,2
29936290985,299,3629098,5
93530859513,935,3085951,3
42719226780,427,1922678,0
20859560391,208,5956039,1
69966461771,699,6646177,1
54428097291,544,2809729,1
52591595313,525,9159531,3
53460536034,534,6053603,4
70584063241,705,8406324,1
55226970856,552,2697085,6
75798049362,757,9804936,2
63473933443,634,7393344,3
56168548695,561,6854869,5
74192999153,741,9299915,3
43956404152,439,5640415,2
60751760501,607,5176050,1
19057446442,190,5744644,2
20622134853,206,2213485,3
72794366460,727,9436646,0
38910368232,389,1036823,2
34208031233,342,0803123,3
37467731786,374,6773178,6
44298764661,442,9876466,1
60448540291,604,4854029,1
33918494391,339,1849439,1
93431614666,934,3161466,6
77755944522,777,5594452,2
63360720105,633,6072010,5
59788228793,597,8822879,3
62925487773,629,2548777,3
33128083166,331,2808316,6
86636558752,866,3655875,2
89033677956,890,3367795,6
63908778165,639,0877816,5
70373800723,703,7380072,3
31275162544,312,7516254,4
56933868730,569,3386873,0
37497459442,374,9745944,2
81119618580,811,1961858,0
45009519390,450,0951939,0
78159221111,781,5922111,1
90447078452,904,4707845,2
91893182240,918,9318224,0
86496048233,864,9604823,3
72508391666,725,0839166,6
43352237472,433,5223747,2
90166359596,901,6635959,6
52173380556,521,7338055,6
35581473846,355,8147384,6
83080157695,830,8015769,5
83632863175,836,3286317,5
40469875824,404,6987582,4
83237893140,832,3789314,0
96726404223,967,2640422,3
24011341701,240,1134170,1
90436771492,904,3677149,2
77502602760,775,0260276,0
80139587351,801,3958735,1
42481995030,424,8199503,0
79593030483,795,9303048,3
79851342386,798,5134238,6
23518299864,235,1829986,4
71020925995,710,2092599,5
28615783124,286,1578312,4
56474396955,564,7439695,5
98390939254,983,9093925,4
31053125896,310,5312589,6
50108983936,501,0898393,6
24583218423,245,8321842,3
76723165151,767,2316515,1
92661428163,926,6142816,3
53001410435,530,0141043,5
49236490441,492,3649044,1
29169262041,291,6926204,1
63924679563,639,2467956,3
87087130066,870,8713006,6
57919862694,579,1986269,4
92925784611,929,2578461,1
25454604502,254,5460450,2
71187680691,711,8768069,1
58336660131,583,3666013,1
45140588344,451,4058834,4
23371982443,233,7198244,3
88436955865,884,3695586,5
39152239602,391,5223960,2
29848500421,298,4850042,1
96049917185,960,4991718,5
16301809480,163,0180948,0
88956675461,889,5667546,1
27166140853,271,6614085,3
20619865651,206,1986565,1
94264682052,942,6468205,2
46659980373,466,5998037,3
32460873785,324,6087378,5
65168164362,651,6816436,2
97914020426,979,1402042,6
88891363234,888,9136323,4
69343532212,693,4353221,2
38804144700,388,0414470,0
81318775844,813,1877584,4
87914881436,879,1488143,6
19214220954,192,1422095,4
22071833813,220,7183381,3
86306141805,863,0614180,5
46955978741,469,5597874,1
91034020006,910,3402000,6
59764910304,597,6491030,4
79313458506,793,1345850,6
35464381722,354,6438172,2
82973762111,829,7376211,1
68982280431,689,8228043,1
62295549695,622,9554969,5
58796524573,587,9652457,3
54101599263,541,0159926,3
80708228490,807,0822849,0
51724237042,517,2423704,2
83204171984,832,0417198,4
11779851976,117,7985197,6
65196801166,651,9680116,6
71453488085,714,5348808,5
28081042663,280,8104266,3
40711682174,407,1168217,4
71220801341,712,2080134,1
46922723972,469,2272397,2
21910704682,219,1070468,2
31077335630,310,7733563,0
25416275113,254,1627511,3
69129934442,691,2993444,2
71400681135,714,0068113,5
53424917063,534,2491706,3
19159771470,191,5977147,0
37375387436,373,7538743,6
63429471760,634,2947176,0
79310294376,793,1029437,6
46981093494,469,8109349,4
31368945954,313,6894595,4
47017670652,470,1767065,2
15199165151,151,9916515,1
77256352360,772,5635236,0
60788036696,607,8803669,6
22730504571,227,3050457,1
80012157033,800,1215703,3
68559495972,685,5949597,2
30914643860,309,1464386,0
23986065151,239,8606515,1
96523769672,965,2376967,2
77537011245,775,3701124,5
28946000091,289,4600009,1
21207942051,212,0794205,1
64268637013,642,6863701,3
81515267385,815,1526738,5
46151648714,461,5164871,4
86531610652,865,3161065,2
27593467820,275,9346782,0
61215269561,612,1526956,1
85128058694,851,2805869,4
89748372470,897,4837247,0
39001716191,390,0171619,1
77417605390,774,1760539,0
65799841580,657,9984158,0
56490530751,564,9053075,1
18912209206,189,1220920,6
91949695384,919,4969538,4
60224751111,602,2475111,1
14626719816,146,2671981,6
47777229640,477,7722964,0
15746925745,157,4692574,5
89077377716,890,7737771,6
42593399296,425,9339929,6
83299870265,832,9987026,5
52004979951,520,0497995,1
21138009472,211,3800947,2
28352230666,283,5223066,6
77671851686,776,7185168,6
70676804646,706,7680464,6
63567608956,635,6760895,6
70957680695,709,5768069,5
71090248806,710,9024880,6
48835697410,488,3569741,0
16507931670,165,0793167,0
61430118580,614,3011858,0
67769224271,677,6922427,1
91035822922,910,3582292,2
12688975113,126,8897511,3
25468472466,254,6847246,6
18925245171,189,2524517,1
84857725571,848,5772557,1
46699491576,466,9949157,6
34842495316,348,4249531,6
29123018141,291,2301814,1
30378382876,303,7838287,6
80973050232,809,7305023,2
17427141580,174,2714158,0
88595384553,885,9538455,3
91779327053,917,7932705,3
91952460591,919,5246059,1
48838750542,488,3875054,2
34547084261,345,4708426,1
68197031782,681,9703178,2
56610744954,566,1074495,4
20709772030,207,0977203,0
28391174255,283,9117425,5
74525009375,745,2500937,5
77068587126,770,6858712,6
63589208032,635,8920803,2
15037414500,150,3741450,0
18925498813,189,2549881,3
94207152853,942,0715285,3
87374059382,873,7405938,2
53466022425,534,6602242,5
59199963782,591,9996378,2
79597851743,795,9785174,3
40522178921,405,2217892,1
81466769503,814,6676950,3
86534491905,865,3449190,5
57704797881,577,0479788,1
89504569535,895,0456953,5
10710994244,107,1099424,4
24346244881,243,4624488,1
83145889846,831,4588984,6
67414578372,674,1457837,2
11474209582,114,7420958,2
53544511200,535,4451120,0
74426022776,744,2602277,6
68613223410,686,1322341,0
26358153246,263,5815324,6
68931154531,689,3115453,1
94929281134,949,2928113,4
84239489593,842,3948959,3
42416592935,424,1659293,5
27765677211,277,6567721,1
49113709726,491,1370972,6
39925677545,399,2567754,5
90031614323,900,3161432,3
26727915244,267,2791524,4
62988899932,629,8889993,2
25888270661,258,8827066,1
51852967204,518,5296720,4
18556911991,185,5691199,1
85264449201,852,6444920,1
59496824263,594,9682426,3
17789040736,177,8904073,6
27491881214,274,9188121,4
72177709476,721,7770947,6
18404063856,184,0406385,6
89756746326,897,5674632,6
95082103950,950,8210395,0
69284068281,692,8406828,1
56610857016,566,1085701,6
97534620525,975,3462052,5
70340889055,703,4088905,5
97290412580,972,9041258,0
49385896486,493,8589648,6
84937401471,849,3740147,1
55907971585,559,0797158,5
33708667624,337,0866762,4
38400658913,384,0065891,3
36678347260,366,7834726,0
93927393343,939,2739334,3
69727808370,697,2780837,0
51785743365,517,8574336,5
88792368523,887,9236852,3
63449221702,634,4922170,2
11271101106,112,7110110,6
43691660274,436,9166027,4
22158096762,221,5809676,2
53823371641,538,2337164,1
58437183300,584,3718330,0
11455627515,114,5562751,5
89074612326,890,7461232,6
28293479114,282,9347911,4
99748193426,997,4819342,6
78528609836,785,2860983,6
74504163006,745,0416300,6
10784596544,107,8459654,4
36558684064,365,5868406,4
68027060232,680,2706023,2
36635141710,366,3514171,0
44670830736,446,7083073,6
55945478074,559,4547807,4
96369766426,963,6976642,6
57797574081,577,9757408,1
62970288952,629,7028895,2
42942172841,429,4217284,1
55429065720,554,2906572,0
91628052964,916,2805296,4
73959143713,739,5914371,3
57005213725,570,0521372,5
62079850272,620,7985027,2
68189758913,681,8975891,3
85242586343,852,4258634,3
24648819635,246,4881963,5
50446373474,504,4637347,4
79867932371,798,6793237,1
13194899895,131,9489989,5
63248798791,632,4879879,1
99917575875,999,1757587,5
35899699355,358,9969935,5
57124510925,571,2451092,5
97854990155,978,5499015,5
18487238376,184,8723837,6
94293309616,942,9330961,6
96747791220,967,4779122,0
72604802475,726,0480247,5
51010202873,510,1020287,3
63480228740,634,8022874,0
60237632632,602,3763263,2
50894896302,508,9489630,2
79673183561,796,7318356,1
43383645434,433,8364543,4
59266402442,592,6640244,2
98980988121,989,8098812,1
93554713423,935,5471342,3
56463892755,564,6389275,5
72207768946,722,0776894,6
62897319916,628,9731991,6
42629876165,426,2987616,5
49415201756,494,1520175,6
58876881610,588,7688161,0
72974585603,729,7458560,3
44563416425,445,6341642,5
19197265104,191,9726510,4
32576950714,325,7695071,4
26256793064,262,5679306,4
59853126562,598,5312656,2
56258857241,562,5885724,1
96925014834,969,2501483,4
49886975485,498,8697548,5
98316912221,983,1691222,1
79712230753,797,1223075,3
21236903963,212,3690396,3
46779741214,467,7974121,4
87374434196,873,7443419,6
27537736645,275,3773664,5
59286457212,592,8645721,2
93270781134,932,7078113,4
15125218386,151,2521838,6
63797989975,637,9798997,5
27501708683,275,0170868,3
24065959362,240,6595936,2
88376133825,883,7613382,5
48744397601,487,4439760,1
98065711001,980,6571100,1
71064288093,710,6428809,3
28690990123,286,9099012,3
18790922812,187,9092281,2
14704535002,147,0453500,2
65805079891,658,0507989,1
97639312126,976,3931212,6
49241628286,492,4162828,6
64160924623,641,6092462,3
62869712506,628,6971250,6
18238808006,182,3880800,6
13159108001,131,5910800,1
14191471002,141,9147100,2
78109082980,781,0908298,0
62910960874,629,1096087,4
94257322275,942,5732227,5
39727830590,397,2783059,0
14082769402,140,8276940,2
24556638232,245,5663823,2
68661284273,686,6128427,3
83695080475,836,9508047,5
35485456745,354,8545674,5
85376524952,853,7652495,2
55658447144,556,5844714,4
26128520513,261,2852051,3
91638465314,916,3846531,4
35323666320,353,2366632,0
85188470016,851,8847001,6
46555477191,465,5547719,1
23680727091,236,8072709,1
15301033421,153,0103342,1
33080560792,330,8056079,2
19693276641,196,9327664,1
94509404643,945,0940464,3
41351618941,413,5161894,1
17328219781,173,2821978,1
43123666675,431,2366667,5
64917028013,649,1702801,3
25010526702,250,1052670,2
40069999270,400,6999927,0
80448985690,804,4898569,0
31577956842,315,7795684,2
78040761591,780,4076159,1
97085991946,970,8599194,6
93601460080,936,0146008,0
35423154384,354,2315438,4
66513292425,665,1329242,5
46738148300,467,3814830,0
64037557784,640,3755778,4
44775586202,447,7558620,2
54571283385,545,7128338,5
79259545142,792,5954514,2
44528480073,445,2848007,3
19197555530,191,9755553,0
62335041706,623,3504170,6
51291251476,512,9125147,6
42429249700,424,2924970,0
13402568390,134,0256839,0
90531546890,905,3154689,0
75817487755,758,1748775,5
66220297085,662,2029708,5
50276636370,502,7663637,0
31950095645,319,5009564,5
70195765931,701,9576593,1
24893040953,248,9304095,3
54246680152,542,4668015,2
97928887486,979,2888748,6
71265018265,712,6501826,5
58042833805,580,4283380,5
11815779573,118,1577957,3
83102537653,831,0253765,3
31093622765,310,9362276,5
10540718644,105,4071864,4
53834531955,538,3453195,5
59820452521,598,2045252,1
57049621626,570,4962162,6
24674521362,246,7452136,2
67881233075,678,8123307,5
51799832471,517,9983247,1
99743358556,997,4335855,6
93095675242,930,9567524,2
26285307523,262,8530752,3
86592926126,865,9292612,6
71991611933,719,9161193,3
45911081811,459,1108181,1
32940955080,329,4095508,0
41350015134,413,5001513,4
63299356905,632,9935690,5
84008548552,840,0854855,2
43166530880,431,6653088,0
82529854542,825,2985454,2
36802655182,368,0265518,2
41392809096,413,9280909,6
50825961524,508,2596152,4
46334336666,463,3433666,6
56946979260,569,4697926,0
17600034773,176,0003477,3
74710309395,747,1030939,5
96599409934,965,9940993,4
36940439002,369,4043900,2
95270033330,952,7003333,0
35161554235,351,6155423,5
74792609853,747,9260985,3
92473913241,924,7391324,1
24108981281,241,0898128,1
43717108472,437,1710847,2
68290753853,682,9075385,3
43759552854,437,5955285,4
14601477694,146,0147769,4
23907857466,239,0785746,6
13000411142,130,0041114,2
33185187022,331,8518702,2
76436149391,764,3614939,1
16345687466,163,4568746,6
20137375292,201,3737529,2
21914429452,219,1442945,2
79564328202,795,6432820,2
64027891411,640,2789141,1
68256293033,682,5629303,3
85757484054,857,5748405,4
62802056923,628,0205692,3
45741820102,457,4182010,2
73888485622,738,8848562,2
39982562313,399,8256231,3
40810020311,408,1002031,1
77823856224,778,2385622,4
96249965744,962,4996574,4
32410121645,324,1012164,5
37333562476,373,3356247,6
36651512155,366,5151215,5
20834731212,208,3473121,2
90974813494,909,7481349,4
17598573412,175,9857341,2
87416326021,874,1632602,1
23130492380,231,3049238,0
55752445301,557,5244530,1
39215459726,392,1545972,6
44591153670,445,9115367,0
86295615571,862,9561557,1
87899013921,878,9901392,1
27167127605,271,6712760,5
64546379225,645,4637922,5
61487655871,614,8765587,1
79210606312,792,1060631,2
35941094242,359,4109424,2
84740200520,847,4020052,0
26715514521,267,1551452,1
46050940726,460,5094072,6
60758837722,607,5883772,2
49141731851,491,4173185,1
11344207386,113,4420738,6
15271903516,152,7190351,6
77399468601,773,9946860,1
23185317090,231,8531709,0
34959498265,349,5949826,5
15560685505,155,6068550,5
40702436480,407,0243648,0
24477293831,244,7729383,1
28248285661,282,4828566,1
25821464731,258,2146473,1
85371421226,853,7142122,6
91259887084,912,5988708,4
38958902683,389,5890268,3
20548474453,205,4847445,3
60487414261,604,8741426,1
83065920173,830,6592017,3
27122326962,271,2232696,2
44646967733,446,4696773,3
78928509813,789,2850981,3
42233452580,422,3345258,0
71784376344,717,8437634,4
97019992984,970,1999298,4
39417627420,394,1762742,0
43738071384,437,3807138,4
39541993562,395,4199356,2
99792991235,997,9299123,5
77385834902,773,8583490,2
66086388674,660,8638867,4
54197102664,541,9710266,4
35028287974,350,2828797,4
94077607610,940,7760761,0
14300936453,143,0093645,3
12892032033,128,9203203,3
40022731595,400,2273159,5
53932578304,539,3257830,4
64056458822,640,5645882,2
43876049604,438,7604960,4
21210769666,212,1076966,6
40008320844,400,0832084,4
70856413232,708,5641323,2
66606123451,666,0612345,1
55297886072,552,9788607,2
34642739884,346,4273988,4
85902371253,859,0237125,3
81922151784,819,2215178,4
85793604125,857,9360412,5
53539380626,535,3938062,6
80362718982,803,6271898,2
12814204253,128,1420425,3
23641054773,236,4105477,3
86696759070,866,9675907,0
36029919975,360,2991997,5
39564686795,395,6468679,5
39921532404,399,2153240,4
84491149713,844,9114971,3
59261063690,592,6106369,0
67935248261,679,3524826,1
51439865703,514,3986570,3
87137960756,871,3796075,6
78431327111,784,3132711,1
87075673313,870,7567331,3
74192358372,741,9235837,2
60010707054,600,1070705,4
78968000963,789,6800096,3
23516086391,235,1608639,1
71955923505,719,5592350,5
58369558453,583,6955845,3
67358761021,673,5876102,1
10782455583,107,8245558,3
28732616010,287,3261601,0
17493698310,174,9369831,0
47105545686,471,0554568,6
13576445766,135,7644576,6
46376484744,463,7648474,4
53474368881,534,7436888,1
79692168115,796,9216811,5
97704179173,977,0417917,3
80422329811,804,2232981,1
92822902742,928,2290274,2
28667271845,286,6727184,5
16750215343,167,5021534,3
35830418862,358,3041886,2
63507453734,635,0745373,4
15090310613,150,9031061,3
44629264716,446,2926471,6
94416184645,944,1618464,5
16340042004,163,4004200,4
79163242004,791,6324200,4
18351701846,183,5170184,6
92758486031,927,5848603,1
17000566144,170,0056614,4
49047376601,490,4737660,1
70824114332,708,2411433,2
89618286012,896,1828601,2
44811090050,448,1109005,0
10511120653,105,1112065,3
86052229741,860,5222974,1
12791752964,127,9175296,4
48409086622,484,0908662,2
82413479871,824,1347987,1
94663593520,946,6359352,0
31292362611,312,9236261,1
59596526231,595,9652623,1
23710010486,237,1001048,6
95301631500,953,0163150,0
91033571055,910,3357105,5
92814300506,928,1430050,6
50393091412,503,9309141,2
80293570340,802,9357034,0
87482238062,874,8223806,2
94100891946,941,0089194,6
57715820226,577,1582022,6
61479015381,614,7901538,1
15605978681,156,0597868,1
13222937270,132,2293727,0
32976419640,329,7641964,0
17518066781,175,1806678,1
48784154421,487,8415442,1
66240896213,662,4089621,3
15089024831,150,8902483,1
33943445792,339,4344579,2
20478889813,204,7888981,3
83517072213,835,1707221,3
65964891842,659,6489184,2
14871776926,148,7177692,6
61113373111,611,1337311,1
81695929812,816,9592981,2
24950641726,249,5064172,6
89485450965,894,8545096,5
56034634873,560,3463487,3
40273582584,402,7358258,4
72728960796,727,2896079,6
90115217393,901,1521739,3
80158666704,801,5866670,4
35629765044,356,2976504,4
74643842926,746,4384292,6
41689810871,416,8981087,1
99060311216,990,6031121,6
16358644276,163,5864427,6
64179724950,641,7972495,0
93663145926,936,6314592,6
88994666481,889,9466648,1
44001641484,440,0164148,4
88767567140,887,6756714,0
28291446566,282,9144656,6
51874352304,518,7435230,4
78855165204,788,5516520,4
11374407806,113,7440780,6
35378321153,353,7832115,3
90253971832,902,5397183,2
33862788572,338,6278857,2
67237347656,672,3734765,6
16203853713,162,0385371,3
84763834191,847,6383419,1
48486499145,484,8649914,5
13215366562,132,1536656,2
25812635031,258,1263503,1
25346098836,253,4609883,6
19929984211,199,2998421,1
15013912933,150,1391293,3
93874213701,938,7421370,1
15049453901,150,4945390,1
54232074154,542,3207415,4
15327446873,153,2744687,3
33355414315,333,5541431,5
43004514175,430,0451417,5
27708056621,277,0805662,1
22490944270,224,9094427,0
23624130971,236,2413097,1
83510523505,835,1052350,5
98840778066,988,4077806,6
22187787035,221,8778703,5
89531174642,895,3117464,2
30522425405,305,2242540,5
48423775361,484,2377536,1
16686648300,166,8664830,0
60357116415,603,5711641,5
69981280074,699,8128007,4
26715326443,267,1532644,3
82015002304,820,1500230,4
78855710591,788,5571059,1
68635417484,686,3541748,4
96385884554,963,8588455,4
91722651215,917,2265121,5
80117247010,801,1724701,0
65897632233,658,9763223,3
17106888294,171,0688829,4
10289428426,102,8942842,6
88168079645,881,6807964,5
50860114734,508,6011473,4
64897663346,648,9766334,6
80299884435,802,9988443,5
17619484882,176,1948488,2
68621689043,686,2168904,3
56056744450,560,5674445,0
65581439706,655,8143970,6
16963723890,169,6372389,0
27148826031,271,4882603,1
98608222295,986,0822229,5
40221233500,402,2123350,0
18967081001,189,6708100,1
86763824231,867,6382423,1
56119242366,561,1924236,6
14824408026,148,2440802,6
95545705574,955,4570557,4
96756778151,967,5677815,1
59213392096,592,1339209,6
95743174101,957,4317410,1
29164897440,291,6489744,0
30330847121,303,3084712,1
33042938964,330,4293896,4
95752709313,957,5270931,3
73040715651,730,4071565,1
67614004931,676,1400493,1
45364111065,453,6411106,5
12262907381,122,6290738,1
47039351725,470,3935172,5
87258326265,872,5832626,5
38599722872,385,9972287,2
58952778515,589,5277851,5
32601179132,326,0117913,2
78787797335,787,8779733,5
58078042235,580,7804223,5
41829726162,418,2972616,2
11021870804,110,2187080,4
74707157550,747,0715755,0
19508309921,195,0830992,1
90876992345,908,7699234,5
89196475455,891,9647545,5
81611877326,816,1187732,6
86222058773,862,2205877,3
25828164092,258,2816409,2
79214948796,792,1494879,6
80816130783,808,1613078,3
42445218870,424,4521887,0
34930980234,349,3098023,4
37665649542,376,6564954,2
53507195315,535,0719531,5
33155676930,331,5567693,0
96248722543,962,4872254,3
13383512875,133,8351287,5
56233304503,562,3330450,3
65001727085,650,0172708,5
42063540712,420,6354071,2
82199854583,821,9985458,3
51991957750,519,9195775,0
13369865052,133,6986505,2
16795060580,167,9506058,0
17046281496,170,4628149,6
72803316602,728,0331660,2
40765866840,407,6586684,0
53321544221,533,2154422,1
49805487651,498,0548765,1
93327034286,933,2703428,6
74527009773,745,2700977,3
74563586805,745,6358680,5
73426699475,734,2669947,5
78377634841,783,7763484,1
83244373831,832,4437383,1
21617742555,216,1774255,5
29489885472,294,8988547,2
42389971864,423,8997186,4
91912779225,919,1277922,5
17884652000,178,8465200,0
31689068935,316,8906893,5
23861857954,238,6185795,4
95091615906,950,9161590,6
77513816730,775,1381673,0
13831641355,138,3164135,5
67708016116,677,0801611,6
70205990555,702,0599055,5
70476656610,704,7665661,0
95139274670,951,3927467,0
18710251571,187,1025157,1
83281030031,832,8103003,1
57787798241,577,8779824,1
99354579476,993,5457947,6
60161383896,601,6138389,6
37811486974,378,1148697,4
42099868094,420,9986809,4
32046452365,320,4645236,5
14615731910,146,1573191,0
53698213960,536,9821396,0
24213858886,242,1385888,6
19052190815,190,5219081,5
14662893114,146,6289311,4
43643217645,436,4321764,5
77817946493,778,1794649,3
36642726624,366,4272662,4
51174838261,511,7483826,1
79092348122,790,9234812,2
43359486072,433,5948607,2
64174988094,641,7498809,4
97003529831,970,0352983,1
91247629283,912,4762928,3
36124174214,361,2417421,4
53094313374,530,9431337,4
60137016311,601,3701631,1
77612879212,776,1287921,2
14399200446,143,9920044,6
11632099782,116,3209978,2
37463065405,374,6306540,5
55063384591,550,6338459,1
90480805342,904,8080534,2
77496901750,774,9690175,0
90155073732,901,5507373,2
50060100950,500,6010095,0
51069030935,510,6903093,5
64335879020,643,3587902,0
52931595422,529,3159542,2
92064353962,920,6435396,2
41502278134,415,0227813,4
94047951943,940,4795194,3
85760238043,857,6023804,3
95210250840,952,1025084,0
78735215051,787,3521505,1
79328093202,793,2809320,2
46182609032,461,8260903,2
26588234664,265,8823466,4
13831419916,138,3141991,6
64981031661,649,8103166,1
41623713166,416,2371316,6
29153244136,291,5324413,6
11489963735,114,8996373,5
30016705161,300,1670516,1
67309177776,673,0917777,6
39246756426,392,4675642,6
90955685181,909,5568518,1
26916006460,269,1600646,0
71275718254,712,7571825,4
63674063343,636,7406334,3
75622844623,756,2284462,3
85309316370,853,0931637,0
93303285175,933,0328517,5
26051689552,260,5168955,2
77832205542,778,3220554,2
75860355553,758,6035555,3
70474396334,704,7439633,4
22879382056,228,7938205,6
63201176254,632,0117625,4
15706321695,157,0632169,5
11160539226,111,6053922,6
55170960480,551,7096048,0
73829428274,738,2942827,4
38413502376,384,1350237,6
91815981332,918,1598133,2
32748315444,327,4831544,4
57156138755,571,5613875,5
63150681116,631,5068111,6
46448299102,464,4829910,2
69878715903,698,7871590,3
84093431135,840,9343113,5
68902889353,689,0288935,3
14159593294,141,5959329,4
13217218502,132,1721850,2
53010650673,530,1065067,3
98753105732,987,5310573,2
10110984740,101,1098474,0
59896818193,598,9681819,3
15805405345,158,0540534,5
65641686102,656,4168610,2
39855463675,398,5546367,5
62497542050,624,9754205,0
19615303334,196,1530333,4
27178572521,271,7857252,1
38688271811,386,8827181,1
14959238994,149,5923899,4
16984508815,169,8450881,5
93105014173,931,0501417,3
34908096711,349,0809671,1
81193870320,811,9387032,0
91387164853,913,8716485,3
80351277591,803,5127759,1
55862687046,558,6268704,6
59805993246,598,0599324,6
42072589186,420,7258918,6
77553355655,775,5335565,5
48428778843,484,2877884,3
71017970275,710,1797027,5
21696057433,216,9605743,3
28243409212,282,4340921,2
41686841322,416,8684132,2
85001133614,850,0113361,4
50137479082,501,3747908,2
35622194450,356,2219445,0
17117502285,171,1750228,5
22455919386,224,5591938,6
81840394793,818,4039479,3
89427364334,894,2736433,4
95051112840,950,5111284,0
33210080040,332,1008004,0
76145812180,761,4581218,0
93647045714,936,4704571,4
79228914964,792,2891496,4
14004148971,140,0414897,1
87898136444,878,9813644,4
10914377540,109,1437754,0
33217873564,332,1787356,4
13670357680,136,7035768,0
80247552323,802,4755232,3
69538987246,695,3898724,6
96388404512,963,8840451,2
23100404101,231,0040410,1
84555030006,845,5503000,6
12663795042,126,6379504,2
98035918852,980,3591885,2
77054770660,770,5477066,0
58044305475,580,4430547,5
96352511901,963,5251190,1
68340947083,683,4094708,3
27429286713,274,2928671,3
28491483572,284,9148357,2
42590599560,425,9059956,0
68629400564,686,2940056,4
25812246804,258,1224680,4
79408423112,794,0842311,2
64318834835,643,1883483,5
43170694292,431,7069429,2
52412124490,524,1212449,0
18800068366,188,0006836,6
66711987551,667,1198755,1
58314889064,583,1488906,4
29071124630,290,7112463,0
17316941573,173,1694157,3
74644823841,746,4482384,1
27885955573,278,8595557,3
17734111956,177,3411195,6
52218712633,522,1871263,3
20572085601,205,7208560,1
10968017472,109,6801747,2
86809619885,868,0961988,5
14691076113,146,9107611,3
48776984113,487,7698411,3
61536345626,615,3634562,6
22132224711,221,3222471,1
89019806284,890,1980628,4
14927783490,149,2778349,0
78560547065,785,6054706,5
41872461031,418,7246103,1
69405702095,694,0570209,5
17386088243,173,8608824,3
30400872525,304,0087252,5
55747177140,557,4717714,0
75181524900,751,8152490,0
53091408043,530,9140804,3
72506632272,725,0663227,2
30506702713,305,0670271,3
71678426532,716,7842653,2
32617609495,326,1760949,5
54538079762,545,3807976,2
35134174932,351,3417493,2
25528563472,255,2856347,2
21301915254,213,0191525,4
19627264182,196,2726418,2
95952581760,959,5258176,0
76709805643,767,0980564,3
33514504473,335,1450447,3
91600039321,916,0003932,1
94780060811,947,8006081,1
43278090272,432,7809027,2
92789712554,927,8971255,4
59414081960,594,1408196,0
72383523551,723,8352355,1
33497881926,334,9788192,6
70259191414,702,5919141,4
31598846123,315,9884612,3
29200789512,292,0078951,2
54463257965,544,6325796,5
21097341146,210,9734114,6
69788326812,697,8832681,2
20345159886,203,4515988,6
81175969862,811,7596986,2
80072853622,800,7285362,2
62233795552,622,3379555,2
95005852194,950,0585219,4
89094841716,890,9484171,6
72520009226,725,2000922,6
85288585873,852,8858587,3
96994674775,969,9467477,5
57204070475,572,0407047,5
70882473321,708,8247332,1
41161563095,411,6156309,5
33400669112,334,0066911,2
68487511485,684,8751148,5
31024077345,310,2407734,5
18667768485,186,6776848,5
16011450924,160,1145092,4
60255584463,602,5558446,3
16415322892,164,1532289,2
58760935194,587,6093519,4
76969394236,769,6939423,6
52696082411,526,9608241,1
89619589556,896,1958955,6
89417524200,894,1752420,0
71166797391,711,6679739,1
81887230024,818,8723002,4
35421955926,354,2195592,6
44767199834,447,6719983,4
74065907985,740,6590798,5
54479596850,544,7959685,0
35023151623,350,2315162,3
85067593424,850,6759342,4
89617322230,896,1732223,0
19694437802,196,9443780,2
77778511836,777,7851183,6
94296552096,942,9655209,6
59567522130,595,6752213,0
74590135481,745,9013548,1
78804684742,788,0468474,2
28718373164,287,1837316,4
61812188072,618,1218807,2
35367803140,353,6780314,0
78876259550,788,7625955,0
95933957142,959,3395714,2
21181300365,211,8130036,5
32883726554,328,8372655,4
98038748620,980,3874862,0
68417222996,684,1722299,6
68191706871,681,9170687,1
72858586845,728,5858684,5
46529423263,465,2942326,3
88675711026,886,7571102,6
82571401264,825,7140126,4
19380329983,193,8032998,3
89803557872,898,0355787,2
14053434551,140,5343455,1
79841349332,798,4134933,2
74649078270,746,4907827,0
54652407502,546,5240750,2
21217211356,212,1721135,6
49340950980,493,4095098,0
10806416136,108,0641613,6
28654285120,286,5428512,0
21985797683,219,8579768,3
94978971702,949,7897170,2
40004060163,400,0406016,3
80007257606,800,0725760,6
70692941574,706,9294157,4
45733671941,457,3367194,1
28079659301,280,7965930,1
39228276454,392,2827645,4
37522466305,375,2246630,5
33937677100,339,3767710,0
55791866793,557,9186679,3
38940896640,389,4089664,0
11239549904,112,3954990,4
10593521045,105,9352104,5
25843035716,258,4303571,6
76163657870,761,6365787,0
70993113004,709,9311300,4
44510860230,445,1086023,0
76095976744,760,9597674,4
78032935241,780,3293524,1
79260804036,792,6080403,6
37507241200,375,0724120,0
23517580692,235,1758069,2
29089654526,290,8965452,6
79544499985,795,4449998,5
77276245960,772,7624596,0
65067061631,650,6706163,1
75802515052,758,0251505,2
11819209446,118,1920944,6
33675323643,336,7532364,3
16507754155,165,0775415,5
11614805354,116,1480535,4
91859839711,918,5983971,1
61911358081,619,1135808,1
35214590860,352,1459086,0
38196701093,381,9670109,3
67453668485,674,5366848,5
22628684272,226,2868427,2
56213056083,562,1305608,3
29922900691,299,2290069,1
33211836791,332,1183679,1
30328087803,303,2808780,3
12021642840,120,2164284,0
42082004600,420,8200460,0
52586943305,525,8694330,5
58032006035,580,3200603,5
65011129745,650,1112974,5
22220441891,222,2044189,1
80559106355,805,5910635,5
79366971862,793,6697186,2
58869064495,588,6906449,5
84939412866,849,3941286,6
99116743511,991,1674351,1
24446441504,244,4644150,4
73615656386,736,1565638,6
44319373430,443,1937343,0
18264977414,182,6497741,4
13301709104,133,0170910,4
17463979233,174,6397923,3
19960029015,199,6002901,5
14281346815,142,8134681,5
61472149826,614,7214982,6
14379754905,143,7975490,5
78526612122,785,2661212,2
20456242574,204,5624257,4
99940494763,999,4049476,3
36898858954,368,9885895,4
15221374610,152,2137461,0
97083491460,970,8349146,0
80228161595,802,2816159,5
69768582712,697,6858271,2
93215329693,932,1532969,3
31675781436,316,7578143,6
53591803313,535,9180331,3
73641071502,736,4107150,2
63421610162,634,2161016,2
23596655395,235,9665539,5
84389841931,843,8984193,1
48870718026,488,7071802,6
70835710013,708,3571001,3
64418266973,644,1826697,3
97349612273,973,4961227,3
91330401296,913,3040129,6
15950438975,159,5043897,5
31900094945,319,0009494,5
71230163225,712,3016322,5
14726817301,147,2681730,1
44216116332,442,1611633,2
54526623045,545,2662304,5
17748551571,177,4855157,1
52180187883,521,8018788,3
38351092515,383,5109251,5
91985195880,919,8519588,0
75211706786,752,1170678,6
61963561820,619,6356182,0
15474120192,154,7412019,2
73971323051,739,7132305,1
31688762426,316,8876242,6
12304534813,123,0453481,3
60310880080,603,1088008,0
41119262561,411,1926256,1
80844639616,808,4463961,6
21396994506,213,9699450,6
99233908142,992,3390814,2
56265879023,562,6587902,3
29246217604,292,4621760,4
67817981440,678,1798144,0
57370197966,573,7019796,6
65391367634,653,9136763,4
23560597352,235,6059735,2
37425064433,374,2506443,3
93003788954,930,0378895,4
87425814936,874,2581493,6
10683715444,106,8371544,4
98018958803,980,1895880,3
37578811294,375,7881129,4
78771867874,787,7186787,4
90943829525,909,4382952,5
53303441052,533,0344105,2
60817277280,608,1727728,0
45504746623,455,0474662,3
75411524344,754,1152434,4
73395545110,733,9554511,0
81057411852,810,5741185,2
94307340785,943,0734078,5
16717614983,167,1761498,3
85625789965,856,2578996,5
32048111883,320,4811188,3
83493601331,834,9360133,1
79758334631,797,5833463,1
62429990636,624,2999063,6
98548860655,985,4886065,5
34720250961,347,2025096,1
38541101281,385,4110128,1
68664692666,686,6469266,6
62432002575,624,3200257,5
17351935653,173,5193565,3
17622143933,176,2214393,3
48728269032,487,2826903,2
95576585905,955,7658590,5
57917665682,579,1766568,2
19680852552,196,8085255,2
80543171885,805,4317188,5
91139129934,911,3912993,4
86470445253,864,7044525,3
91007888680,910,0788868,0
84000064915,840,0006491,5
67600058953,676,0005895,3
53027667101,530,2766710,1
59185863525,591,8586352,5
97526825756,975,2682575,6
62007872633,620,0787263,3
47685869785,476,8586978,5
42508857761,425,0885776,1
18002306053,180,0230605,3
46958537572,469,5853757,2
89630693183,896,3069318,3
62962667242,629,6266724,2
16296440182,162,9644018,2
91294829722,912,9482972,2
91753535264,917,5353526,4
94398679762,943,9867976,2
26201844405,262,0184440,5
42729514261,427,2951426,1
32220063386,322,2006338,6
10140493622,101,4049362,2
49980136853,499,8013685,3
83160820912,831,6082091,2
74461444732,744,6144473,2
29769247785,297,6924778,5
41870267000,418,7026700,0
25174250875,251,7425087,5
72612728121,726,1272812,1
35899447244,358,9944724,4
10430151346,104,3015134,6
50530180302,505,3018030,2
27951687956,279,5168795,6
38315316946,383,1531694,6
67657713804,676,5771380,4
13533526642,135,3352664,2
57915197442,579,1519744,2
17030667102,170,3066710,2
32002116964,320,0211696,4
98135064235,981,3506423,5
60397470125,603,9747012,5
32507317441,325,0731744,1
76149006712,761,4900671,2
45876547121,458,7654712,1
30333248393,303,3324839,3
52830109181,528,3010918,1
28037709256,280,3770925,6
96890840993,968,9084099,3
46005227356,460,0522735,6
78718352123,787,1835212,3
41570885164,415,7088516,4
49731569886,497,3156988,6
66566993171,665,6699317,1
88174136164,881,7413616,4
81851487301,818,5148730,1
15551791394,155,5179139,4
67267524184,672,6752418,4
61752030330,617,5203033,0
50847536703,508,4753670,3
57459801862,574,5980186,2
29059962280,290,5996228,0
83922419215,839,2241921,5
20582177144,205,8217714,4
66668351546,666,6835154,6
91690787803,916,9078780,3
44575941315,445,7594131,5
31478568584,314,7856858,4
92761969103,927,6196910,3
37337251834,373,3725183,4
38906146936,389,0614693,6
10261295035,102,6129503,5
67892158676,678,9215867,6
47989427530,479,8942753,0
56173278784,561,7327878,4
65472496743,654,7249674,3
28722658903,287,2265890,3
78615733571,786,1573357,1
94647973885,946,4797388,5
47596612942,475,9661294,2
80254553350,802,5455335,0
64998570086,649,9857008,6
88733717936,887,3371793,6
57550511585,575,5051158,5
24465933176,244,6593317,6
23573036745,235,7303674,5
51361638830,513,6163883,0
32872683704,328,7268370,4
23518972463,235,1897246,3
73758730301,737,5873030,1
27562771504,275,6277150,4
18370065970,183,7006597,0
44554462455,445,5446245,5
25831696881,258,3169688,1
81327378811,813,2737881,1
53646742402,536,4674240,2
77554808795,775,5480879,5
58934719110,589,3471911,0
14416549761,144,1654976,1
19952426012,199,5242601,2
26473869585,264,7386958,5
96587817904,965,8781790,4
23876538724,238,7653872,4
56793365770,567,9336577,0
77826212673,778,2621267,3
57518629500,575,1862950,0
54851901616,548,5190161,6
14111881755,141,1188175,5
49273566741,492,7356674,1
62609685564,626,0968556,4
18378870536,183,7887053,6
88656098216,886,5609821,6
86333973951,863,3397395,1
65762638792,657,6263879,2
78135783884,781,3578388,4
97200847576,972,0084757,6
38567642873,385,6764287,3
23626172060,236,2617206,0
38069402334,380,6940233,4
70019948930,700,1994893,0
98233254595,982,3325459,5
22392177970,223,9217797,0
14676409505,146,7640950,5
90839835983,908,3983598,3
11448108235,114,4810823,5
12673673905,126,7367390,5
75036209623,750,3620962,3
55382586882,553,8258688,2
33591136523,335,9113652,3
70803681926,708,0368192,6
20561284021,205,6128402,1
85357315234,853,5731523,4
96306345606,963,0634560,6
79994371682,799,9437168,2
44444689534,444,4468953,4
86072033292,860,7203329,2
27856951762,278,5695176,2
83968398790,839,6839879,0
75046406413,750,4640641,3
75856761004,758,5676100,4
76008133801,760,0813380,1
97171564711,971,7156471,1
13109316274,131,0931627,4
97992517441,979,9251744,1
38957373530,389,5737353,0
11867866106,118,6786610,6
97965490125,979,6549012,5
81947363725,819,4736372,5
30911514811,309,1151481,1
90456938356,904,5693835,6
27490706775,274,9070677,5
21393063321,213,9306332,1
57658388091,576,5838809,1
82969348246,829,6934824,6
37853583430,378,5358343,0
23013132942,230,1313294,2
51249267522,512,4926752,2
45739106382,457,3910638,2
45350723126,453,5072312,6
42367058410,423,6705841,0
82844434056,828,4443405,6
21324927715,213,2492771,5
77386293235,773,8629323,5
30911439963,309,1143996,3
17132065534,171,3206553,4
41828846284,418,2884628,4
29782088641,297,8208864,1
78186715444,781,8671544,4
18451559655,184,5155965,5
79625241226,796,2524122,6
45171870445,451,7187044,5
61610932912,616,1093291,2
24894628586,248,9462858,6
63403086385,634,0308638,5
60161464234,601,6146423,4
27545437066,275,4543706,6
91696002020,916,9600202,0
74599174471,745,9917447,1
48588819764,485,8881976,4
26724138814,267,2413881,4
28953651844,289,5365184,4
31211719132,312,1171913,2
98370171533,983,7017153,3
98373341856,983,7334185,6
27413943090,274,1394309,0
20560671961,205,6067196,1
33425406145,334,2540614,5
28313098560,283,1309856,0
64998622480,649,9862248,0
98443356701,984,4335670,1
17744225033,177,4422503,3
27792803040,277,9280304,0
12175101310,121,7510131,0
46245779005,462,4577900,5
24260786372,242,6078637,2
83425448886,834,2544888,6
91769306246,917,6930624,6
74533038282,745,3303828,2
80365690255,803,6569025,5
40969429342,409,6942934,2
36085858270,360,8585827,0
61325139123,613,2513912,3
21454343263,214,5434326,3
47943571181,479,4357118,1
55107694491,551,0769449,1
33105126684,331,0512668,4
14109893736,141,0989373,6
56082003395,560,8200339,5
90268087903,902,6808790,3
83650280013,836,5028001,3
40498468352,404,9846835,2
17029306180,170,2930618,0
17662479732,176,6247973,2
12622002015,126,2200201,5
38944123062,389,4412306,2
80447619882,804,4761988,2
11195386094,111,9538609,4
60490522162,604,9052216,2
87147085900,871,4708590,0
66019554822,660,1955482,2
22386625203,223,8662520,3
85811024512,858,1102451,2
16321060745,163,2106074,5
38286101170,382,8610117,0
29418468521,294,1846852,1
66800859750,668,0085975,0
52445037660,524,4503766,0
19503731895,195,0373189,5
16796396631,167,9639663,1
63634931690,636,3493169,0
55646760570,556,4676057,0
10519441120,105,1944112,0
31984572592,319,8457259,2
19387060533,193,8706053,3
17003543280,170,0354328,0
86403626525,864,0362652,5
32268188976,322,6818897,6
34084981596,340,8498159,6
18008992892,180,0899289,2
48870188526,488,7018852,6
15600794801,156,0079480,1
64033097855,640,3309785,5
91781374070,917,8137407,0
48168212181,481,6821218,1
97681484836,976,8148483,6
75100638474,751,0063847,4
68156895980,681,5689598,0
85370488101,853,7048810,1
93361117641,933,6111764,1
91554182914,915,5418291,4
17692547073,176,9254707,3
12528874375,125,2887437,5
47318432251,473,1843225,1
81040978126,810,4097812,6
44294571605,442,9457160,5
92716214723,927,1621472,3
59432665092,594,3266509,2
56797774625,567,9777462,5
76767641442,767,6764144,2
24458254983,244,5825498,3
24003773581,240,0377358,1
53587302234,535,8730223,4
91244549603,912,4454960,3
62689012583,626,8901258,3
81207848105,812,0784810,5
47475493215,474,7549321,5
49001132663,490,0113266,3
57017269503,570,1726950,3
68763458984,687,6345898,4
27509964635,275,0996463,5
57224325294,572,2432529,4
66191468985,661,9146898,5
10090344501,100,9034450,1
70565543034,705,6554303,4
16485971140,164,8597114,0
76299967515,762,9996751,5
62244188842,622,4418884,2
81242774872,812,4277487,2
85501068512,855,0106851,2
21025820062,210,2582006,2
87379016373,873,7901637,3
26393668520,263,9366852,0
19873849445,198,7384944,5
72458649342,724,5864934,2
12067934070,120,6793407,0
88195006130,881,9500613,0
90649037432,906,4903743,2
49799774050,497,9977405,0
82288111520,822,8811152,0
38464534812,384,6453481,2
11030789084,110,3078908,4
44203188816,442,0318881,6
59637138753,596,3713875,3
21224561612,212,2456161,2
47768338042,477,6833804,2
94725887512,947,2588751,2
15204586504,152,0458650,4
71087961353,710,8796135,3
91746026140,917,4602614,0
26996930771,269,9693077,1
23076649121,230,7664912,1
18905230536,189,0523053,6
51433666453,514,3366645,3
94095039601,940,9503960,1
19256257890,192,5625789,0
16766673166,167,6667316,6
44488128012,444,8812801,2
90354250012,903,5425001,2
77567175484,775,6717548,4
14075168614,140,7516861,4
50924291794,509,2429179,4
78635346180,786,3534618,0
35861836304,358,6183630,4
41500919402,415,0091940,2
80977789330,809,7778933,0
39041608863,390,4160886,3
90774963722,907,7496372,2
37629677442,376,2967744,2
63969703920,639,6970392,0
92946229416,929,4622941,6
22802859472,228,0285947,2
82649479833,826,4947983,3
94285070622,942,8507062,2
92694526363,926,9452636,3
72300543035,723,0054303,5
16079086610,160,7908661,0
56482590632,564,8259063,2
58487838916,584,8783891,6
68452468446,684,5246844,6
31730533920,317,3053392,0
43275640616,432,7564061,6
72454205784,724,5420578,4
90385322225,903,8532222,5
83950727270,839,5072727,0
96241738163,962,4173816,3
33090700784,330,9070078,4
10272022961,102,7202296,1
20375493045,203,7549304,5
54007516972,540,0751697,2
65542663842,655,4266384,2
70921041403,709,2104140,3
82439142470,824,3914247,0
70833469391,708,3346939,1
64909188572,649,0918857,2
46479934766,464,7993476,6
47778896763,477,7889676,3
98890579010,988,9057901,0
90227497833,902,2749783,3
34976275704,349,7627570,4
56333417016,563,3341701,6
62525104272,625,2510427,2
86604869283,866,0486928,3
25969351306,259,6935130,6
50669471234,506,6947123,4
49802975865,498,0297586,5
15173515445,151,7351544,5
21017496790,210,1749679,0
30828643662,308,2864366,2
79172584453,791,7258445,3
91968426514,919,6842651,4
29107650631,291,0765063,1
32794136552,327,9413655,2
89559562720,895,5956272,0
34837764384,348,3776438,4
80458228085,804,5822808,5
11472824853,114,7282485,3
66266216171,662,6621617,1
67338046113,673,3804611,3
90806130161,908,0613016,1
90577449914,905,7744991,4
19663102416,196,6310241,6
85760204006,857,6020400,6
91672109115,916,7210911,5
70933120051,709,3312005,1
84708688305,847,0868830,5
66049859121,660,4985912,1
47650921296,476,5092129,6
61715221421,617,1522142,1
51287890135,512,8789013,5
38031061606,380,3106160,6
95909015750,959,0901575,0
39237650886,392,3765088,6
30461186035,304,6118603,5
18315762505,183,1576250,5
51366941434,513,6694143,4
13337729405,133,3772940,5
89115270565,891,1527056,5
53701918036,537,0191803,6
60279512610,602,7951261,0
93116332583,931,1633258,3
52202664274,522,0266427,4
31307786356,313,0778635,6
77100237963,771,0023796,3
54854719704,548,5471970,4
48053267286,480,5326728,6
11399462270,113,9946227,0
76281745325,762,8174532,5
54089750763,540,8975076,3
26571779795,265,7177979,5
64107148026,641,0714802,6
79460469705,794,6046970,5
92815712053,928,1571205,3
76487140946,764,8714094,6
27521353713,275,2135371,3
27307241162,273,0724116,2
80815030072,808,1503007,2
34487750506,344,8775050,6
72577046623,725,7704662,3
87468161136,874,6816113,6
74003968870,740,0396887,0
93638817144,936,3881714,4
62959111184,629,5911118,4
74240338855,742,4033885,5
86986447085,869,8644708,5
29947339914,299,4733991,4
22899178945,228,9917894,5
91668112306,916,6811230,6
17148161175,171,4816117,5
27334192500,273,3419250,0
84960514622,849,6051462,2
43954482803,439,5448280,3
21007691924,210,0769192,4
71940657043,719,4065704,3
52915997760,529,1599776,0
61119473913,611,1947391,3
37334915722,373,3491572,2
80421242844,804,2124284,4
79590142476,795,9014247,6
57734172243,577,3417224,3
52927161314,529,2716131,4
13269934190,132,6993419,0
57183832503,571,8383250,3
31018547851,310,1854785,1
60570766154,605,7076615,4
78493167164,784,9316716,4
92555530191,925,5553019,1
61463249973,614,6324997,3
31319122534,313,1912253,4
45073466095,450,7346609,5
96474259346,964,7425934,6
18311030681,183,1103068,1
52234547311,522,3454731,1
25186653086,251,8665308,6
67224241984,672,2424198,4
30283898911,302,8389891,1
27872466634,278,7246663,4
42632446742,426,3244674,2
83524193333,835,2419333,3
41324677272,413,2467727,2
64054010893,640,5401089,3
32292683922,322,9268392,2
47586082012,475,8608201,2
68217345823,682,1734582,3
67750080135,677,5008013,5
48144579120,481,4457912,0
70194540322,701,9454032,2
40038425994,400,3842599,4
11183135475,111,8313547,5
40777486443,407,7748644,3
99094508013,990,9450801,3
19505959852,195,0595985,2
66501241675,665,0124167,5
82510857414,825,1085741,4
84113577346,841,1357734,6
42597002363,425,9700236,3
25906002406,259,0600240,6
93395387666,933,9538766,6
87725690951,877,2569095,1
28204053230,282,0405323,0
13500980984,135,0098098,4
40404820760,404,0482076,0
58570308406,585,7030840,6
44096305010,440,9630501,0
58770220191,587,7022019,1
19919229466,199,1922946,6
31194904031,311,9490403,1
68541385341,685,4138534,1
72637385683,726,3738568,3
19066938796,190,6693879,6
23256648755,232,5664875,5
68345221026,683,4522102,6
77823807605,778,2380760,5
52237776354,522,3777635,4
69495600430,694,9560043,0
74081070476,740,8107047,6
65902456653,659,0245665,3
13522935024,135,2293502,4
92987676916,929,8767691,6
47221873980,472,2187398,0
65076869230,650,7686923,0
88636084442,886,3608444,2
99278955356,992,7895535,6
57892245432,578,9224543,2
87147995505,871,4799550,5
72539527241,725,3952724,1
49983664301,499,8366430,1
69933769706,699,3376970,6
69494103251,694,9410325,1
64827376681,648,2737668,1
26202561071,262,0256107,1
25512190931,255,1219093,1
65135028761,651,3502876,1
